{"success":true,"code":"SUCCESS","data":{"states":null,"districts":[{"entityName":"ahmadabad","metric":{"type":"TOTAL","count":2282,"amount":396800.0}},{"entityName":"surat","metric":{"type":"TOTAL","count":1255,"amount":220970.0}},{"entityName":"vadodara","metric":{"type":"TOTAL","count":580,"amount":110090.0}},{"entityName":"rajkot","metric":{"type":"TOTAL","count":545,"amount":96057.0}},{"entityName":"gandhinagar","metric":{"type":"TOTAL","count":509,"amount":92680.0}},{"entityName":"valsad","metric":{"type":"TOTAL","count":348,"amount":64661.0}},{"entityName":"kachchh","metric":{"type":"TOTAL","count":320,"amount":65377.0}},{"entityName":"bharuch","metric":{"type":"TOTAL","count":273,"amount":54151.0}},{"entityName":"mahesana","metric":{"type":"TOTAL","count":192,"amount":39039.0}},{"entityName":"bhavnagar","metric":{"type":"TOTAL","count":148,"amount":28854.0}}],"pincodes":[{"entityName":"360311","metric":{"type":"TOTAL","count":177,"amount":24744.0}},{"entityName":"382481","metric":{"type":"TOTAL","count":165,"amount":27390.0}},{"entityName":"395006","metric":{"type":"TOTAL","count":129,"amount":21058.0}},{"entityName":"380013","metric":{"type":"TOTAL","count":128,"amount":21249.0}},{"entityName":"380015","metric":{"type":"TOTAL","count":120,"amount":19308.0}},{"entityName":"394510","metric":{"type":"TOTAL","count":113,"amount":17771.0}},{"entityName":"382350","metric":{"type":"TOTAL","count":112,"amount":19513.0}},{"entityName":"395010","metric":{"type":"TOTAL","count":102,"amount":16507.0}},{"entityName":"382345","metric":{"type":"TOTAL","count":101,"amount":17013.0}},{"entityName":"395009","metric":{"type":"TOTAL","count":94,"amount":15175.0}}]},"responseTimestamp":1692610830236}