{"success":true,"code":"SUCCESS","data":{"states":null,"districts":[{"entityName":"ahmadabad","metric":{"type":"TOTAL","count":2682,"amount":655107.0}},{"entityName":"surat","metric":{"type":"TOTAL","count":2206,"amount":544354.0}},{"entityName":"vadodara","metric":{"type":"TOTAL","count":1162,"amount":360274.0}},{"entityName":"bharuch","metric":{"type":"TOTAL","count":614,"amount":174068.0}},{"entityName":"kachchh","metric":{"type":"TOTAL","count":583,"amount":164427.0}},{"entityName":"gandhinagar","metric":{"type":"TOTAL","count":562,"amount":162208.0}},{"entityName":"rajkot","metric":{"type":"TOTAL","count":522,"amount":136449.0}},{"entityName":"valsad","metric":{"type":"TOTAL","count":474,"amount":130312.0}},{"entityName":"mahesana","metric":{"type":"TOTAL","count":464,"amount":115807.0}},{"entityName":"banas kantha","metric":{"type":"TOTAL","count":330,"amount":77539.0}}],"pincodes":[{"entityName":"395006","metric":{"type":"TOTAL","count":266,"amount":58537.0}},{"entityName":"395010","metric":{"type":"TOTAL","count":190,"amount":61647.0}},{"entityName":"394210","metric":{"type":"TOTAL","count":183,"amount":36716.0}},{"entityName":"389350","metric":{"type":"TOTAL","count":166,"amount":48132.0}},{"entityName":"396191","metric":{"type":"TOTAL","count":151,"amount":37335.0}},{"entityName":"384265","metric":{"type":"TOTAL","count":150,"amount":32273.0}},{"entityName":"395004","metric":{"type":"TOTAL","count":140,"amount":30135.0}},{"entityName":"382481","metric":{"type":"TOTAL","count":134,"amount":34445.0}},{"entityName":"370511","metric":{"type":"TOTAL","count":124,"amount":31913.0}},{"entityName":"380015","metric":{"type":"TOTAL","count":121,"amount":30494.0}}]},"responseTimestamp":1692610883077}