{"success":true,"code":"SUCCESS","data":{"states":null,"districts":[{"entityName":"ahmadabad","metric":{"type":"TOTAL","count":2306,"amount":1404202.0}},{"entityName":"surat","metric":{"type":"TOTAL","count":1858,"amount":1147153.0}},{"entityName":"vadodara","metric":{"type":"TOTAL","count":748,"amount":468371.0}},{"entityName":"bharuch","metric":{"type":"TOTAL","count":524,"amount":356570.0}},{"entityName":"kachchh","metric":{"type":"TOTAL","count":503,"amount":291840.0}},{"entityName":"valsad","metric":{"type":"TOTAL","count":387,"amount":267121.0}},{"entityName":"gandhinagar","metric":{"type":"TOTAL","count":387,"amount":237333.0}},{"entityName":"mahesana","metric":{"type":"TOTAL","count":324,"amount":192309.0}},{"entityName":"banas kantha","metric":{"type":"TOTAL","count":321,"amount":174192.0}},{"entityName":"rajkot","metric":{"type":"TOTAL","count":321,"amount":181318.0}}],"pincodes":[{"entityName":"395006","metric":{"type":"TOTAL","count":195,"amount":149132.0}},{"entityName":"395010","metric":{"type":"TOTAL","count":180,"amount":81134.0}},{"entityName":"394210","metric":{"type":"TOTAL","count":153,"amount":105200.0}},{"entityName":"382481","metric":{"type":"TOTAL","count":127,"amount":81596.0}},{"entityName":"395012","metric":{"type":"TOTAL","count":115,"amount":64512.0}},{"entityName":"396191","metric":{"type":"TOTAL","count":113,"amount":80206.0}},{"entityName":"395004","metric":{"type":"TOTAL","count":102,"amount":60391.0}},{"entityName":"393002","metric":{"type":"TOTAL","count":100,"amount":71521.0}},{"entityName":"382350","metric":{"type":"TOTAL","count":99,"amount":61871.0}},{"entityName":"389350","metric":{"type":"TOTAL","count":97,"amount":52075.0}}]},"responseTimestamp":1692610934727}