{"success":true,"code":"SUCCESS","data":{"states":null,"districts":[{"entityName":"daman","metric":{"type":"TOTAL","count":234,"amount":150144.0}},{"entityName":"dadra and nagar haveli","metric":{"type":"TOTAL","count":216,"amount":99979.0}},{"entityName":"diu","metric":{"type":"TOTAL","count":17,"amount":35568.0}}],"pincodes":[{"entityName":"396210","metric":{"type":"TOTAL","count":171,"amount":119823.0}},{"entityName":"396230","metric":{"type":"TOTAL","count":159,"amount":71738.0}},{"entityName":"396215","metric":{"type":"TOTAL","count":61,"amount":28918.0}},{"entityName":"396235","metric":{"type":"TOTAL","count":57,"amount":28241.0}},{"entityName":"362571","metric":{"type":"TOTAL","count":10,"amount":29993.0}},{"entityName":"362520","metric":{"type":"TOTAL","count":7,"amount":5575.0}},{"entityName":"396220","metric":{"type":"TOTAL","count":2,"amount":1403.0}}]},"responseTimestamp":1692610964247}