{"success":true,"code":"SUCCESS","data":{"states":null,"districts":[{"entityName":"dadra and nagar haveli","metric":{"type":"TOTAL","count":221,"amount":107039.0}},{"entityName":"daman","metric":{"type":"TOTAL","count":141,"amount":165741.0}},{"entityName":"diu","metric":{"type":"TOTAL","count":6,"amount":2858.0}}],"pincodes":[{"entityName":"396230","metric":{"type":"TOTAL","count":164,"amount":76796.0}},{"entityName":"396210","metric":{"type":"TOTAL","count":82,"amount":119744.0}},{"entityName":"396215","metric":{"type":"TOTAL","count":58,"amount":44500.0}},{"entityName":"396235","metric":{"type":"TOTAL","count":57,"amount":30243.0}},{"entityName":"362520","metric":{"type":"TOTAL","count":3,"amount":956.0}},{"entityName":"362571","metric":{"type":"TOTAL","count":2,"amount":1733.0}},{"entityName":"396220","metric":{"type":"TOTAL","count":1,"amount":1497.0}},{"entityName":"362540","metric":{"type":"TOTAL","count":1,"amount":169.0}}]},"responseTimestamp":1692611016647}