{"success":true,"code":"SUCCESS","data":{"states":null,"districts":[{"entityName":"dadra and nagar haveli","metric":{"type":"TOTAL","count":191,"amount":125786.0}},{"entityName":"daman","metric":{"type":"TOTAL","count":157,"amount":143938.0}},{"entityName":"diu","metric":{"type":"TOTAL","count":12,"amount":3872.0}}],"pincodes":[{"entityName":"396230","metric":{"type":"TOTAL","count":144,"amount":86509.0}},{"entityName":"396210","metric":{"type":"TOTAL","count":116,"amount":118724.0}},{"entityName":"396235","metric":{"type":"TOTAL","count":47,"amount":39277.0}},{"entityName":"396215","metric":{"type":"TOTAL","count":39,"amount":24047.0}},{"entityName":"362571","metric":{"type":"TOTAL","count":9,"amount":1372.0}},{"entityName":"396220","metric":{"type":"TOTAL","count":2,"amount":1167.0}},{"entityName":"362520","metric":{"type":"TOTAL","count":2,"amount":982.0}},{"entityName":"362540","metric":{"type":"TOTAL","count":1,"amount":1518.0}}]},"responseTimestamp":1692611068667}