{"success":true,"code":"SUCCESS","data":{"states":null,"districts":[{"entityName":"dadra and nagar haveli","metric":{"type":"TOTAL","count":244,"amount":207499.0}},{"entityName":"daman","metric":{"type":"TOTAL","count":168,"amount":179850.0}},{"entityName":"diu","metric":{"type":"TOTAL","count":9,"amount":38035.0}}],"pincodes":[{"entityName":"396230","metric":{"type":"TOTAL","count":174,"amount":136491.0}},{"entityName":"396210","metric":{"type":"TOTAL","count":107,"amount":141005.0}},{"entityName":"396235","metric":{"type":"TOTAL","count":70,"amount":71008.0}},{"entityName":"396215","metric":{"type":"TOTAL","count":60,"amount":37393.0}},{"entityName":"362520","metric":{"type":"TOTAL","count":6,"amount":25371.0}},{"entityName":"362571","metric":{"type":"TOTAL","count":2,"amount":12428.0}},{"entityName":"396220","metric":{"type":"TOTAL","count":1,"amount":1452.0}},{"entityName":"362540","metric":{"type":"TOTAL","count":1,"amount":236.0}}]},"responseTimestamp":1692611120163}