{"success":true,"code":"SUCCESS","data":{"states":null,"districts":[{"entityName":"jammu","metric":{"type":"TOTAL","count":90,"amount":20793.0}},{"entityName":"udhampur","metric":{"type":"TOTAL","count":15,"amount":3721.0}},{"entityName":"srinagar","metric":{"type":"TOTAL","count":13,"amount":3764.0}},{"entityName":"samba","metric":{"type":"TOTAL","count":12,"amount":2538.0}},{"entityName":"kupwara","metric":{"type":"TOTAL","count":11,"amount":1669.0}},{"entityName":"rajouri","metric":{"type":"TOTAL","count":10,"amount":1961.0}},{"entityName":"kathua","metric":{"type":"TOTAL","count":9,"amount":2171.0}},{"entityName":"baramulla","metric":{"type":"TOTAL","count":8,"amount":2309.0}},{"entityName":"reasi","metric":{"type":"TOTAL","count":7,"amount":1356.0}},{"entityName":"pulwama","metric":{"type":"TOTAL","count":6,"amount":1637.0}}],"pincodes":[{"entityName":"182101","metric":{"type":"TOTAL","count":12,"amount":2961.0}},{"entityName":"180011","metric":{"type":"TOTAL","count":11,"amount":2936.0}},{"entityName":"193222","metric":{"type":"TOTAL","count":10,"amount":1387.0}},{"entityName":"180001","metric":{"type":"TOTAL","count":10,"amount":1519.0}},{"entityName":"181133","metric":{"type":"TOTAL","count":8,"amount":1496.0}},{"entityName":"180003","metric":{"type":"TOTAL","count":7,"amount":1987.0}},{"entityName":"182312","metric":{"type":"TOTAL","count":7,"amount":1356.0}},{"entityName":"180010","metric":{"type":"TOTAL","count":5,"amount":1037.0}},{"entityName":"181101","metric":{"type":"TOTAL","count":5,"amount":975.0}},{"entityName":"180015","metric":{"type":"TOTAL","count":5,"amount":986.0}}]},"responseTimestamp":1692610837172}