{"success":true,"code":"SUCCESS","data":{"states":null,"districts":[{"entityName":"jammu","metric":{"type":"TOTAL","count":178,"amount":57768.0}},{"entityName":"srinagar","metric":{"type":"TOTAL","count":37,"amount":12500.0}},{"entityName":"baramulla","metric":{"type":"TOTAL","count":31,"amount":7873.0}},{"entityName":"samba","metric":{"type":"TOTAL","count":26,"amount":7652.0}},{"entityName":"kathua","metric":{"type":"TOTAL","count":25,"amount":6856.0}},{"entityName":"budgam","metric":{"type":"TOTAL","count":23,"amount":6888.0}},{"entityName":"rajouri","metric":{"type":"TOTAL","count":18,"amount":4443.0}},{"entityName":"udhampur","metric":{"type":"TOTAL","count":15,"amount":2284.0}},{"entityName":"kupwara","metric":{"type":"TOTAL","count":15,"amount":5610.0}},{"entityName":"reasi","metric":{"type":"TOTAL","count":14,"amount":5059.0}}],"pincodes":[{"entityName":"180005","metric":{"type":"TOTAL","count":24,"amount":11779.0}},{"entityName":"180001","metric":{"type":"TOTAL","count":18,"amount":6494.0}},{"entityName":"180012","metric":{"type":"TOTAL","count":14,"amount":4315.0}},{"entityName":"190001","metric":{"type":"TOTAL","count":13,"amount":3652.0}},{"entityName":"181133","metric":{"type":"TOTAL","count":13,"amount":2699.0}},{"entityName":"180020","metric":{"type":"TOTAL","count":13,"amount":3941.0}},{"entityName":"181205","metric":{"type":"TOTAL","count":11,"amount":4384.0}},{"entityName":"182101","metric":{"type":"TOTAL","count":10,"amount":1109.0}},{"entityName":"180003","metric":{"type":"TOTAL","count":9,"amount":1970.0}},{"entityName":"180002","metric":{"type":"TOTAL","count":9,"amount":2873.0}}]},"responseTimestamp":1692610890081}