{"success":true,"code":"SUCCESS","data":{"states":null,"districts":[{"entityName":"jammu","metric":{"type":"TOTAL","count":220,"amount":234831.0}},{"entityName":"samba","metric":{"type":"TOTAL","count":55,"amount":52801.0}},{"entityName":"srinagar","metric":{"type":"TOTAL","count":48,"amount":71117.0}},{"entityName":"kathua","metric":{"type":"TOTAL","count":42,"amount":48827.0}},{"entityName":"udhampur","metric":{"type":"TOTAL","count":39,"amount":38569.0}},{"entityName":"reasi","metric":{"type":"TOTAL","count":34,"amount":26958.0}},{"entityName":"baramulla","metric":{"type":"TOTAL","count":29,"amount":26838.0}},{"entityName":"kupwara","metric":{"type":"TOTAL","count":26,"amount":21107.0}},{"entityName":"budgam","metric":{"type":"TOTAL","count":26,"amount":47506.0}},{"entityName":"poonch","metric":{"type":"TOTAL","count":23,"amount":26902.0}}],"pincodes":[{"entityName":"180011","metric":{"type":"TOTAL","count":20,"amount":8723.0}},{"entityName":"182101","metric":{"type":"TOTAL","count":20,"amount":12843.0}},{"entityName":"181201","metric":{"type":"TOTAL","count":19,"amount":19531.0}},{"entityName":"185203","metric":{"type":"TOTAL","count":17,"amount":15613.0}},{"entityName":"180020","metric":{"type":"TOTAL","count":16,"amount":18924.0}},{"entityName":"184121","metric":{"type":"TOTAL","count":15,"amount":11521.0}},{"entityName":"181133","metric":{"type":"TOTAL","count":14,"amount":16253.0}},{"entityName":"185101","metric":{"type":"TOTAL","count":13,"amount":14389.0}},{"entityName":"181101","metric":{"type":"TOTAL","count":13,"amount":6346.0}},{"entityName":"184120","metric":{"type":"TOTAL","count":13,"amount":11974.0}}]},"responseTimestamp":1692610941739}