{"success":true,"code":"SUCCESS","data":{"states":null,"districts":[{"entityName":"visakhapatnam","metric":{"type":"TOTAL","count":3504,"amount":614212.0}},{"entityName":"anantapur","metric":{"type":"TOTAL","count":2739,"amount":485777.0}},{"entityName":"krishna","metric":{"type":"TOTAL","count":2698,"amount":475539.0}},{"entityName":"chittoor","metric":{"type":"TOTAL","count":2228,"amount":395099.0}},{"entityName":"ysr","metric":{"type":"TOTAL","count":1978,"amount":343002.0}},{"entityName":"guntur","metric":{"type":"TOTAL","count":1938,"amount":344326.0}},{"entityName":"east godavari","metric":{"type":"TOTAL","count":1913,"amount":352220.0}},{"entityName":"west godavari","metric":{"type":"TOTAL","count":1074,"amount":202289.0}},{"entityName":"spsr nellore","metric":{"type":"TOTAL","count":931,"amount":176423.0}},{"entityName":"vizianagaram","metric":{"type":"TOTAL","count":893,"amount":166029.0}}],"pincodes":[{"entityName":"515001","metric":{"type":"TOTAL","count":540,"amount":86088.0}},{"entityName":"515004","metric":{"type":"TOTAL","count":437,"amount":71761.0}},{"entityName":"516360","metric":{"type":"TOTAL","count":339,"amount":55455.0}},{"entityName":"516001","metric":{"type":"TOTAL","count":322,"amount":50705.0}},{"entityName":"533005","metric":{"type":"TOTAL","count":301,"amount":46454.0}},{"entityName":"517002","metric":{"type":"TOTAL","count":279,"amount":43236.0}},{"entityName":"530016","metric":{"type":"TOTAL","count":262,"amount":41153.0}},{"entityName":"517501","metric":{"type":"TOTAL","count":259,"amount":43013.0}},{"entityName":"533103","metric":{"type":"TOTAL","count":258,"amount":43311.0}},{"entityName":"515671","metric":{"type":"TOTAL","count":250,"amount":43610.0}}]},"responseTimestamp":1692610800835}