{"success":true,"code":"SUCCESS","data":{"states":null,"districts":[{"entityName":"visakhapatnam","metric":{"type":"TOTAL","count":7906,"amount":1892376.0}},{"entityName":"spsr nellore","metric":{"type":"TOTAL","count":5509,"amount":1259159.0}},{"entityName":"krishna","metric":{"type":"TOTAL","count":4519,"amount":1093882.0}},{"entityName":"chittoor","metric":{"type":"TOTAL","count":4422,"amount":1178762.0}},{"entityName":"guntur","metric":{"type":"TOTAL","count":4230,"amount":1083584.0}},{"entityName":"east godavari","metric":{"type":"TOTAL","count":3783,"amount":970549.0}},{"entityName":"kurnool","metric":{"type":"TOTAL","count":3493,"amount":841970.0}},{"entityName":"ysr","metric":{"type":"TOTAL","count":3397,"amount":847519.0}},{"entityName":"vizianagaram","metric":{"type":"TOTAL","count":2999,"amount":691281.0}},{"entityName":"anantapur","metric":{"type":"TOTAL","count":2911,"amount":764850.0}}],"pincodes":[{"entityName":"535003","metric":{"type":"TOTAL","count":968,"amount":195870.0}},{"entityName":"524004","metric":{"type":"TOTAL","count":795,"amount":165322.0}},{"entityName":"517501","metric":{"type":"TOTAL","count":777,"amount":172113.0}},{"entityName":"517507","metric":{"type":"TOTAL","count":776,"amount":201732.0}},{"entityName":"516001","metric":{"type":"TOTAL","count":746,"amount":161284.0}},{"entityName":"524002","metric":{"type":"TOTAL","count":663,"amount":143659.0}},{"entityName":"530016","metric":{"type":"TOTAL","count":661,"amount":156016.0}},{"entityName":"524003","metric":{"type":"TOTAL","count":608,"amount":128862.0}},{"entityName":"520010","metric":{"type":"TOTAL","count":542,"amount":116222.0}},{"entityName":"516360","metric":{"type":"TOTAL","count":532,"amount":135236.0}}]},"responseTimestamp":1692610852338}