{"success":true,"code":"SUCCESS","data":{"states":null,"districts":[{"entityName":"visakhapatnam","metric":{"type":"TOTAL","count":3464,"amount":2203761.0}},{"entityName":"guntur","metric":{"type":"TOTAL","count":2570,"amount":1620649.0}},{"entityName":"krishna","metric":{"type":"TOTAL","count":2311,"amount":1222782.0}},{"entityName":"east godavari","metric":{"type":"TOTAL","count":1965,"amount":1355741.0}},{"entityName":"chittoor","metric":{"type":"TOTAL","count":1727,"amount":1168506.0}},{"entityName":"anantapur","metric":{"type":"TOTAL","count":1534,"amount":794053.0}},{"entityName":"west godavari","metric":{"type":"TOTAL","count":1390,"amount":906282.0}},{"entityName":"spsr nellore","metric":{"type":"TOTAL","count":1348,"amount":810758.0}},{"entityName":"prakasam","metric":{"type":"TOTAL","count":1190,"amount":572976.0}},{"entityName":"ysr","metric":{"type":"TOTAL","count":1165,"amount":631876.0}}],"pincodes":[{"entityName":"515001","metric":{"type":"TOTAL","count":292,"amount":120291.0}},{"entityName":"516001","metric":{"type":"TOTAL","count":260,"amount":110284.0}},{"entityName":"517501","metric":{"type":"TOTAL","count":234,"amount":139080.0}},{"entityName":"530016","metric":{"type":"TOTAL","count":233,"amount":101891.0}},{"entityName":"517507","metric":{"type":"TOTAL","count":228,"amount":123376.0}},{"entityName":"530026","metric":{"type":"TOTAL","count":215,"amount":132499.0}},{"entityName":"524002","metric":{"type":"TOTAL","count":211,"amount":99952.0}},{"entityName":"522004","metric":{"type":"TOTAL","count":201,"amount":102846.0}},{"entityName":"522001","metric":{"type":"TOTAL","count":196,"amount":110129.0}},{"entityName":"522003","metric":{"type":"TOTAL","count":181,"amount":79955.0}}]},"responseTimestamp":1692610905470}