{"success":true,"code":"SUCCESS","data":{"states":null,"districts":[{"entityName":"ahmadabad","metric":{"type":"TOTAL","count":8530,"amount":1.1389837E7}},{"entityName":"surat","metric":{"type":"TOTAL","count":8426,"amount":9641022.0}},{"entityName":"vadodara","metric":{"type":"TOTAL","count":1954,"amount":3124485.0}},{"entityName":"rajkot","metric":{"type":"TOTAL","count":1601,"amount":2385641.0}},{"entityName":"valsad","metric":{"type":"TOTAL","count":1434,"amount":2301774.0}},{"entityName":"kachchh","metric":{"type":"TOTAL","count":1315,"amount":1898195.0}},{"entityName":"gandhinagar","metric":{"type":"TOTAL","count":1288,"amount":2310699.0}},{"entityName":"bharuch","metric":{"type":"TOTAL","count":1216,"amount":1826288.0}},{"entityName":"bhavnagar","metric":{"type":"TOTAL","count":657,"amount":955529.0}},{"entityName":"mahesana","metric":{"type":"TOTAL","count":622,"amount":1242341.0}}],"pincodes":[{"entityName":"394210","metric":{"type":"TOTAL","count":1001,"amount":1073416.0}},{"entityName":"395010","metric":{"type":"TOTAL","count":818,"amount":857535.0}},{"entityName":"395006","metric":{"type":"TOTAL","count":618,"amount":670206.0}},{"entityName":"395007","metric":{"type":"TOTAL","count":511,"amount":608545.0}},{"entityName":"395003","metric":{"type":"TOTAL","count":493,"amount":516547.0}},{"entityName":"394221","metric":{"type":"TOTAL","count":473,"amount":463064.0}},{"entityName":"395002","metric":{"type":"TOTAL","count":452,"amount":449111.0}},{"entityName":"396191","metric":{"type":"TOTAL","count":447,"amount":616275.0}},{"entityName":"394230","metric":{"type":"TOTAL","count":410,"amount":409772.0}},{"entityName":"382345","metric":{"type":"TOTAL","count":384,"amount":575965.0}}]},"responseTimestamp":1692619194131}