{"success":true,"code":"SUCCESS","data":{"states":null,"districts":[{"entityName":"ahmadabad","metric":{"type":"TOTAL","count":9078,"amount":1.192037E7}},{"entityName":"surat","metric":{"type":"TOTAL","count":6993,"amount":8153676.0}},{"entityName":"vadodara","metric":{"type":"TOTAL","count":2055,"amount":3482569.0}},{"entityName":"rajkot","metric":{"type":"TOTAL","count":1718,"amount":2477120.0}},{"entityName":"gandhinagar","metric":{"type":"TOTAL","count":1496,"amount":2467953.0}},{"entityName":"valsad","metric":{"type":"TOTAL","count":1427,"amount":2277522.0}},{"entityName":"kachchh","metric":{"type":"TOTAL","count":1366,"amount":1915160.0}},{"entityName":"bharuch","metric":{"type":"TOTAL","count":1114,"amount":1801068.0}},{"entityName":"bhavnagar","metric":{"type":"TOTAL","count":767,"amount":873266.0}},{"entityName":"banas kantha","metric":{"type":"TOTAL","count":690,"amount":1193324.0}}],"pincodes":[{"entityName":"395010","metric":{"type":"TOTAL","count":685,"amount":714994.0}},{"entityName":"394210","metric":{"type":"TOTAL","count":649,"amount":653790.0}},{"entityName":"395006","metric":{"type":"TOTAL","count":590,"amount":564875.0}},{"entityName":"396191","metric":{"type":"TOTAL","count":511,"amount":662391.0}},{"entityName":"382350","metric":{"type":"TOTAL","count":440,"amount":532958.0}},{"entityName":"382415","metric":{"type":"TOTAL","count":437,"amount":558684.0}},{"entityName":"395003","metric":{"type":"TOTAL","count":435,"amount":466395.0}},{"entityName":"382481","metric":{"type":"TOTAL","count":431,"amount":588420.0}},{"entityName":"382330","metric":{"type":"TOTAL","count":429,"amount":596709.0}},{"entityName":"395007","metric":{"type":"TOTAL","count":399,"amount":520101.0}}]},"responseTimestamp":1692619375570}