{"success":true,"code":"SUCCESS","data":{"states":null,"districts":[{"entityName":"ahmadabad","metric":{"type":"TOTAL","count":13645,"amount":1.6204152E7}},{"entityName":"surat","metric":{"type":"TOTAL","count":13306,"amount":1.3249715E7}},{"entityName":"vadodara","metric":{"type":"TOTAL","count":2630,"amount":3955251.0}},{"entityName":"rajkot","metric":{"type":"TOTAL","count":2289,"amount":3157047.0}},{"entityName":"gandhinagar","metric":{"type":"TOTAL","count":2270,"amount":3606515.0}},{"entityName":"kachchh","metric":{"type":"TOTAL","count":2111,"amount":2799676.0}},{"entityName":"valsad","metric":{"type":"TOTAL","count":1912,"amount":2584154.0}},{"entityName":"bharuch","metric":{"type":"TOTAL","count":1777,"amount":2345201.0}},{"entityName":"bhavnagar","metric":{"type":"TOTAL","count":1099,"amount":1299978.0}},{"entityName":"banas kantha","metric":{"type":"TOTAL","count":940,"amount":1540747.0}}],"pincodes":[{"entityName":"395006","metric":{"type":"TOTAL","count":1451,"amount":1257464.0}},{"entityName":"395010","metric":{"type":"TOTAL","count":1354,"amount":1163669.0}},{"entityName":"394210","metric":{"type":"TOTAL","count":1247,"amount":1192187.0}},{"entityName":"395003","metric":{"type":"TOTAL","count":886,"amount":797374.0}},{"entityName":"395004","metric":{"type":"TOTAL","count":752,"amount":770323.0}},{"entityName":"395002","metric":{"type":"TOTAL","count":691,"amount":598001.0}},{"entityName":"382350","metric":{"type":"TOTAL","count":687,"amount":804798.0}},{"entityName":"382415","metric":{"type":"TOTAL","count":674,"amount":792375.0}},{"entityName":"395007","metric":{"type":"TOTAL","count":668,"amount":762069.0}},{"entityName":"396191","metric":{"type":"TOTAL","count":635,"amount":809380.0}}]},"responseTimestamp":1697612221250}