{"success":true,"code":"SUCCESS","data":{"states":null,"districts":[{"entityName":"ahmadabad","metric":{"type":"TOTAL","count":10344,"amount":1.6047139E7}},{"entityName":"surat","metric":{"type":"TOTAL","count":8196,"amount":1.1477882E7}},{"entityName":"vadodara","metric":{"type":"TOTAL","count":2756,"amount":4865088.0}},{"entityName":"rajkot","metric":{"type":"TOTAL","count":2109,"amount":3364383.0}},{"entityName":"valsad","metric":{"type":"TOTAL","count":2030,"amount":3301560.0}},{"entityName":"kachchh","metric":{"type":"TOTAL","count":1972,"amount":2767311.0}},{"entityName":"gandhinagar","metric":{"type":"TOTAL","count":1952,"amount":3618581.0}},{"entityName":"bharuch","metric":{"type":"TOTAL","count":1750,"amount":2901972.0}},{"entityName":"bhavnagar","metric":{"type":"TOTAL","count":971,"amount":1371224.0}},{"entityName":"banas kantha","metric":{"type":"TOTAL","count":955,"amount":1817338.0}}],"pincodes":[{"entityName":"394210","metric":{"type":"TOTAL","count":816,"amount":966984.0}},{"entityName":"395010","metric":{"type":"TOTAL","count":782,"amount":1044876.0}},{"entityName":"396191","metric":{"type":"TOTAL","count":710,"amount":1034784.0}},{"entityName":"395006","metric":{"type":"TOTAL","count":638,"amount":960206.0}},{"entityName":"382481","metric":{"type":"TOTAL","count":491,"amount":749838.0}},{"entityName":"382415","metric":{"type":"TOTAL","count":478,"amount":740155.0}},{"entityName":"382350","metric":{"type":"TOTAL","count":455,"amount":756630.0}},{"entityName":"395007","metric":{"type":"TOTAL","count":440,"amount":672598.0}},{"entityName":"395003","metric":{"type":"TOTAL","count":426,"amount":536867.0}},{"entityName":"382330","metric":{"type":"TOTAL","count":425,"amount":765464.0}}]},"responseTimestamp":1706092875188}