{"success":true,"code":"SUCCESS","data":{"states":[{"entityName":"karnataka","metric":{"type":"TOTAL","count":127376,"amount":1.86543426E8}},{"entityName":"maharashtra","metric":{"type":"TOTAL","count":112174,"amount":1.66596248E8}},{"entityName":"tamil nadu","metric":{"type":"TOTAL","count":90690,"amount":1.16710222E8}},{"entityName":"uttar pradesh","metric":{"type":"TOTAL","count":73080,"amount":1.27110494E8}},{"entityName":"kerala","metric":{"type":"TOTAL","count":62377,"amount":1.01786828E8}},{"entityName":"west bengal","metric":{"type":"TOTAL","count":56833,"amount":7.7461732E7}},{"entityName":"telangana","metric":{"type":"TOTAL","count":54508,"amount":8.2678207E7}},{"entityName":"delhi","metric":{"type":"TOTAL","count":45821,"amount":6.1040038E7}},{"entityName":"haryana","metric":{"type":"TOTAL","count":37287,"amount":6.1127194E7}},{"entityName":"andhra pradesh","metric":{"type":"TOTAL","count":34920,"amount":5.1963355E7}}],"districts":[{"entityName":"bengaluru urban","metric":{"type":"TOTAL","count":75238,"amount":1.0382903E8}},{"entityName":"pune","metric":{"type":"TOTAL","count":24852,"amount":3.738815E7}},{"entityName":"chennai","metric":{"type":"TOTAL","count":20140,"amount":2.0511279E7}},{"entityName":"thane","metric":{"type":"TOTAL","count":18419,"amount":2.3430698E7}},{"entityName":"mumbai suburban","metric":{"type":"TOTAL","count":14976,"amount":1.7928673E7}},{"entityName":"rangareddy","metric":{"type":"TOTAL","count":13622,"amount":2.1152107E7}},{"entityName":"thiruvallur","metric":{"type":"TOTAL","count":11786,"amount":1.3822733E7}},{"entityName":"medchal malkajgiri","metric":{"type":"TOTAL","count":11454,"amount":1.6935012E7}},{"entityName":"north twenty four parganas","metric":{"type":"TOTAL","count":11211,"amount":1.5232572E7}},{"entityName":"ernakulam","metric":{"type":"TOTAL","count":11073,"amount":1.7476806E7}}],"pincodes":[{"entityName":"560068","metric":{"type":"TOTAL","count":3214,"amount":4091377.0}},{"entityName":"560043","metric":{"type":"TOTAL","count":2365,"amount":3356228.0}},{"entityName":"560076","metric":{"type":"TOTAL","count":2282,"amount":3399622.0}},{"entityName":"560037","metric":{"type":"TOTAL","count":2272,"amount":3261324.0}},{"entityName":"500072","metric":{"type":"TOTAL","count":2244,"amount":3175666.0}},{"entityName":"201301","metric":{"type":"TOTAL","count":2080,"amount":2580701.0}},{"entityName":"560078","metric":{"type":"TOTAL","count":2018,"amount":2904918.0}},{"entityName":"122001","metric":{"type":"TOTAL","count":2018,"amount":2513445.0}},{"entityName":"560058","metric":{"type":"TOTAL","count":1931,"amount":2145047.0}},{"entityName":"411057","metric":{"type":"TOTAL","count":1914,"amount":2708878.0}}]},"responseTimestamp":1692619156594}