{"success":true,"code":"SUCCESS","data":{"states":[{"entityName":"karnataka","metric":{"type":"TOTAL","count":117232,"amount":1.75704013E8}},{"entityName":"maharashtra","metric":{"type":"TOTAL","count":102754,"amount":1.57303399E8}},{"entityName":"tamil nadu","metric":{"type":"TOTAL","count":79698,"amount":1.05328191E8}},{"entityName":"uttar pradesh","metric":{"type":"TOTAL","count":74194,"amount":1.22522457E8}},{"entityName":"kerala","metric":{"type":"TOTAL","count":61032,"amount":1.00620604E8}},{"entityName":"telangana","metric":{"type":"TOTAL","count":55118,"amount":7.9238968E7}},{"entityName":"west bengal","metric":{"type":"TOTAL","count":49792,"amount":6.520428E7}},{"entityName":"delhi","metric":{"type":"TOTAL","count":41358,"amount":5.4951108E7}},{"entityName":"haryana","metric":{"type":"TOTAL","count":40710,"amount":6.2186066E7}},{"entityName":"rajasthan","metric":{"type":"TOTAL","count":37170,"amount":6.1301449E7}}],"districts":[{"entityName":"bengaluru urban","metric":{"type":"TOTAL","count":69812,"amount":9.9096628E7}},{"entityName":"pune","metric":{"type":"TOTAL","count":25943,"amount":3.9373541E7}},{"entityName":"chennai","metric":{"type":"TOTAL","count":15678,"amount":1.6453783E7}},{"entityName":"thane","metric":{"type":"TOTAL","count":15403,"amount":2.044202E7}},{"entityName":"rangareddy","metric":{"type":"TOTAL","count":13998,"amount":2.0753771E7}},{"entityName":"mumbai suburban","metric":{"type":"TOTAL","count":12717,"amount":1.5575502E7}},{"entityName":"medchal malkajgiri","metric":{"type":"TOTAL","count":11833,"amount":1.7077694E7}},{"entityName":"gurugram","metric":{"type":"TOTAL","count":11759,"amount":1.5891257E7}},{"entityName":"jaipur","metric":{"type":"TOTAL","count":11344,"amount":1.6436901E7}},{"entityName":"thiruvallur","metric":{"type":"TOTAL","count":10840,"amount":1.2569262E7}}],"pincodes":[{"entityName":"560068","metric":{"type":"TOTAL","count":3141,"amount":3959944.0}},{"entityName":"560037","metric":{"type":"TOTAL","count":2575,"amount":3376141.0}},{"entityName":"500072","metric":{"type":"TOTAL","count":2534,"amount":3686902.0}},{"entityName":"560076","metric":{"type":"TOTAL","count":2184,"amount":3330509.0}},{"entityName":"122001","metric":{"type":"TOTAL","count":2154,"amount":2955207.0}},{"entityName":"560043","metric":{"type":"TOTAL","count":2126,"amount":3158190.0}},{"entityName":"560078","metric":{"type":"TOTAL","count":2051,"amount":2883618.0}},{"entityName":"201301","metric":{"type":"TOTAL","count":1992,"amount":2418828.0}},{"entityName":"411057","metric":{"type":"TOTAL","count":1944,"amount":2581267.0}},{"entityName":"560100","metric":{"type":"TOTAL","count":1843,"amount":2510992.0}}]},"responseTimestamp":1692619338756}