{"success":true,"code":"SUCCESS","data":{"states":[{"entityName":"karnataka","metric":{"type":"TOTAL","count":139699,"amount":1.99448538E8}},{"entityName":"maharashtra","metric":{"type":"TOTAL","count":104872,"amount":1.51171882E8}},{"entityName":"tamil nadu","metric":{"type":"TOTAL","count":91069,"amount":1.14625593E8}},{"entityName":"uttar pradesh","metric":{"type":"TOTAL","count":78940,"amount":1.2148317E8}},{"entityName":"kerala","metric":{"type":"TOTAL","count":66059,"amount":1.10021582E8}},{"entityName":"telangana","metric":{"type":"TOTAL","count":61523,"amount":8.4397465E7}},{"entityName":"west bengal","metric":{"type":"TOTAL","count":58131,"amount":7.6359312E7}},{"entityName":"gujarat","metric":{"type":"TOTAL","count":51049,"amount":6.5768085E7}},{"entityName":"delhi","metric":{"type":"TOTAL","count":47113,"amount":5.88785E7}},{"entityName":"andhra pradesh","metric":{"type":"TOTAL","count":43150,"amount":5.7802396E7}}],"districts":[{"entityName":"bengaluru urban","metric":{"type":"TOTAL","count":81520,"amount":1.09497225E8}},{"entityName":"pune","metric":{"type":"TOTAL","count":25053,"amount":3.6210265E7}},{"entityName":"chennai","metric":{"type":"TOTAL","count":17189,"amount":1.6904783E7}},{"entityName":"rangareddy","metric":{"type":"TOTAL","count":16236,"amount":2.3374057E7}},{"entityName":"thane","metric":{"type":"TOTAL","count":14544,"amount":1.8428928E7}},{"entityName":"ahmadabad","metric":{"type":"TOTAL","count":13645,"amount":1.6204152E7}},{"entityName":"gurugram","metric":{"type":"TOTAL","count":13467,"amount":1.679607E7}},{"entityName":"surat","metric":{"type":"TOTAL","count":13306,"amount":1.3249715E7}},{"entityName":"medchal malkajgiri","metric":{"type":"TOTAL","count":13044,"amount":1.7698951E7}},{"entityName":"mumbai suburban","metric":{"type":"TOTAL","count":12754,"amount":1.4762376E7}}],"pincodes":[{"entityName":"560068","metric":{"type":"TOTAL","count":3688,"amount":4646310.0}},{"entityName":"560037","metric":{"type":"TOTAL","count":2892,"amount":3957250.0}},{"entityName":"500072","metric":{"type":"TOTAL","count":2646,"amount":3365765.0}},{"entityName":"560076","metric":{"type":"TOTAL","count":2534,"amount":3590807.0}},{"entityName":"122001","metric":{"type":"TOTAL","count":2457,"amount":3051171.0}},{"entityName":"560043","metric":{"type":"TOTAL","count":2443,"amount":3288213.0}},{"entityName":"560078","metric":{"type":"TOTAL","count":2402,"amount":3244684.0}},{"entityName":"201301","metric":{"type":"TOTAL","count":2320,"amount":2626339.0}},{"entityName":"560100","metric":{"type":"TOTAL","count":2147,"amount":2864673.0}},{"entityName":"411057","metric":{"type":"TOTAL","count":2098,"amount":2821693.0}}]},"responseTimestamp":1697612170585}