{"success":true,"code":"SUCCESS","data":{"states":[{"entityName":"karnataka","metric":{"type":"TOTAL","count":156076,"amount":2.48056311E8}},{"entityName":"maharashtra","metric":{"type":"TOTAL","count":136968,"amount":2.17657114E8}},{"entityName":"tamil nadu","metric":{"type":"TOTAL","count":104871,"amount":1.39433796E8}},{"entityName":"uttar pradesh","metric":{"type":"TOTAL","count":92125,"amount":1.65509877E8}},{"entityName":"kerala","metric":{"type":"TOTAL","count":73543,"amount":1.21905046E8}},{"entityName":"west bengal","metric":{"type":"TOTAL","count":72712,"amount":1.00365562E8}},{"entityName":"telangana","metric":{"type":"TOTAL","count":63993,"amount":1.05605522E8}},{"entityName":"delhi","metric":{"type":"TOTAL","count":56336,"amount":7.7332401E7}},{"entityName":"rajasthan","metric":{"type":"TOTAL","count":49741,"amount":9.4701652E7}},{"entityName":"haryana","metric":{"type":"TOTAL","count":47506,"amount":8.0747159E7}}],"districts":[{"entityName":"bengaluru urban","metric":{"type":"TOTAL","count":88349,"amount":1.33137089E8}},{"entityName":"pune","metric":{"type":"TOTAL","count":30243,"amount":5.0492209E7}},{"entityName":"thane","metric":{"type":"TOTAL","count":21339,"amount":2.8481783E7}},{"entityName":"mumbai suburban","metric":{"type":"TOTAL","count":18186,"amount":2.2723247E7}},{"entityName":"chennai","metric":{"type":"TOTAL","count":18144,"amount":1.9953865E7}},{"entityName":"rangareddy","metric":{"type":"TOTAL","count":16541,"amount":2.9175361E7}},{"entityName":"jaipur","metric":{"type":"TOTAL","count":14759,"amount":2.5167653E7}},{"entityName":"gurugram","metric":{"type":"TOTAL","count":14118,"amount":2.0950373E7}},{"entityName":"north twenty four parganas","metric":{"type":"TOTAL","count":13483,"amount":1.9211808E7}},{"entityName":"ernakulam","metric":{"type":"TOTAL","count":13336,"amount":2.1283249E7}}],"pincodes":[{"entityName":"560068","metric":{"type":"TOTAL","count":3947,"amount":5606578.0}},{"entityName":"560037","metric":{"type":"TOTAL","count":2973,"amount":4120542.0}},{"entityName":"560043","metric":{"type":"TOTAL","count":2809,"amount":4454698.0}},{"entityName":"560076","metric":{"type":"TOTAL","count":2591,"amount":4025991.0}},{"entityName":"411057","metric":{"type":"TOTAL","count":2574,"amount":4010497.0}},{"entityName":"500072","metric":{"type":"TOTAL","count":2539,"amount":4276139.0}},{"entityName":"201301","metric":{"type":"TOTAL","count":2521,"amount":3339961.0}},{"entityName":"560078","metric":{"type":"TOTAL","count":2515,"amount":3710977.0}},{"entityName":"122001","metric":{"type":"TOTAL","count":2474,"amount":3601541.0}},{"entityName":"110059","metric":{"type":"TOTAL","count":2330,"amount":3163916.0}}]},"responseTimestamp":1706092828874}