{"success":true,"code":"SUCCESS","data":{"states":null,"districts":[{"entityName":"bengaluru urban","metric":{"type":"TOTAL","count":90180,"amount":1.42519454E8}},{"entityName":"mysuru","metric":{"type":"TOTAL","count":9295,"amount":1.4666791E7}},{"entityName":"belagavi","metric":{"type":"TOTAL","count":5720,"amount":8715862.0}},{"entityName":"dharwad","metric":{"type":"TOTAL","count":5171,"amount":7812119.0}},{"entityName":"dakshina kannada","metric":{"type":"TOTAL","count":4745,"amount":7184612.0}},{"entityName":"bengaluru rural","metric":{"type":"TOTAL","count":4242,"amount":6701376.0}},{"entityName":"tumakuru","metric":{"type":"TOTAL","count":3869,"amount":6378532.0}},{"entityName":"shivamogga","metric":{"type":"TOTAL","count":3625,"amount":5762860.0}},{"entityName":"davanagere","metric":{"type":"TOTAL","count":3555,"amount":5139794.0}},{"entityName":"ballari","metric":{"type":"TOTAL","count":3431,"amount":4831884.0}}],"pincodes":[{"entityName":"560068","metric":{"type":"TOTAL","count":3871,"amount":5672343.0}},{"entityName":"560076","metric":{"type":"TOTAL","count":2776,"amount":4596888.0}},{"entityName":"560037","metric":{"type":"TOTAL","count":2685,"amount":3989582.0}},{"entityName":"560043","metric":{"type":"TOTAL","count":2655,"amount":4698522.0}},{"entityName":"560078","metric":{"type":"TOTAL","count":2621,"amount":4342390.0}},{"entityName":"560100","metric":{"type":"TOTAL","count":2288,"amount":3663878.0}},{"entityName":"560058","metric":{"type":"TOTAL","count":2138,"amount":2762399.0}},{"entityName":"560103","metric":{"type":"TOTAL","count":2114,"amount":3769030.0}},{"entityName":"560091","metric":{"type":"TOTAL","count":2112,"amount":3345209.0}},{"entityName":"560064","metric":{"type":"TOTAL","count":2065,"amount":3742797.0}}]},"responseTimestamp":1714727749843}