{"success":true,"code":"SUCCESS","data":{"states":null,"districts":[{"entityName":"bengaluru urban","metric":{"type":"TOTAL","count":74985,"amount":1.26101324E8}},{"entityName":"mysuru","metric":{"type":"TOTAL","count":7905,"amount":1.3488189E7}},{"entityName":"belagavi","metric":{"type":"TOTAL","count":5068,"amount":8199208.0}},{"entityName":"dharwad","metric":{"type":"TOTAL","count":4597,"amount":7180375.0}},{"entityName":"dakshina kannada","metric":{"type":"TOTAL","count":3873,"amount":6288144.0}},{"entityName":"bengaluru rural","metric":{"type":"TOTAL","count":3606,"amount":6471486.0}},{"entityName":"shivamogga","metric":{"type":"TOTAL","count":3311,"amount":5567612.0}},{"entityName":"tumakuru","metric":{"type":"TOTAL","count":3291,"amount":5843712.0}},{"entityName":"davanagere","metric":{"type":"TOTAL","count":3049,"amount":4602049.0}},{"entityName":"ballari","metric":{"type":"TOTAL","count":2906,"amount":4557010.0}}],"pincodes":[{"entityName":"560068","metric":{"type":"TOTAL","count":3282,"amount":5271425.0}},{"entityName":"560037","metric":{"type":"TOTAL","count":2469,"amount":4089538.0}},{"entityName":"560076","metric":{"type":"TOTAL","count":2238,"amount":3928312.0}},{"entityName":"560043","metric":{"type":"TOTAL","count":2235,"amount":3997393.0}},{"entityName":"560078","metric":{"type":"TOTAL","count":2193,"amount":3581757.0}},{"entityName":"560100","metric":{"type":"TOTAL","count":1961,"amount":3095214.0}},{"entityName":"560103","metric":{"type":"TOTAL","count":1865,"amount":2933626.0}},{"entityName":"560066","metric":{"type":"TOTAL","count":1831,"amount":3348017.0}},{"entityName":"560091","metric":{"type":"TOTAL","count":1686,"amount":2655650.0}},{"entityName":"560064","metric":{"type":"TOTAL","count":1677,"amount":3240374.0}}]},"responseTimestamp":1722517879510}