{"success":true,"code":"SUCCESS","data":{"states":null,"districts":[{"entityName":"bengaluru urban","metric":{"type":"TOTAL","count":96935,"amount":1.56230238E8}},{"entityName":"mysuru","metric":{"type":"TOTAL","count":9232,"amount":1.5981102E7}},{"entityName":"dharwad","metric":{"type":"TOTAL","count":5651,"amount":8643613.0}},{"entityName":"belagavi","metric":{"type":"TOTAL","count":5231,"amount":8419289.0}},{"entityName":"bengaluru rural","metric":{"type":"TOTAL","count":4449,"amount":7657754.0}},{"entityName":"dakshina kannada","metric":{"type":"TOTAL","count":4082,"amount":6749762.0}},{"entityName":"tumakuru","metric":{"type":"TOTAL","count":3879,"amount":6802100.0}},{"entityName":"shivamogga","metric":{"type":"TOTAL","count":3740,"amount":6590269.0}},{"entityName":"kalaburagi","metric":{"type":"TOTAL","count":3567,"amount":5365898.0}},{"entityName":"davanagere","metric":{"type":"TOTAL","count":3355,"amount":5105646.0}}],"pincodes":[{"entityName":"560068","metric":{"type":"TOTAL","count":3453,"amount":5413163.0}},{"entityName":"560100","metric":{"type":"TOTAL","count":3241,"amount":5455946.0}},{"entityName":"560037","metric":{"type":"TOTAL","count":2876,"amount":4315416.0}},{"entityName":"560066","metric":{"type":"TOTAL","count":2654,"amount":4668286.0}},{"entityName":"560076","metric":{"type":"TOTAL","count":2402,"amount":4241341.0}},{"entityName":"560091","metric":{"type":"TOTAL","count":2326,"amount":3714785.0}},{"entityName":"560103","metric":{"type":"TOTAL","count":2228,"amount":3764086.0}},{"entityName":"560078","metric":{"type":"TOTAL","count":1934,"amount":3129544.0}},{"entityName":"560064","metric":{"type":"TOTAL","count":1882,"amount":3316406.0}},{"entityName":"560077","metric":{"type":"TOTAL","count":1878,"amount":3536989.0}}]},"responseTimestamp":1739974405395}