{"success":true,"code":"SUCCESS","data":{"states":null,"districts":[{"entityName":"bengaluru urban","metric":{"type":"TOTAL","count":95390,"amount":1.59224823E8}},{"entityName":"mysuru","metric":{"type":"TOTAL","count":9668,"amount":1.6427026E7}},{"entityName":"dharwad","metric":{"type":"TOTAL","count":6881,"amount":1.074675E7}},{"entityName":"belagavi","metric":{"type":"TOTAL","count":6703,"amount":1.108525E7}},{"entityName":"dakshina kannada","metric":{"type":"TOTAL","count":5133,"amount":8497551.0}},{"entityName":"bengaluru rural","metric":{"type":"TOTAL","count":4626,"amount":7996121.0}},{"entityName":"shivamogga","metric":{"type":"TOTAL","count":4127,"amount":7252477.0}},{"entityName":"tumakuru","metric":{"type":"TOTAL","count":3989,"amount":6949950.0}},{"entityName":"kalaburagi","metric":{"type":"TOTAL","count":3821,"amount":5798845.0}},{"entityName":"davanagere","metric":{"type":"TOTAL","count":3387,"amount":5275711.0}}],"pincodes":[{"entityName":"560068","metric":{"type":"TOTAL","count":3520,"amount":5740577.0}},{"entityName":"560100","metric":{"type":"TOTAL","count":3152,"amount":5158211.0}},{"entityName":"560037","metric":{"type":"TOTAL","count":2720,"amount":4500835.0}},{"entityName":"560066","metric":{"type":"TOTAL","count":2453,"amount":4252390.0}},{"entityName":"560076","metric":{"type":"TOTAL","count":2281,"amount":4105249.0}},{"entityName":"560091","metric":{"type":"TOTAL","count":2183,"amount":3907206.0}},{"entityName":"560103","metric":{"type":"TOTAL","count":2069,"amount":3412924.0}},{"entityName":"560064","metric":{"type":"TOTAL","count":1950,"amount":3500059.0}},{"entityName":"560078","metric":{"type":"TOTAL","count":1926,"amount":3338219.0}},{"entityName":"560077","metric":{"type":"TOTAL","count":1784,"amount":3347052.0}}]},"responseTimestamp":1739974627264}