{"success":true,"code":"SUCCESS","data":{"states":null,"districts":[{"entityName":"west","metric":{"type":"TOTAL","count":4368,"amount":5442041.0}},{"entityName":"south east delhi","metric":{"type":"TOTAL","count":3520,"amount":4221226.0}},{"entityName":"north west","metric":{"type":"TOTAL","count":3003,"amount":3853703.0}},{"entityName":"central delhi","metric":{"type":"TOTAL","count":2816,"amount":3359581.0}},{"entityName":"new delhi","metric":{"type":"TOTAL","count":2587,"amount":3572728.0}},{"entityName":"south west","metric":{"type":"TOTAL","count":2524,"amount":3460149.0}},{"entityName":"north","metric":{"type":"TOTAL","count":2321,"amount":3131536.0}},{"entityName":"east","metric":{"type":"TOTAL","count":1911,"amount":2269280.0}},{"entityName":"south","metric":{"type":"TOTAL","count":1879,"amount":2413929.0}},{"entityName":"north east","metric":{"type":"TOTAL","count":1695,"amount":1862686.0}}],"pincodes":[{"entityName":"110059","metric":{"type":"TOTAL","count":1416,"amount":1666849.0}},{"entityName":"110086","metric":{"type":"TOTAL","count":884,"amount":1163190.0}},{"entityName":"110044","metric":{"type":"TOTAL","count":848,"amount":957043.0}},{"entityName":"110092","metric":{"type":"TOTAL","count":831,"amount":979409.0}},{"entityName":"110041","metric":{"type":"TOTAL","count":798,"amount":1005109.0}},{"entityName":"110043","metric":{"type":"TOTAL","count":782,"amount":1053890.0}},{"entityName":"110042","metric":{"type":"TOTAL","count":760,"amount":935028.0}},{"entityName":"110094","metric":{"type":"TOTAL","count":729,"amount":806490.0}},{"entityName":"110085","metric":{"type":"TOTAL","count":722,"amount":914547.0}},{"entityName":"110053","metric":{"type":"TOTAL","count":677,"amount":730723.0}}]},"responseTimestamp":1692611207132}