{"success":true,"code":"SUCCESS","data":{"states":null,"districts":[{"entityName":"west","metric":{"type":"TOTAL","count":3733,"amount":4528416.0}},{"entityName":"south east delhi","metric":{"type":"TOTAL","count":3161,"amount":3474446.0}},{"entityName":"new delhi","metric":{"type":"TOTAL","count":2855,"amount":3574229.0}},{"entityName":"north west","metric":{"type":"TOTAL","count":2845,"amount":3510159.0}},{"entityName":"central delhi","metric":{"type":"TOTAL","count":2686,"amount":3314681.0}},{"entityName":"south west","metric":{"type":"TOTAL","count":2361,"amount":3039345.0}},{"entityName":"north","metric":{"type":"TOTAL","count":1952,"amount":2490119.0}},{"entityName":"east","metric":{"type":"TOTAL","count":1843,"amount":2145058.0}},{"entityName":"south","metric":{"type":"TOTAL","count":1775,"amount":2119168.0}},{"entityName":"shahdara","metric":{"type":"TOTAL","count":1609,"amount":1844384.0}}],"pincodes":[{"entityName":"110059","metric":{"type":"TOTAL","count":1142,"amount":1297001.0}},{"entityName":"110092","metric":{"type":"TOTAL","count":823,"amount":962652.0}},{"entityName":"110086","metric":{"type":"TOTAL","count":821,"amount":900767.0}},{"entityName":"110044","metric":{"type":"TOTAL","count":796,"amount":801170.0}},{"entityName":"110085","metric":{"type":"TOTAL","count":735,"amount":977990.0}},{"entityName":"110094","metric":{"type":"TOTAL","count":702,"amount":789641.0}},{"entityName":"110041","metric":{"type":"TOTAL","count":680,"amount":778473.0}},{"entityName":"110043","metric":{"type":"TOTAL","count":655,"amount":989154.0}},{"entityName":"110053","metric":{"type":"TOTAL","count":636,"amount":699931.0}},{"entityName":"110096","metric":{"type":"TOTAL","count":632,"amount":670478.0}}]},"responseTimestamp":1692611258521}