{"success":true,"code":"SUCCESS","data":{"states":null,"districts":[{"entityName":"west","metric":{"type":"TOTAL","count":5208,"amount":5873812.0}},{"entityName":"south east delhi","metric":{"type":"TOTAL","count":4420,"amount":4781194.0}},{"entityName":"new delhi","metric":{"type":"TOTAL","count":3866,"amount":4840514.0}},{"entityName":"north west","metric":{"type":"TOTAL","count":3572,"amount":4132808.0}},{"entityName":"central delhi","metric":{"type":"TOTAL","count":3498,"amount":3901385.0}},{"entityName":"south west","metric":{"type":"TOTAL","count":3227,"amount":4114804.0}},{"entityName":"north","metric":{"type":"TOTAL","count":2762,"amount":3293169.0}},{"entityName":"east","metric":{"type":"TOTAL","count":2695,"amount":3102828.0}},{"entityName":"south","metric":{"type":"TOTAL","count":2517,"amount":3019117.0}},{"entityName":"shahdara","metric":{"type":"TOTAL","count":2094,"amount":2339310.0}}],"pincodes":[{"entityName":"110059","metric":{"type":"TOTAL","count":1506,"amount":1670765.0}},{"entityName":"110092","metric":{"type":"TOTAL","count":1191,"amount":1349328.0}},{"entityName":"110086","metric":{"type":"TOTAL","count":1107,"amount":1185432.0}},{"entityName":"110044","metric":{"type":"TOTAL","count":1074,"amount":1112755.0}},{"entityName":"110041","metric":{"type":"TOTAL","count":956,"amount":1165139.0}},{"entityName":"110096","metric":{"type":"TOTAL","count":903,"amount":994317.0}},{"entityName":"110043","metric":{"type":"TOTAL","count":880,"amount":1203191.0}},{"entityName":"110094","metric":{"type":"TOTAL","count":868,"amount":887648.0}},{"entityName":"110053","metric":{"type":"TOTAL","count":867,"amount":855137.0}},{"entityName":"110042","metric":{"type":"TOTAL","count":833,"amount":918820.0}}]},"responseTimestamp":1692611310275}