{"success":true,"code":"SUCCESS","data":{"states":null,"districts":[{"entityName":"west","metric":{"type":"TOTAL","count":6947,"amount":8360376.0}},{"entityName":"south east delhi","metric":{"type":"TOTAL","count":5868,"amount":7072604.0}},{"entityName":"new delhi","metric":{"type":"TOTAL","count":5340,"amount":7125528.0}},{"entityName":"north west","metric":{"type":"TOTAL","count":5085,"amount":6057907.0}},{"entityName":"central delhi","metric":{"type":"TOTAL","count":4815,"amount":5765957.0}},{"entityName":"south west","metric":{"type":"TOTAL","count":4149,"amount":5489366.0}},{"entityName":"north","metric":{"type":"TOTAL","count":4013,"amount":5304295.0}},{"entityName":"south","metric":{"type":"TOTAL","count":3527,"amount":4511956.0}},{"entityName":"east","metric":{"type":"TOTAL","count":3297,"amount":3984005.0}},{"entityName":"north east","metric":{"type":"TOTAL","count":2948,"amount":3363238.0}}],"pincodes":[{"entityName":"110059","metric":{"type":"TOTAL","count":1982,"amount":2407623.0}},{"entityName":"110086","metric":{"type":"TOTAL","count":1566,"amount":1797044.0}},{"entityName":"110092","metric":{"type":"TOTAL","count":1456,"amount":1728566.0}},{"entityName":"110041","metric":{"type":"TOTAL","count":1387,"amount":1536997.0}},{"entityName":"110042","metric":{"type":"TOTAL","count":1313,"amount":1461062.0}},{"entityName":"110044","metric":{"type":"TOTAL","count":1298,"amount":1439637.0}},{"entityName":"110085","metric":{"type":"TOTAL","count":1292,"amount":1658187.0}},{"entityName":"110053","metric":{"type":"TOTAL","count":1241,"amount":1400625.0}},{"entityName":"110094","metric":{"type":"TOTAL","count":1234,"amount":1526454.0}},{"entityName":"110043","metric":{"type":"TOTAL","count":1132,"amount":1492359.0}}]},"responseTimestamp":1692611362252}