{"success":true,"code":"SUCCESS","data":{"states":null,"districts":[{"entityName":"jammu","metric":{"type":"TOTAL","count":2285,"amount":4279724.0}},{"entityName":"srinagar","metric":{"type":"TOTAL","count":709,"amount":1399799.0}},{"entityName":"kathua","metric":{"type":"TOTAL","count":426,"amount":806125.0}},{"entityName":"udhampur","metric":{"type":"TOTAL","count":420,"amount":746405.0}},{"entityName":"samba","metric":{"type":"TOTAL","count":392,"amount":775248.0}},{"entityName":"anantnag","metric":{"type":"TOTAL","count":369,"amount":836595.0}},{"entityName":"baramulla","metric":{"type":"TOTAL","count":349,"amount":848069.0}},{"entityName":"budgam","metric":{"type":"TOTAL","count":333,"amount":755256.0}},{"entityName":"reasi","metric":{"type":"TOTAL","count":261,"amount":390942.0}},{"entityName":"pulwama","metric":{"type":"TOTAL","count":241,"amount":575610.0}}],"pincodes":[{"entityName":"182101","metric":{"type":"TOTAL","count":233,"amount":414876.0}},{"entityName":"180001","metric":{"type":"TOTAL","count":139,"amount":249532.0}},{"entityName":"180003","metric":{"type":"TOTAL","count":134,"amount":205936.0}},{"entityName":"181133","metric":{"type":"TOTAL","count":133,"amount":244283.0}},{"entityName":"180020","metric":{"type":"TOTAL","count":132,"amount":192551.0}},{"entityName":"190001","metric":{"type":"TOTAL","count":129,"amount":197961.0}},{"entityName":"180011","metric":{"type":"TOTAL","count":128,"amount":207550.0}},{"entityName":"180012","metric":{"type":"TOTAL","count":124,"amount":204256.0}},{"entityName":"184121","metric":{"type":"TOTAL","count":112,"amount":243709.0}},{"entityName":"182204","metric":{"type":"TOTAL","count":112,"amount":231641.0}}]},"responseTimestamp":1714727766561}