{"success":true,"code":"SUCCESS","data":{"states":null,"districts":[{"entityName":"jammu","metric":{"type":"TOTAL","count":2025,"amount":3825224.0}},{"entityName":"srinagar","metric":{"type":"TOTAL","count":737,"amount":1484156.0}},{"entityName":"udhampur","metric":{"type":"TOTAL","count":459,"amount":849237.0}},{"entityName":"anantnag","metric":{"type":"TOTAL","count":431,"amount":752310.0}},{"entityName":"budgam","metric":{"type":"TOTAL","count":404,"amount":754974.0}},{"entityName":"samba","metric":{"type":"TOTAL","count":392,"amount":728182.0}},{"entityName":"kathua","metric":{"type":"TOTAL","count":381,"amount":635565.0}},{"entityName":"baramulla","metric":{"type":"TOTAL","count":353,"amount":729995.0}},{"entityName":"rajouri","metric":{"type":"TOTAL","count":283,"amount":562851.0}},{"entityName":"pulwama","metric":{"type":"TOTAL","count":270,"amount":634847.0}}],"pincodes":[{"entityName":"182101","metric":{"type":"TOTAL","count":263,"amount":505071.0}},{"entityName":"190001","metric":{"type":"TOTAL","count":159,"amount":332240.0}},{"entityName":"181133","metric":{"type":"TOTAL","count":136,"amount":208520.0}},{"entityName":"180003","metric":{"type":"TOTAL","count":129,"amount":259856.0}},{"entityName":"180001","metric":{"type":"TOTAL","count":115,"amount":205787.0}},{"entityName":"180012","metric":{"type":"TOTAL","count":111,"amount":196504.0}},{"entityName":"180002","metric":{"type":"TOTAL","count":110,"amount":162159.0}},{"entityName":"192231","metric":{"type":"TOTAL","count":110,"amount":226682.0}},{"entityName":"184121","metric":{"type":"TOTAL","count":103,"amount":239397.0}},{"entityName":"182204","metric":{"type":"TOTAL","count":100,"amount":172875.0}}]},"responseTimestamp":1722517898412}