{"success":true,"code":"SUCCESS","data":{"states":null,"districts":[{"entityName":"jammu","metric":{"type":"TOTAL","count":2214,"amount":4321501.0}},{"entityName":"srinagar","metric":{"type":"TOTAL","count":776,"amount":1629149.0}},{"entityName":"udhampur","metric":{"type":"TOTAL","count":536,"amount":1055146.0}},{"entityName":"kathua","metric":{"type":"TOTAL","count":469,"amount":782594.0}},{"entityName":"samba","metric":{"type":"TOTAL","count":440,"amount":859054.0}},{"entityName":"rajouri","metric":{"type":"TOTAL","count":331,"amount":700702.0}},{"entityName":"anantnag","metric":{"type":"TOTAL","count":329,"amount":755629.0}},{"entityName":"budgam","metric":{"type":"TOTAL","count":324,"amount":650444.0}},{"entityName":"baramulla","metric":{"type":"TOTAL","count":285,"amount":598621.0}},{"entityName":"reasi","metric":{"type":"TOTAL","count":231,"amount":480669.0}}],"pincodes":[{"entityName":"182101","metric":{"type":"TOTAL","count":307,"amount":534218.0}},{"entityName":"180004","metric":{"type":"TOTAL","count":220,"amount":434152.0}},{"entityName":"180001","metric":{"type":"TOTAL","count":186,"amount":456233.0}},{"entityName":"180011","metric":{"type":"TOTAL","count":167,"amount":309243.0}},{"entityName":"190001","metric":{"type":"TOTAL","count":157,"amount":297631.0}},{"entityName":"180020","metric":{"type":"TOTAL","count":142,"amount":248447.0}},{"entityName":"181221","metric":{"type":"TOTAL","count":131,"amount":224634.0}},{"entityName":"184121","metric":{"type":"TOTAL","count":130,"amount":246819.0}},{"entityName":"193504","metric":{"type":"TOTAL","count":129,"amount":118758.0}},{"entityName":"192231","metric":{"type":"TOTAL","count":116,"amount":244272.0}}]},"responseTimestamp":1739974423987}