{"success":true,"code":"SUCCESS","data":{"states":null,"districts":[{"entityName":"jammu","metric":{"type":"TOTAL","count":2381,"amount":4423225.0}},{"entityName":"srinagar","metric":{"type":"TOTAL","count":1173,"amount":2226604.0}},{"entityName":"udhampur","metric":{"type":"TOTAL","count":569,"amount":1088486.0}},{"entityName":"kathua","metric":{"type":"TOTAL","count":485,"amount":902086.0}},{"entityName":"samba","metric":{"type":"TOTAL","count":483,"amount":925626.0}},{"entityName":"anantnag","metric":{"type":"TOTAL","count":466,"amount":1115918.0}},{"entityName":"budgam","metric":{"type":"TOTAL","count":461,"amount":986540.0}},{"entityName":"baramulla","metric":{"type":"TOTAL","count":442,"amount":984313.0}},{"entityName":"rajouri","metric":{"type":"TOTAL","count":318,"amount":675781.0}},{"entityName":"pulwama","metric":{"type":"TOTAL","count":301,"amount":745600.0}}],"pincodes":[{"entityName":"182101","metric":{"type":"TOTAL","count":311,"amount":566941.0}},{"entityName":"190001","metric":{"type":"TOTAL","count":213,"amount":362707.0}},{"entityName":"180001","metric":{"type":"TOTAL","count":209,"amount":307079.0}},{"entityName":"181133","metric":{"type":"TOTAL","count":165,"amount":266373.0}},{"entityName":"191111","metric":{"type":"TOTAL","count":160,"amount":335713.0}},{"entityName":"192303","metric":{"type":"TOTAL","count":159,"amount":406256.0}},{"entityName":"180004","metric":{"type":"TOTAL","count":159,"amount":291759.0}},{"entityName":"180020","metric":{"type":"TOTAL","count":144,"amount":207868.0}},{"entityName":"182204","metric":{"type":"TOTAL","count":143,"amount":318115.0}},{"entityName":"180011","metric":{"type":"TOTAL","count":143,"amount":275132.0}}]},"responseTimestamp":1739974646001}