{"success":true,"code":"SUCCESS","data":{"states":null,"districts":[{"entityName":"east khasi hills","metric":{"type":"TOTAL","count":334,"amount":707606.0}},{"entityName":"west garo hills","metric":{"type":"TOTAL","count":270,"amount":489582.0}},{"entityName":"ribhoi","metric":{"type":"TOTAL","count":142,"amount":197365.0}},{"entityName":"east jaintia hills","metric":{"type":"TOTAL","count":66,"amount":91008.0}},{"entityName":"south garo hills","metric":{"type":"TOTAL","count":50,"amount":127716.0}},{"entityName":"east garo hills","metric":{"type":"TOTAL","count":47,"amount":102190.0}},{"entityName":"north garo hills","metric":{"type":"TOTAL","count":44,"amount":77261.0}},{"entityName":"south west garo hills","metric":{"type":"TOTAL","count":30,"amount":80674.0}},{"entityName":"west jaintia hills","metric":{"type":"TOTAL","count":27,"amount":71138.0}},{"entityName":"west khasi hills","metric":{"type":"TOTAL","count":15,"amount":33918.0}}],"pincodes":[{"entityName":"793101","metric":{"type":"TOTAL","count":85,"amount":113216.0}},{"entityName":"794105","metric":{"type":"TOTAL","count":71,"amount":132004.0}},{"entityName":"794001","metric":{"type":"TOTAL","count":61,"amount":158554.0}},{"entityName":"793001","metric":{"type":"TOTAL","count":61,"amount":121621.0}},{"entityName":"794104","metric":{"type":"TOTAL","count":55,"amount":63820.0}},{"entityName":"793002","metric":{"type":"TOTAL","count":48,"amount":76308.0}},{"entityName":"794111","metric":{"type":"TOTAL","count":39,"amount":84278.0}},{"entityName":"794101","metric":{"type":"TOTAL","count":36,"amount":62358.0}},{"entityName":"793210","metric":{"type":"TOTAL","count":36,"amount":34759.0}},{"entityName":"793011","metric":{"type":"TOTAL","count":35,"amount":87860.0}}]},"responseTimestamp":1714727732927}