{"success":true,"code":"SUCCESS","data":{"states":null,"districts":[{"entityName":"east khasi hills","metric":{"type":"TOTAL","count":590,"amount":1014087.0}},{"entityName":"west garo hills","metric":{"type":"TOTAL","count":261,"amount":534831.0}},{"entityName":"ribhoi","metric":{"type":"TOTAL","count":119,"amount":199931.0}},{"entityName":"east garo hills","metric":{"type":"TOTAL","count":54,"amount":130217.0}},{"entityName":"east jaintia hills","metric":{"type":"TOTAL","count":52,"amount":77621.0}},{"entityName":"south garo hills","metric":{"type":"TOTAL","count":42,"amount":94856.0}},{"entityName":"north garo hills","metric":{"type":"TOTAL","count":38,"amount":85255.0}},{"entityName":"south west garo hills","metric":{"type":"TOTAL","count":31,"amount":60748.0}},{"entityName":"west jaintia hills","metric":{"type":"TOTAL","count":25,"amount":76033.0}},{"entityName":"west khasi hills","metric":{"type":"TOTAL","count":18,"amount":39171.0}}],"pincodes":[{"entityName":"793001","metric":{"type":"TOTAL","count":145,"amount":245192.0}},{"entityName":"793002","metric":{"type":"TOTAL","count":94,"amount":133580.0}},{"entityName":"794001","metric":{"type":"TOTAL","count":86,"amount":194042.0}},{"entityName":"793011","metric":{"type":"TOTAL","count":55,"amount":106779.0}},{"entityName":"794101","metric":{"type":"TOTAL","count":53,"amount":112727.0}},{"entityName":"793007","metric":{"type":"TOTAL","count":48,"amount":82982.0}},{"entityName":"794105","metric":{"type":"TOTAL","count":46,"amount":91738.0}},{"entityName":"793101","metric":{"type":"TOTAL","count":46,"amount":66726.0}},{"entityName":"793004","metric":{"type":"TOTAL","count":44,"amount":77122.0}},{"entityName":"794104","metric":{"type":"TOTAL","count":42,"amount":56154.0}}]},"responseTimestamp":1722517858939}