{"success":true,"code":"SUCCESS","data":{"states":null,"districts":[{"entityName":"east khasi hills","metric":{"type":"TOTAL","count":508,"amount":903993.0}},{"entityName":"west garo hills","metric":{"type":"TOTAL","count":230,"amount":512261.0}},{"entityName":"ri bhoi","metric":{"type":"TOTAL","count":138,"amount":264983.0}},{"entityName":"east garo hills","metric":{"type":"TOTAL","count":50,"amount":221922.0}},{"entityName":"south west garo hills","metric":{"type":"TOTAL","count":43,"amount":108276.0}},{"entityName":"north garo hills","metric":{"type":"TOTAL","count":43,"amount":121787.0}},{"entityName":"south garo hills","metric":{"type":"TOTAL","count":33,"amount":77327.0}},{"entityName":"west jaintia hills","metric":{"type":"TOTAL","count":32,"amount":97961.0}},{"entityName":"east jaintia hills","metric":{"type":"TOTAL","count":31,"amount":63192.0}},{"entityName":"west khasi hills","metric":{"type":"TOTAL","count":18,"amount":40664.0}}],"pincodes":[{"entityName":"793001","metric":{"type":"TOTAL","count":111,"amount":190277.0}},{"entityName":"794001","metric":{"type":"TOTAL","count":76,"amount":171698.0}},{"entityName":"793006","metric":{"type":"TOTAL","count":60,"amount":114309.0}},{"entityName":"794101","metric":{"type":"TOTAL","count":59,"amount":142986.0}},{"entityName":"793101","metric":{"type":"TOTAL","count":57,"amount":107735.0}},{"entityName":"793004","metric":{"type":"TOTAL","count":47,"amount":69237.0}},{"entityName":"793102","metric":{"type":"TOTAL","count":39,"amount":92151.0}},{"entityName":"793019","metric":{"type":"TOTAL","count":35,"amount":53867.0}},{"entityName":"793005","metric":{"type":"TOTAL","count":35,"amount":47626.0}},{"entityName":"793009","metric":{"type":"TOTAL","count":35,"amount":53342.0}}]},"responseTimestamp":1739974385447}