{"success":true,"code":"SUCCESS","data":{"states":null,"districts":[{"entityName":"east khasi hills","metric":{"type":"TOTAL","count":538,"amount":989452.0}},{"entityName":"west garo hills","metric":{"type":"TOTAL","count":284,"amount":566716.0}},{"entityName":"ri bhoi","metric":{"type":"TOTAL","count":182,"amount":336005.0}},{"entityName":"east jaintia hills","metric":{"type":"TOTAL","count":59,"amount":92496.0}},{"entityName":"east garo hills","metric":{"type":"TOTAL","count":57,"amount":107430.0}},{"entityName":"south garo hills","metric":{"type":"TOTAL","count":53,"amount":100794.0}},{"entityName":"south west garo hills","metric":{"type":"TOTAL","count":48,"amount":102311.0}},{"entityName":"north garo hills","metric":{"type":"TOTAL","count":42,"amount":72085.0}},{"entityName":"west jaintia hills","metric":{"type":"TOTAL","count":29,"amount":92292.0}},{"entityName":"west khasi hills","metric":{"type":"TOTAL","count":12,"amount":21221.0}}],"pincodes":[{"entityName":"793001","metric":{"type":"TOTAL","count":140,"amount":225721.0}},{"entityName":"794001","metric":{"type":"TOTAL","count":99,"amount":233225.0}},{"entityName":"793101","metric":{"type":"TOTAL","count":89,"amount":135474.0}},{"entityName":"794101","metric":{"type":"TOTAL","count":64,"amount":139583.0}},{"entityName":"794104","metric":{"type":"TOTAL","count":55,"amount":48662.0}},{"entityName":"793004","metric":{"type":"TOTAL","count":54,"amount":128879.0}},{"entityName":"793006","metric":{"type":"TOTAL","count":49,"amount":78269.0}},{"entityName":"794111","metric":{"type":"TOTAL","count":45,"amount":86493.0}},{"entityName":"794102","metric":{"type":"TOTAL","count":38,"amount":83008.0}},{"entityName":"793102","metric":{"type":"TOTAL","count":38,"amount":66821.0}}]},"responseTimestamp":1739974607544}