{"success":true,"code":"SUCCESS","data":{"states":null,"districts":[{"entityName":"aizawl","metric":{"type":"TOTAL","count":55,"amount":107088.0}},{"entityName":"lunglei","metric":{"type":"TOTAL","count":11,"amount":21751.0}},{"entityName":"lawngtlai","metric":{"type":"TOTAL","count":8,"amount":24775.0}},{"entityName":"serchhip","metric":{"type":"TOTAL","count":6,"amount":18889.0}},{"entityName":"champhai","metric":{"type":"TOTAL","count":2,"amount":2194.0}},{"entityName":"mamit","metric":{"type":"TOTAL","count":1,"amount":13441.0}},{"entityName":"kolasib","metric":{"type":"TOTAL","count":1,"amount":1191.0}},{"entityName":"saiha","metric":{"type":"TOTAL","count":1,"amount":99.0}}],"pincodes":[{"entityName":"796009","metric":{"type":"TOTAL","count":15,"amount":28750.0}},{"entityName":"796005","metric":{"type":"TOTAL","count":14,"amount":31720.0}},{"entityName":"796017","metric":{"type":"TOTAL","count":12,"amount":20298.0}},{"entityName":"796701","metric":{"type":"TOTAL","count":7,"amount":16241.0}},{"entityName":"796014","metric":{"type":"TOTAL","count":5,"amount":10301.0}},{"entityName":"796012","metric":{"type":"TOTAL","count":5,"amount":10189.0}},{"entityName":"796181","metric":{"type":"TOTAL","count":3,"amount":7911.0}},{"entityName":"796772","metric":{"type":"TOTAL","count":3,"amount":12435.0}},{"entityName":"796770","metric":{"type":"TOTAL","count":3,"amount":10971.0}},{"entityName":"796161","metric":{"type":"TOTAL","count":2,"amount":5542.0}}]},"responseTimestamp":1692611200154}