{"success":true,"code":"SUCCESS","data":{"states":null,"districts":[{"entityName":"aizawl","metric":{"type":"TOTAL","count":34,"amount":52843.0}},{"entityName":"lawngtlai","metric":{"type":"TOTAL","count":12,"amount":17657.0}},{"entityName":"lunglei","metric":{"type":"TOTAL","count":11,"amount":15550.0}},{"entityName":"kolasib","metric":{"type":"TOTAL","count":6,"amount":7044.0}},{"entityName":"mamit","metric":{"type":"TOTAL","count":6,"amount":13519.0}},{"entityName":"serchhip","metric":{"type":"TOTAL","count":5,"amount":4888.0}},{"entityName":"saiha","metric":{"type":"TOTAL","count":2,"amount":3589.0}}],"pincodes":[{"entityName":"796005","metric":{"type":"TOTAL","count":10,"amount":19886.0}},{"entityName":"796009","metric":{"type":"TOTAL","count":8,"amount":8310.0}},{"entityName":"796772","metric":{"type":"TOTAL","count":8,"amount":11484.0}},{"entityName":"796701","metric":{"type":"TOTAL","count":8,"amount":14311.0}},{"entityName":"796008","metric":{"type":"TOTAL","count":7,"amount":16527.0}},{"entityName":"796181","metric":{"type":"TOTAL","count":5,"amount":4888.0}},{"entityName":"796012","metric":{"type":"TOTAL","count":5,"amount":6825.0}},{"entityName":"796891","metric":{"type":"TOTAL","count":4,"amount":6173.0}},{"entityName":"796081","metric":{"type":"TOTAL","count":3,"amount":902.0}},{"entityName":"796101","metric":{"type":"TOTAL","count":3,"amount":6142.0}}]},"responseTimestamp":1692611251499}