{"success":true,"code":"SUCCESS","data":{"states":null,"districts":[{"entityName":"aizawl","metric":{"type":"TOTAL","count":232,"amount":336391.0}},{"entityName":"lunglei","metric":{"type":"TOTAL","count":26,"amount":36337.0}},{"entityName":"lawngtlai","metric":{"type":"TOTAL","count":15,"amount":21225.0}},{"entityName":"kolasib","metric":{"type":"TOTAL","count":14,"amount":33851.0}},{"entityName":"serchhip","metric":{"type":"TOTAL","count":11,"amount":23061.0}},{"entityName":"mamit","metric":{"type":"TOTAL","count":7,"amount":17832.0}},{"entityName":"saiha","metric":{"type":"TOTAL","count":3,"amount":2497.0}},{"entityName":"champhai","metric":{"type":"TOTAL","count":2,"amount":112.0}}],"pincodes":[{"entityName":"796009","metric":{"type":"TOTAL","count":73,"amount":111792.0}},{"entityName":"796005","metric":{"type":"TOTAL","count":62,"amount":84186.0}},{"entityName":"796008","metric":{"type":"TOTAL","count":29,"amount":51337.0}},{"entityName":"796012","metric":{"type":"TOTAL","count":28,"amount":26386.0}},{"entityName":"796701","metric":{"type":"TOTAL","count":18,"amount":25459.0}},{"entityName":"796017","metric":{"type":"TOTAL","count":16,"amount":22156.0}},{"entityName":"796014","metric":{"type":"TOTAL","count":13,"amount":23732.0}},{"entityName":"796772","metric":{"type":"TOTAL","count":13,"amount":17511.0}},{"entityName":"796181","metric":{"type":"TOTAL","count":8,"amount":19339.0}},{"entityName":"796081","metric":{"type":"TOTAL","count":8,"amount":14020.0}}]},"responseTimestamp":1692611303279}