{"success":true,"code":"SUCCESS","data":{"states":null,"districts":[{"entityName":"aizawl","metric":{"type":"TOTAL","count":219,"amount":360472.0}},{"entityName":"serchhip","metric":{"type":"TOTAL","count":35,"amount":60974.0}},{"entityName":"lawngtlai","metric":{"type":"TOTAL","count":23,"amount":63038.0}},{"entityName":"lunglei","metric":{"type":"TOTAL","count":21,"amount":33104.0}},{"entityName":"kolasib","metric":{"type":"TOTAL","count":20,"amount":32543.0}},{"entityName":"champhai","metric":{"type":"TOTAL","count":16,"amount":29772.0}},{"entityName":"mamit","metric":{"type":"TOTAL","count":13,"amount":25469.0}},{"entityName":"saiha","metric":{"type":"TOTAL","count":3,"amount":7179.0}}],"pincodes":[{"entityName":"796009","metric":{"type":"TOTAL","count":95,"amount":141014.0}},{"entityName":"796005","metric":{"type":"TOTAL","count":55,"amount":69580.0}},{"entityName":"796181","metric":{"type":"TOTAL","count":28,"amount":41119.0}},{"entityName":"796012","metric":{"type":"TOTAL","count":20,"amount":27573.0}},{"entityName":"796017","metric":{"type":"TOTAL","count":15,"amount":40412.0}},{"entityName":"796701","metric":{"type":"TOTAL","count":14,"amount":21649.0}},{"entityName":"796891","metric":{"type":"TOTAL","count":14,"amount":29278.0}},{"entityName":"796081","metric":{"type":"TOTAL","count":13,"amount":18883.0}},{"entityName":"796321","metric":{"type":"TOTAL","count":13,"amount":24483.0}},{"entityName":"796014","metric":{"type":"TOTAL","count":12,"amount":25613.0}}]},"responseTimestamp":1692611355274}