{"success":true,"code":"SUCCESS","data":{"states":null,"districts":[{"entityName":"ranchi","metric":{"type":"TOTAL","count":1026,"amount":734770.0}},{"entityName":"east singhbhum","metric":{"type":"TOTAL","count":625,"amount":404402.0}},{"entityName":"dhanbad","metric":{"type":"TOTAL","count":570,"amount":392616.0}},{"entityName":"bokaro","metric":{"type":"TOTAL","count":403,"amount":259603.0}},{"entityName":"palamu","metric":{"type":"TOTAL","count":271,"amount":186504.0}},{"entityName":"hazaribagh","metric":{"type":"TOTAL","count":271,"amount":134641.0}},{"entityName":"ramgarh","metric":{"type":"TOTAL","count":204,"amount":131405.0}},{"entityName":"giridih","metric":{"type":"TOTAL","count":184,"amount":108108.0}},{"entityName":"garhwa","metric":{"type":"TOTAL","count":158,"amount":144421.0}},{"entityName":"saraikela kharsawan","metric":{"type":"TOTAL","count":153,"amount":93522.0}}],"pincodes":[{"entityName":"834001","metric":{"type":"TOTAL","count":303,"amount":183419.0}},{"entityName":"831001","metric":{"type":"TOTAL","count":126,"amount":82373.0}},{"entityName":"827013","metric":{"type":"TOTAL","count":117,"amount":57568.0}},{"entityName":"826001","metric":{"type":"TOTAL","count":105,"amount":77518.0}},{"entityName":"834009","metric":{"type":"TOTAL","count":84,"amount":52484.0}},{"entityName":"834008","metric":{"type":"TOTAL","count":75,"amount":46979.0}},{"entityName":"825303","metric":{"type":"TOTAL","count":73,"amount":37088.0}},{"entityName":"831004","metric":{"type":"TOTAL","count":68,"amount":37664.0}},{"entityName":"835217","metric":{"type":"TOTAL","count":60,"amount":39655.0}},{"entityName":"832108","metric":{"type":"TOTAL","count":55,"amount":28540.0}}]},"responseTimestamp":1692610973085}