{"success":true,"code":"SUCCESS","data":{"states":null,"districts":[{"entityName":"ranchi","metric":{"type":"TOTAL","count":1116,"amount":1206771.0}},{"entityName":"east singhbhum","metric":{"type":"TOTAL","count":789,"amount":715258.0}},{"entityName":"dhanbad","metric":{"type":"TOTAL","count":562,"amount":542379.0}},{"entityName":"bokaro","metric":{"type":"TOTAL","count":405,"amount":422044.0}},{"entityName":"palamu","metric":{"type":"TOTAL","count":248,"amount":225217.0}},{"entityName":"hazaribagh","metric":{"type":"TOTAL","count":236,"amount":199302.0}},{"entityName":"giridih","metric":{"type":"TOTAL","count":197,"amount":191694.0}},{"entityName":"ramgarh","metric":{"type":"TOTAL","count":191,"amount":199495.0}},{"entityName":"saraikela kharsawan","metric":{"type":"TOTAL","count":190,"amount":136575.0}},{"entityName":"garhwa","metric":{"type":"TOTAL","count":159,"amount":161183.0}}],"pincodes":[{"entityName":"834001","metric":{"type":"TOTAL","count":254,"amount":239419.0}},{"entityName":"826001","metric":{"type":"TOTAL","count":129,"amount":101795.0}},{"entityName":"827013","metric":{"type":"TOTAL","count":104,"amount":103028.0}},{"entityName":"834002","metric":{"type":"TOTAL","count":99,"amount":119642.0}},{"entityName":"834005","metric":{"type":"TOTAL","count":86,"amount":68804.0}},{"entityName":"831012","metric":{"type":"TOTAL","count":86,"amount":64064.0}},{"entityName":"834008","metric":{"type":"TOTAL","count":86,"amount":109797.0}},{"entityName":"831001","metric":{"type":"TOTAL","count":74,"amount":90097.0}},{"entityName":"831004","metric":{"type":"TOTAL","count":74,"amount":61527.0}},{"entityName":"822102","metric":{"type":"TOTAL","count":74,"amount":57258.0}}]},"responseTimestamp":1692611025193}