{"success":true,"code":"SUCCESS","data":{"states":null,"districts":[{"entityName":"ranchi","metric":{"type":"TOTAL","count":1484,"amount":1611727.0}},{"entityName":"east singhbhum","metric":{"type":"TOTAL","count":963,"amount":921561.0}},{"entityName":"dhanbad","metric":{"type":"TOTAL","count":820,"amount":813608.0}},{"entityName":"palamu","metric":{"type":"TOTAL","count":606,"amount":672846.0}},{"entityName":"bokaro","metric":{"type":"TOTAL","count":598,"amount":629738.0}},{"entityName":"hazaribagh","metric":{"type":"TOTAL","count":282,"amount":274354.0}},{"entityName":"saraikela kharsawan","metric":{"type":"TOTAL","count":241,"amount":241991.0}},{"entityName":"ramgarh","metric":{"type":"TOTAL","count":238,"amount":272231.0}},{"entityName":"giridih","metric":{"type":"TOTAL","count":194,"amount":175791.0}},{"entityName":"deoghar","metric":{"type":"TOTAL","count":179,"amount":159871.0}}],"pincodes":[{"entityName":"834001","metric":{"type":"TOTAL","count":400,"amount":332493.0}},{"entityName":"826001","metric":{"type":"TOTAL","count":198,"amount":151308.0}},{"entityName":"822102","metric":{"type":"TOTAL","count":195,"amount":199993.0}},{"entityName":"834002","metric":{"type":"TOTAL","count":182,"amount":140791.0}},{"entityName":"831001","metric":{"type":"TOTAL","count":156,"amount":134917.0}},{"entityName":"835302","metric":{"type":"TOTAL","count":142,"amount":66569.0}},{"entityName":"827013","metric":{"type":"TOTAL","count":121,"amount":122961.0}},{"entityName":"832107","metric":{"type":"TOTAL","count":108,"amount":107917.0}},{"entityName":"834009","metric":{"type":"TOTAL","count":107,"amount":118576.0}},{"entityName":"832108","metric":{"type":"TOTAL","count":103,"amount":111718.0}}]},"responseTimestamp":1692611077100}