{"success":true,"code":"SUCCESS","data":{"states":null,"districts":[{"entityName":"ranchi","metric":{"type":"TOTAL","count":2151,"amount":2693792.0}},{"entityName":"east singhbhum","metric":{"type":"TOTAL","count":1241,"amount":1587274.0}},{"entityName":"dhanbad","metric":{"type":"TOTAL","count":1022,"amount":1522634.0}},{"entityName":"bokaro","metric":{"type":"TOTAL","count":651,"amount":1017720.0}},{"entityName":"palamu","metric":{"type":"TOTAL","count":479,"amount":537986.0}},{"entityName":"ramgarh","metric":{"type":"TOTAL","count":355,"amount":479936.0}},{"entityName":"saraikela kharsawan","metric":{"type":"TOTAL","count":332,"amount":403274.0}},{"entityName":"hazaribagh","metric":{"type":"TOTAL","count":276,"amount":496461.0}},{"entityName":"giridih","metric":{"type":"TOTAL","count":254,"amount":311822.0}},{"entityName":"deoghar","metric":{"type":"TOTAL","count":235,"amount":250418.0}}],"pincodes":[{"entityName":"834001","metric":{"type":"TOTAL","count":608,"amount":614197.0}},{"entityName":"826001","metric":{"type":"TOTAL","count":233,"amount":289336.0}},{"entityName":"831001","metric":{"type":"TOTAL","count":227,"amount":265229.0}},{"entityName":"834002","metric":{"type":"TOTAL","count":190,"amount":232440.0}},{"entityName":"834008","metric":{"type":"TOTAL","count":159,"amount":204906.0}},{"entityName":"834005","metric":{"type":"TOTAL","count":146,"amount":154409.0}},{"entityName":"827013","metric":{"type":"TOTAL","count":130,"amount":199986.0}},{"entityName":"830003","metric":{"type":"TOTAL","count":123,"amount":209193.0}},{"entityName":"834009","metric":{"type":"TOTAL","count":122,"amount":128516.0}},{"entityName":"832108","metric":{"type":"TOTAL","count":112,"amount":118475.0}}]},"responseTimestamp":1692611128454}