{"success":true,"code":"SUCCESS","data":{"states":null,"districts":[{"entityName":"lakshadweep","metric":{"type":"TOTAL","count":19,"amount":16034.0}}],"pincodes":[{"entityName":"682551","metric":{"type":"TOTAL","count":15,"amount":12506.0}},{"entityName":"682555","metric":{"type":"TOTAL","count":2,"amount":2010.0}},{"entityName":"682556","metric":{"type":"TOTAL","count":1,"amount":233.0}},{"entityName":"682552","metric":{"type":"TOTAL","count":1,"amount":1285.0}}]},"responseTimestamp":1692611062339}