{"success":true,"code":"SUCCESS","data":{"states":null,"districts":[{"entityName":"lakshadweep","metric":{"type":"TOTAL","count":11,"amount":17096.0}}],"pincodes":[{"entityName":"682555","metric":{"type":"TOTAL","count":7,"amount":8240.0}},{"entityName":"682551","metric":{"type":"TOTAL","count":2,"amount":3404.0}},{"entityName":"682556","metric":{"type":"TOTAL","count":1,"amount":47.0}},{"entityName":"682557","metric":{"type":"TOTAL","count":1,"amount":5405.0}}]},"responseTimestamp":1692611113867}