{"success":true,"code":"SUCCESS","data":{"states":null,"districts":[{"entityName":"imphal west","metric":{"type":"TOTAL","count":127,"amount":275425.0}},{"entityName":"imphal east","metric":{"type":"TOTAL","count":70,"amount":124428.0}},{"entityName":"thoubal","metric":{"type":"TOTAL","count":33,"amount":20964.0}},{"entityName":"bishnupur","metric":{"type":"TOTAL","count":27,"amount":34396.0}},{"entityName":"kangpokpi","metric":{"type":"TOTAL","count":27,"amount":37878.0}},{"entityName":"churachandpur","metric":{"type":"TOTAL","count":17,"amount":23717.0}},{"entityName":"jiribam","metric":{"type":"TOTAL","count":17,"amount":43972.0}},{"entityName":"chandel","metric":{"type":"TOTAL","count":12,"amount":24523.0}},{"entityName":"tamenglong","metric":{"type":"TOTAL","count":12,"amount":20744.0}},{"entityName":"tengnoupal","metric":{"type":"TOTAL","count":10,"amount":7427.0}}],"pincodes":[{"entityName":"795004","metric":{"type":"TOTAL","count":63,"amount":149176.0}},{"entityName":"795001","metric":{"type":"TOTAL","count":25,"amount":34767.0}},{"entityName":"795002","metric":{"type":"TOTAL","count":20,"amount":35552.0}},{"entityName":"795116","metric":{"type":"TOTAL","count":17,"amount":43972.0}},{"entityName":"795148","metric":{"type":"TOTAL","count":17,"amount":6832.0}},{"entityName":"795134","metric":{"type":"TOTAL","count":13,"amount":32417.0}},{"entityName":"795138","metric":{"type":"TOTAL","count":13,"amount":10461.0}},{"entityName":"795107","metric":{"type":"TOTAL","count":13,"amount":19738.0}},{"entityName":"795133","metric":{"type":"TOTAL","count":13,"amount":11587.0}},{"entityName":"795129","metric":{"type":"TOTAL","count":12,"amount":16777.0}}]},"responseTimestamp":1714727725946}