{"success":true,"code":"SUCCESS","data":{"states":null,"districts":[{"entityName":"imphal west","metric":{"type":"TOTAL","count":108,"amount":207392.0}},{"entityName":"imphal east","metric":{"type":"TOTAL","count":69,"amount":140054.0}},{"entityName":"kangpokpi","metric":{"type":"TOTAL","count":36,"amount":80540.0}},{"entityName":"bishnupur","metric":{"type":"TOTAL","count":25,"amount":30408.0}},{"entityName":"churachandpur","metric":{"type":"TOTAL","count":19,"amount":33256.0}},{"entityName":"thoubal","metric":{"type":"TOTAL","count":16,"amount":22555.0}},{"entityName":"chandel","metric":{"type":"TOTAL","count":15,"amount":48066.0}},{"entityName":"jiribam","metric":{"type":"TOTAL","count":12,"amount":14578.0}},{"entityName":"ukhrul","metric":{"type":"TOTAL","count":11,"amount":27333.0}},{"entityName":"tamenglong","metric":{"type":"TOTAL","count":10,"amount":21477.0}}],"pincodes":[{"entityName":"795004","metric":{"type":"TOTAL","count":64,"amount":109022.0}},{"entityName":"795002","metric":{"type":"TOTAL","count":23,"amount":40295.0}},{"entityName":"795001","metric":{"type":"TOTAL","count":20,"amount":33892.0}},{"entityName":"795138","metric":{"type":"TOTAL","count":14,"amount":18244.0}},{"entityName":"795129","metric":{"type":"TOTAL","count":14,"amount":34487.0}},{"entityName":"795133","metric":{"type":"TOTAL","count":13,"amount":7192.0}},{"entityName":"795128","metric":{"type":"TOTAL","count":12,"amount":22569.0}},{"entityName":"795116","metric":{"type":"TOTAL","count":9,"amount":12857.0}},{"entityName":"795149","metric":{"type":"TOTAL","count":9,"amount":12730.0}},{"entityName":"795103","metric":{"type":"TOTAL","count":8,"amount":7223.0}}]},"responseTimestamp":1722517851061}