{"success":true,"code":"SUCCESS","data":{"states":null,"districts":[{"entityName":"imphal west","metric":{"type":"TOTAL","count":96,"amount":224181.0}},{"entityName":"imphal east","metric":{"type":"TOTAL","count":40,"amount":78874.0}},{"entityName":"thoubal","metric":{"type":"TOTAL","count":36,"amount":68411.0}},{"entityName":"bishnupur","metric":{"type":"TOTAL","count":23,"amount":37306.0}},{"entityName":"churachandpur","metric":{"type":"TOTAL","count":19,"amount":30718.0}},{"entityName":"kangpokpi","metric":{"type":"TOTAL","count":15,"amount":18748.0}},{"entityName":"senapati","metric":{"type":"TOTAL","count":12,"amount":24046.0}},{"entityName":"jiribam","metric":{"type":"TOTAL","count":9,"amount":26505.0}},{"entityName":"tamenglong","metric":{"type":"TOTAL","count":8,"amount":13711.0}},{"entityName":"chandel","metric":{"type":"TOTAL","count":8,"amount":23490.0}}],"pincodes":[{"entityName":"795001","metric":{"type":"TOTAL","count":38,"amount":75194.0}},{"entityName":"795004","metric":{"type":"TOTAL","count":26,"amount":47217.0}},{"entityName":"795002","metric":{"type":"TOTAL","count":19,"amount":52824.0}},{"entityName":"795128","metric":{"type":"TOTAL","count":16,"amount":21355.0}},{"entityName":"795148","metric":{"type":"TOTAL","count":11,"amount":11308.0}},{"entityName":"795138","metric":{"type":"TOTAL","count":11,"amount":29860.0}},{"entityName":"795133","metric":{"type":"TOTAL","count":11,"amount":14504.0}},{"entityName":"795146","metric":{"type":"TOTAL","count":10,"amount":20403.0}},{"entityName":"795005","metric":{"type":"TOTAL","count":9,"amount":16869.0}},{"entityName":"795116","metric":{"type":"TOTAL","count":9,"amount":26505.0}}]},"responseTimestamp":1739974377734}