{"success":true,"code":"SUCCESS","data":{"states":null,"districts":[{"entityName":"imphal west","metric":{"type":"TOTAL","count":127,"amount":271206.0}},{"entityName":"imphal east","metric":{"type":"TOTAL","count":77,"amount":140889.0}},{"entityName":"thoubal","metric":{"type":"TOTAL","count":39,"amount":66801.0}},{"entityName":"bishnupur","metric":{"type":"TOTAL","count":31,"amount":75892.0}},{"entityName":"kangpokpi","metric":{"type":"TOTAL","count":25,"amount":74025.0}},{"entityName":"churachandpur","metric":{"type":"TOTAL","count":20,"amount":41801.0}},{"entityName":"kakching","metric":{"type":"TOTAL","count":18,"amount":56585.0}},{"entityName":"jiribam","metric":{"type":"TOTAL","count":16,"amount":17517.0}},{"entityName":"senapati","metric":{"type":"TOTAL","count":14,"amount":28034.0}},{"entityName":"chandel","metric":{"type":"TOTAL","count":10,"amount":19370.0}}],"pincodes":[{"entityName":"795004","metric":{"type":"TOTAL","count":40,"amount":76062.0}},{"entityName":"795002","metric":{"type":"TOTAL","count":37,"amount":63682.0}},{"entityName":"795001","metric":{"type":"TOTAL","count":30,"amount":86113.0}},{"entityName":"795010","metric":{"type":"TOTAL","count":16,"amount":37456.0}},{"entityName":"795128","metric":{"type":"TOTAL","count":16,"amount":34233.0}},{"entityName":"795133","metric":{"type":"TOTAL","count":16,"amount":50252.0}},{"entityName":"795116","metric":{"type":"TOTAL","count":15,"amount":17506.0}},{"entityName":"795130","metric":{"type":"TOTAL","count":14,"amount":30530.0}},{"entityName":"795149","metric":{"type":"TOTAL","count":13,"amount":22023.0}},{"entityName":"795113","metric":{"type":"TOTAL","count":12,"amount":28312.0}}]},"responseTimestamp":1739974599683}