{"success":true,"code":"SUCCESS","data":{"states":null,"districts":[{"entityName":"imphal west","metric":{"type":"TOTAL","count":69,"amount":201073.0}},{"entityName":"imphal east","metric":{"type":"TOTAL","count":47,"amount":90627.0}},{"entityName":"churachandpur","metric":{"type":"TOTAL","count":29,"amount":75246.0}},{"entityName":"kangpokpi","metric":{"type":"TOTAL","count":12,"amount":50757.0}},{"entityName":"bishnupur","metric":{"type":"TOTAL","count":11,"amount":31927.0}},{"entityName":"thoubal","metric":{"type":"TOTAL","count":10,"amount":23968.0}},{"entityName":"chandel","metric":{"type":"TOTAL","count":9,"amount":15346.0}},{"entityName":"senapati","metric":{"type":"TOTAL","count":9,"amount":30067.0}},{"entityName":"tengnoupal","metric":{"type":"TOTAL","count":8,"amount":46764.0}},{"entityName":"jiribam","metric":{"type":"TOTAL","count":5,"amount":22938.0}}],"pincodes":[{"entityName":"795004","metric":{"type":"TOTAL","count":34,"amount":121312.0}},{"entityName":"795002","metric":{"type":"TOTAL","count":16,"amount":24436.0}},{"entityName":"795006","metric":{"type":"TOTAL","count":16,"amount":38242.0}},{"entityName":"795001","metric":{"type":"TOTAL","count":12,"amount":32952.0}},{"entityName":"795128","metric":{"type":"TOTAL","count":9,"amount":31237.0}},{"entityName":"795003","metric":{"type":"TOTAL","count":8,"amount":14363.0}},{"entityName":"795133","metric":{"type":"TOTAL","count":7,"amount":19860.0}},{"entityName":"795010","metric":{"type":"TOTAL","count":6,"amount":12714.0}},{"entityName":"795138","metric":{"type":"TOTAL","count":6,"amount":14420.0}},{"entityName":"795149","metric":{"type":"TOTAL","count":6,"amount":15118.0}}]},"responseTimestamp":1692619165493}