{"success":true,"code":"SUCCESS","data":{"states":null,"districts":[{"entityName":"imphal west","metric":{"type":"TOTAL","count":37,"amount":84234.0}},{"entityName":"imphal east","metric":{"type":"TOTAL","count":30,"amount":81733.0}},{"entityName":"bishnupur","metric":{"type":"TOTAL","count":11,"amount":54232.0}},{"entityName":"kangpokpi","metric":{"type":"TOTAL","count":11,"amount":23066.0}},{"entityName":"churachandpur","metric":{"type":"TOTAL","count":9,"amount":17080.0}},{"entityName":"kakching","metric":{"type":"TOTAL","count":8,"amount":24668.0}},{"entityName":"thoubal","metric":{"type":"TOTAL","count":5,"amount":14680.0}},{"entityName":"senapati","metric":{"type":"TOTAL","count":4,"amount":14728.0}},{"entityName":"jiribam","metric":{"type":"TOTAL","count":3,"amount":7179.0}},{"entityName":"tamenglong","metric":{"type":"TOTAL","count":3,"amount":10701.0}}],"pincodes":[{"entityName":"795004","metric":{"type":"TOTAL","count":22,"amount":49004.0}},{"entityName":"795002","metric":{"type":"TOTAL","count":11,"amount":29290.0}},{"entityName":"795103","metric":{"type":"TOTAL","count":8,"amount":24668.0}},{"entityName":"795107","metric":{"type":"TOTAL","count":7,"amount":8711.0}},{"entityName":"795001","metric":{"type":"TOTAL","count":7,"amount":20009.0}},{"entityName":"795130","metric":{"type":"TOTAL","count":5,"amount":13006.0}},{"entityName":"795011","metric":{"type":"TOTAL","count":4,"amount":10571.0}},{"entityName":"795010","metric":{"type":"TOTAL","count":4,"amount":11069.0}},{"entityName":"795133","metric":{"type":"TOTAL","count":4,"amount":17678.0}},{"entityName":"795140","metric":{"type":"TOTAL","count":4,"amount":4543.0}}]},"responseTimestamp":1692619347261}