{"success":true,"code":"SUCCESS","data":{"states":null,"districts":[{"entityName":"imphal west","metric":{"type":"TOTAL","count":35,"amount":74416.0}},{"entityName":"imphal east","metric":{"type":"TOTAL","count":11,"amount":26461.0}},{"entityName":"kangpokpi","metric":{"type":"TOTAL","count":6,"amount":13409.0}},{"entityName":"churachandpur","metric":{"type":"TOTAL","count":4,"amount":8758.0}},{"entityName":"senapati","metric":{"type":"TOTAL","count":4,"amount":6725.0}},{"entityName":"jiribam","metric":{"type":"TOTAL","count":4,"amount":23164.0}},{"entityName":"thoubal","metric":{"type":"TOTAL","count":3,"amount":9675.0}},{"entityName":"tamenglong","metric":{"type":"TOTAL","count":3,"amount":13492.0}},{"entityName":"bishnupur","metric":{"type":"TOTAL","count":3,"amount":8293.0}},{"entityName":"ukhrul","metric":{"type":"TOTAL","count":1,"amount":5822.0}}],"pincodes":[{"entityName":"795004","metric":{"type":"TOTAL","count":25,"amount":24469.0}},{"entityName":"795001","metric":{"type":"TOTAL","count":6,"amount":10824.0}},{"entityName":"795008","metric":{"type":"TOTAL","count":4,"amount":33163.0}},{"entityName":"795006","metric":{"type":"TOTAL","count":4,"amount":8758.0}},{"entityName":"795002","metric":{"type":"TOTAL","count":3,"amount":7782.0}},{"entityName":"795116","metric":{"type":"TOTAL","count":3,"amount":12931.0}},{"entityName":"795107","metric":{"type":"TOTAL","count":3,"amount":3626.0}},{"entityName":"795159","metric":{"type":"TOTAL","count":2,"amount":9912.0}},{"entityName":"795113","metric":{"type":"TOTAL","count":2,"amount":3745.0}},{"entityName":"795148","metric":{"type":"TOTAL","count":2,"amount":3834.0}}]},"responseTimestamp":1697612183498}