{"success":true,"code":"SUCCESS","data":{"states":null,"districts":[{"entityName":"imphal west","metric":{"type":"TOTAL","count":84,"amount":166274.0}},{"entityName":"imphal east","metric":{"type":"TOTAL","count":65,"amount":104022.0}},{"entityName":"kangpokpi","metric":{"type":"TOTAL","count":21,"amount":63414.0}},{"entityName":"jiribam","metric":{"type":"TOTAL","count":16,"amount":32180.0}},{"entityName":"bishnupur","metric":{"type":"TOTAL","count":15,"amount":38427.0}},{"entityName":"churachandpur","metric":{"type":"TOTAL","count":4,"amount":8832.0}},{"entityName":"thoubal","metric":{"type":"TOTAL","count":4,"amount":9424.0}},{"entityName":"senapati","metric":{"type":"TOTAL","count":4,"amount":15815.0}},{"entityName":"ukhrul","metric":{"type":"TOTAL","count":3,"amount":3639.0}},{"entityName":"tamenglong","metric":{"type":"TOTAL","count":3,"amount":6366.0}}],"pincodes":[{"entityName":"795004","metric":{"type":"TOTAL","count":50,"amount":70452.0}},{"entityName":"795002","metric":{"type":"TOTAL","count":28,"amount":37847.0}},{"entityName":"795001","metric":{"type":"TOTAL","count":25,"amount":44031.0}},{"entityName":"795116","metric":{"type":"TOTAL","count":16,"amount":32180.0}},{"entityName":"795129","metric":{"type":"TOTAL","count":10,"amount":26311.0}},{"entityName":"795133","metric":{"type":"TOTAL","count":9,"amount":22618.0}},{"entityName":"795107","metric":{"type":"TOTAL","count":7,"amount":23827.0}},{"entityName":"795003","metric":{"type":"TOTAL","count":6,"amount":8450.0}},{"entityName":"795130","metric":{"type":"TOTAL","count":6,"amount":30020.0}},{"entityName":"795113","metric":{"type":"TOTAL","count":6,"amount":13222.0}}]},"responseTimestamp":1706092839576}