{"success":true,"code":"SUCCESS","data":{"states":null,"districts":[{"entityName":"dimapur","metric":{"type":"TOTAL","count":48,"amount":33072.0}},{"entityName":"kohima","metric":{"type":"TOTAL","count":9,"amount":1540.0}},{"entityName":"mon","metric":{"type":"TOTAL","count":5,"amount":688.0}},{"entityName":"zunheboto","metric":{"type":"TOTAL","count":4,"amount":1250.0}},{"entityName":"wokha","metric":{"type":"TOTAL","count":4,"amount":3531.0}},{"entityName":"tuensang","metric":{"type":"TOTAL","count":3,"amount":868.0}},{"entityName":"mokokchung","metric":{"type":"TOTAL","count":2,"amount":1256.0}},{"entityName":"longleng","metric":{"type":"TOTAL","count":2,"amount":702.0}},{"entityName":"peren","metric":{"type":"TOTAL","count":1,"amount":33.0}},{"entityName":"kiphire","metric":{"type":"TOTAL","count":1,"amount":33.0}}],"pincodes":[{"entityName":"797112","metric":{"type":"TOTAL","count":26,"amount":9899.0}},{"entityName":"797115","metric":{"type":"TOTAL","count":5,"amount":4869.0}},{"entityName":"797118","metric":{"type":"TOTAL","count":5,"amount":5014.0}},{"entityName":"797111","metric":{"type":"TOTAL","count":4,"amount":3531.0}},{"entityName":"797113","metric":{"type":"TOTAL","count":4,"amount":1168.0}},{"entityName":"798620","metric":{"type":"TOTAL","count":3,"amount":581.0}},{"entityName":"798612","metric":{"type":"TOTAL","count":3,"amount":868.0}},{"entityName":"797004","metric":{"type":"TOTAL","count":3,"amount":233.0}},{"entityName":"798621","metric":{"type":"TOTAL","count":3,"amount":447.0}},{"entityName":"797116","metric":{"type":"TOTAL","count":3,"amount":407.0}}]},"responseTimestamp":1692610987845}