{"success":true,"code":"SUCCESS","data":{"states":null,"districts":[{"entityName":"dimapur","metric":{"type":"TOTAL","count":61,"amount":107022.0}},{"entityName":"kohima","metric":{"type":"TOTAL","count":7,"amount":2618.0}},{"entityName":"mokokchung","metric":{"type":"TOTAL","count":6,"amount":11572.0}},{"entityName":"mon","metric":{"type":"TOTAL","count":4,"amount":13636.0}},{"entityName":"peren","metric":{"type":"TOTAL","count":3,"amount":472.0}},{"entityName":"phek","metric":{"type":"TOTAL","count":2,"amount":2504.0}},{"entityName":"wokha","metric":{"type":"TOTAL","count":1,"amount":47.0}},{"entityName":"zunheboto","metric":{"type":"TOTAL","count":1,"amount":1608.0}}],"pincodes":[{"entityName":"797112","metric":{"type":"TOTAL","count":33,"amount":20179.0}},{"entityName":"797117","metric":{"type":"TOTAL","count":10,"amount":75504.0}},{"entityName":"797115","metric":{"type":"TOTAL","count":5,"amount":2193.0}},{"entityName":"797118","metric":{"type":"TOTAL","count":5,"amount":5941.0}},{"entityName":"798601","metric":{"type":"TOTAL","count":5,"amount":6216.0}},{"entityName":"797113","metric":{"type":"TOTAL","count":4,"amount":560.0}},{"entityName":"797120","metric":{"type":"TOTAL","count":4,"amount":1418.0}},{"entityName":"798621","metric":{"type":"TOTAL","count":3,"amount":13589.0}},{"entityName":"797110","metric":{"type":"TOTAL","count":3,"amount":472.0}},{"entityName":"797116","metric":{"type":"TOTAL","count":2,"amount":1678.0}}]},"responseTimestamp":1692611040054}