{"success":true,"code":"SUCCESS","data":{"states":null,"districts":[{"entityName":"dimapur","metric":{"type":"TOTAL","count":66,"amount":98101.0}},{"entityName":"kohima","metric":{"type":"TOTAL","count":11,"amount":18701.0}},{"entityName":"mokokchung","metric":{"type":"TOTAL","count":4,"amount":2596.0}},{"entityName":"phek","metric":{"type":"TOTAL","count":4,"amount":3770.0}},{"entityName":"wokha","metric":{"type":"TOTAL","count":2,"amount":95.0}},{"entityName":"mon","metric":{"type":"TOTAL","count":2,"amount":96.0}},{"entityName":"peren","metric":{"type":"TOTAL","count":1,"amount":236.0}},{"entityName":"tuensang","metric":{"type":"TOTAL","count":1,"amount":48.0}}],"pincodes":[{"entityName":"797112","metric":{"type":"TOTAL","count":23,"amount":25286.0}},{"entityName":"797117","metric":{"type":"TOTAL","count":11,"amount":3392.0}},{"entityName":"797118","metric":{"type":"TOTAL","count":9,"amount":6121.0}},{"entityName":"797115","metric":{"type":"TOTAL","count":7,"amount":6293.0}},{"entityName":"797113","metric":{"type":"TOTAL","count":7,"amount":25577.0}},{"entityName":"797103","metric":{"type":"TOTAL","count":6,"amount":24939.0}},{"entityName":"797120","metric":{"type":"TOTAL","count":4,"amount":10536.0}},{"entityName":"797001","metric":{"type":"TOTAL","count":3,"amount":143.0}},{"entityName":"798621","metric":{"type":"TOTAL","count":2,"amount":96.0}},{"entityName":"797116","metric":{"type":"TOTAL","count":2,"amount":3011.0}}]},"responseTimestamp":1692611091714}