{"success":true,"code":"SUCCESS","data":{"states":null,"districts":[{"entityName":"dimapur","metric":{"type":"TOTAL","count":133,"amount":229207.0}},{"entityName":"kohima","metric":{"type":"TOTAL","count":17,"amount":25180.0}},{"entityName":"mokokchung","metric":{"type":"TOTAL","count":13,"amount":36881.0}},{"entityName":"phek","metric":{"type":"TOTAL","count":5,"amount":5615.0}},{"entityName":"peren","metric":{"type":"TOTAL","count":4,"amount":18740.0}},{"entityName":"tuensang","metric":{"type":"TOTAL","count":3,"amount":9471.0}},{"entityName":"longleng","metric":{"type":"TOTAL","count":3,"amount":7896.0}},{"entityName":"mon","metric":{"type":"TOTAL","count":2,"amount":4069.0}},{"entityName":"zunheboto","metric":{"type":"TOTAL","count":1,"amount":425.0}},{"entityName":"wokha","metric":{"type":"TOTAL","count":1,"amount":463.0}}],"pincodes":[{"entityName":"797112","metric":{"type":"TOTAL","count":59,"amount":91299.0}},{"entityName":"797115","metric":{"type":"TOTAL","count":19,"amount":39355.0}},{"entityName":"797113","metric":{"type":"TOTAL","count":12,"amount":16138.0}},{"entityName":"797118","metric":{"type":"TOTAL","count":12,"amount":16254.0}},{"entityName":"797117","metric":{"type":"TOTAL","count":12,"amount":15279.0}},{"entityName":"797103","metric":{"type":"TOTAL","count":12,"amount":22507.0}},{"entityName":"798604","metric":{"type":"TOTAL","count":8,"amount":21464.0}},{"entityName":"797001","metric":{"type":"TOTAL","count":8,"amount":6702.0}},{"entityName":"797116","metric":{"type":"TOTAL","count":5,"amount":20743.0}},{"entityName":"798618","metric":{"type":"TOTAL","count":4,"amount":7123.0}}]},"responseTimestamp":1692611143218}