{"success":true,"code":"SUCCESS","data":{"states":null,"districts":[{"entityName":"indore","metric":{"type":"TOTAL","count":3338,"amount":4391052.0}},{"entityName":"bhopal","metric":{"type":"TOTAL","count":1432,"amount":2382094.0}},{"entityName":"gwalior","metric":{"type":"TOTAL","count":794,"amount":1131189.0}},{"entityName":"jabalpur","metric":{"type":"TOTAL","count":694,"amount":992911.0}},{"entityName":"ujjain","metric":{"type":"TOTAL","count":541,"amount":675707.0}},{"entityName":"satna","metric":{"type":"TOTAL","count":393,"amount":533125.0}},{"entityName":"dewas","metric":{"type":"TOTAL","count":334,"amount":486386.0}},{"entityName":"chhindwara","metric":{"type":"TOTAL","count":333,"amount":633829.0}},{"entityName":"singrauli","metric":{"type":"TOTAL","count":325,"amount":496325.0}},{"entityName":"rewa","metric":{"type":"TOTAL","count":311,"amount":438555.0}}],"pincodes":[{"entityName":"452010","metric":{"type":"TOTAL","count":387,"amount":458284.0}},{"entityName":"452001","metric":{"type":"TOTAL","count":289,"amount":295078.0}},{"entityName":"452009","metric":{"type":"TOTAL","count":254,"amount":325854.0}},{"entityName":"452016","metric":{"type":"TOTAL","count":249,"amount":413080.0}},{"entityName":"452003","metric":{"type":"TOTAL","count":242,"amount":255686.0}},{"entityName":"482002","metric":{"type":"TOTAL","count":199,"amount":242274.0}},{"entityName":"452020","metric":{"type":"TOTAL","count":197,"amount":263588.0}},{"entityName":"455001","metric":{"type":"TOTAL","count":187,"amount":295488.0}},{"entityName":"456006","metric":{"type":"TOTAL","count":180,"amount":190207.0}},{"entityName":"485001","metric":{"type":"TOTAL","count":174,"amount":198588.0}}]},"responseTimestamp":1692611158998}