{"success":true,"code":"SUCCESS","data":{"states":null,"districts":[{"entityName":"indore","metric":{"type":"TOTAL","count":3158,"amount":4107710.0}},{"entityName":"bhopal","metric":{"type":"TOTAL","count":1558,"amount":2101745.0}},{"entityName":"gwalior","metric":{"type":"TOTAL","count":888,"amount":1206830.0}},{"entityName":"jabalpur","metric":{"type":"TOTAL","count":676,"amount":1002513.0}},{"entityName":"ujjain","metric":{"type":"TOTAL","count":501,"amount":637321.0}},{"entityName":"dhar","metric":{"type":"TOTAL","count":430,"amount":467154.0}},{"entityName":"rewa","metric":{"type":"TOTAL","count":389,"amount":563082.0}},{"entityName":"satna","metric":{"type":"TOTAL","count":388,"amount":524950.0}},{"entityName":"dewas","metric":{"type":"TOTAL","count":352,"amount":461324.0}},{"entityName":"chhindwara","metric":{"type":"TOTAL","count":344,"amount":537424.0}}],"pincodes":[{"entityName":"452010","metric":{"type":"TOTAL","count":412,"amount":425203.0}},{"entityName":"452001","metric":{"type":"TOTAL","count":256,"amount":292802.0}},{"entityName":"452016","metric":{"type":"TOTAL","count":255,"amount":437268.0}},{"entityName":"482002","metric":{"type":"TOTAL","count":252,"amount":374764.0}},{"entityName":"452009","metric":{"type":"TOTAL","count":226,"amount":253602.0}},{"entityName":"452003","metric":{"type":"TOTAL","count":225,"amount":297874.0}},{"entityName":"455001","metric":{"type":"TOTAL","count":223,"amount":289444.0}},{"entityName":"456006","metric":{"type":"TOTAL","count":156,"amount":177366.0}},{"entityName":"482001","metric":{"type":"TOTAL","count":156,"amount":237564.0}},{"entityName":"485001","metric":{"type":"TOTAL","count":155,"amount":200394.0}}]},"responseTimestamp":1692611210500}