{"success":true,"code":"SUCCESS","data":{"states":null,"districts":[{"entityName":"indore","metric":{"type":"TOTAL","count":4843,"amount":5899749.0}},{"entityName":"bhopal","metric":{"type":"TOTAL","count":2666,"amount":3738867.0}},{"entityName":"gwalior","metric":{"type":"TOTAL","count":1415,"amount":1706159.0}},{"entityName":"jabalpur","metric":{"type":"TOTAL","count":1193,"amount":1547332.0}},{"entityName":"ujjain","metric":{"type":"TOTAL","count":715,"amount":922071.0}},{"entityName":"dhar","metric":{"type":"TOTAL","count":640,"amount":783991.0}},{"entityName":"rewa","metric":{"type":"TOTAL","count":596,"amount":753227.0}},{"entityName":"chhindwara","metric":{"type":"TOTAL","count":555,"amount":773408.0}},{"entityName":"singrauli","metric":{"type":"TOTAL","count":550,"amount":768082.0}},{"entityName":"dewas","metric":{"type":"TOTAL","count":549,"amount":773666.0}}],"pincodes":[{"entityName":"452010","metric":{"type":"TOTAL","count":575,"amount":669254.0}},{"entityName":"452001","metric":{"type":"TOTAL","count":476,"amount":548301.0}},{"entityName":"452016","metric":{"type":"TOTAL","count":381,"amount":541981.0}},{"entityName":"482002","metric":{"type":"TOTAL","count":373,"amount":467038.0}},{"entityName":"455001","metric":{"type":"TOTAL","count":345,"amount":506515.0}},{"entityName":"452009","metric":{"type":"TOTAL","count":332,"amount":454942.0}},{"entityName":"452003","metric":{"type":"TOTAL","count":294,"amount":275516.0}},{"entityName":"452020","metric":{"type":"TOTAL","count":293,"amount":331098.0}},{"entityName":"462022","metric":{"type":"TOTAL","count":271,"amount":384616.0}},{"entityName":"482001","metric":{"type":"TOTAL","count":261,"amount":314321.0}}]},"responseTimestamp":1692611261988}