{"success":true,"code":"SUCCESS","data":{"states":null,"districts":[{"entityName":"indore","metric":{"type":"TOTAL","count":6547,"amount":8985121.0}},{"entityName":"bhopal","metric":{"type":"TOTAL","count":3485,"amount":5566909.0}},{"entityName":"gwalior","metric":{"type":"TOTAL","count":1685,"amount":2252079.0}},{"entityName":"jabalpur","metric":{"type":"TOTAL","count":1665,"amount":2299836.0}},{"entityName":"ujjain","metric":{"type":"TOTAL","count":984,"amount":1329724.0}},{"entityName":"dhar","metric":{"type":"TOTAL","count":819,"amount":1072410.0}},{"entityName":"rewa","metric":{"type":"TOTAL","count":763,"amount":1104619.0}},{"entityName":"singrauli","metric":{"type":"TOTAL","count":697,"amount":1173189.0}},{"entityName":"dewas","metric":{"type":"TOTAL","count":688,"amount":1057408.0}},{"entityName":"chhindwara","metric":{"type":"TOTAL","count":668,"amount":1051247.0}}],"pincodes":[{"entityName":"452010","metric":{"type":"TOTAL","count":760,"amount":1027736.0}},{"entityName":"452001","metric":{"type":"TOTAL","count":661,"amount":737534.0}},{"entityName":"452016","metric":{"type":"TOTAL","count":537,"amount":868792.0}},{"entityName":"452009","metric":{"type":"TOTAL","count":507,"amount":705788.0}},{"entityName":"455001","metric":{"type":"TOTAL","count":446,"amount":633466.0}},{"entityName":"452003","metric":{"type":"TOTAL","count":426,"amount":461088.0}},{"entityName":"482002","metric":{"type":"TOTAL","count":409,"amount":614146.0}},{"entityName":"452020","metric":{"type":"TOTAL","count":343,"amount":462629.0}},{"entityName":"462022","metric":{"type":"TOTAL","count":330,"amount":513575.0}},{"entityName":"482001","metric":{"type":"TOTAL","count":314,"amount":448685.0}}]},"responseTimestamp":1692611313801}