{"success":true,"code":"SUCCESS","data":{"states":null,"districts":[{"entityName":"leh ladakh","metric":{"type":"TOTAL","count":22,"amount":29962.0}},{"entityName":"kargil","metric":{"type":"TOTAL","count":10,"amount":4568.0}}],"pincodes":[{"entityName":"194104","metric":{"type":"TOTAL","count":6,"amount":9013.0}},{"entityName":"194201","metric":{"type":"TOTAL","count":4,"amount":4212.0}},{"entityName":"194401","metric":{"type":"TOTAL","count":3,"amount":7138.0}},{"entityName":"194101","metric":{"type":"TOTAL","count":3,"amount":3047.0}},{"entityName":"194109","metric":{"type":"TOTAL","count":3,"amount":448.0}},{"entityName":"194107","metric":{"type":"TOTAL","count":3,"amount":2617.0}},{"entityName":"194102","metric":{"type":"TOTAL","count":3,"amount":573.0}},{"entityName":"194105","metric":{"type":"TOTAL","count":2,"amount":1930.0}},{"entityName":"194703","metric":{"type":"TOTAL","count":2,"amount":1617.0}},{"entityName":"194106","metric":{"type":"TOTAL","count":1,"amount":2119.0}}]},"responseTimestamp":1692610971403}