{"success":true,"code":"SUCCESS","data":{"states":null,"districts":[{"entityName":"leh ladakh","metric":{"type":"TOTAL","count":34,"amount":54093.0}},{"entityName":"kargil","metric":{"type":"TOTAL","count":12,"amount":32158.0}}],"pincodes":[{"entityName":"194101","metric":{"type":"TOTAL","count":10,"amount":12117.0}},{"entityName":"194104","metric":{"type":"TOTAL","count":9,"amount":11531.0}},{"entityName":"194201","metric":{"type":"TOTAL","count":5,"amount":12366.0}},{"entityName":"194103","metric":{"type":"TOTAL","count":5,"amount":18076.0}},{"entityName":"194401","metric":{"type":"TOTAL","count":4,"amount":15690.0}},{"entityName":"194107","metric":{"type":"TOTAL","count":3,"amount":1375.0}},{"entityName":"194106","metric":{"type":"TOTAL","count":3,"amount":1014.0}},{"entityName":"194102","metric":{"type":"TOTAL","count":3,"amount":5710.0}},{"entityName":"194105","metric":{"type":"TOTAL","count":3,"amount":7440.0}},{"entityName":"194301","metric":{"type":"TOTAL","count":1,"amount":932.0}}]},"responseTimestamp":1692611023780}