{"success":true,"code":"SUCCESS","data":{"states":null,"districts":[{"entityName":"leh ladakh","metric":{"type":"TOTAL","count":176,"amount":150296.0}},{"entityName":"kargil","metric":{"type":"TOTAL","count":16,"amount":23756.0}}],"pincodes":[{"entityName":"194101","metric":{"type":"TOTAL","count":108,"amount":53890.0}},{"entityName":"194401","metric":{"type":"TOTAL","count":35,"amount":22454.0}},{"entityName":"194104","metric":{"type":"TOTAL","count":15,"amount":45880.0}},{"entityName":"194201","metric":{"type":"TOTAL","count":12,"amount":26549.0}},{"entityName":"194105","metric":{"type":"TOTAL","count":5,"amount":10392.0}},{"entityName":"194103","metric":{"type":"TOTAL","count":4,"amount":6161.0}},{"entityName":"194106","metric":{"type":"TOTAL","count":3,"amount":1380.0}},{"entityName":"194703","metric":{"type":"TOTAL","count":3,"amount":4223.0}},{"entityName":"194107","metric":{"type":"TOTAL","count":2,"amount":95.0}},{"entityName":"194109","metric":{"type":"TOTAL","count":2,"amount":1394.0}}]},"responseTimestamp":1692611075851}