{"success":true,"code":"SUCCESS","data":{"states":null,"districts":[{"entityName":"leh ladakh","metric":{"type":"TOTAL","count":58,"amount":157274.0}},{"entityName":"kargil","metric":{"type":"TOTAL","count":18,"amount":38692.0}}],"pincodes":[{"entityName":"194104","metric":{"type":"TOTAL","count":18,"amount":48241.0}},{"entityName":"194201","metric":{"type":"TOTAL","count":18,"amount":58529.0}},{"entityName":"194101","metric":{"type":"TOTAL","count":15,"amount":38010.0}},{"entityName":"194103","metric":{"type":"TOTAL","count":7,"amount":15034.0}},{"entityName":"194401","metric":{"type":"TOTAL","count":5,"amount":9848.0}},{"entityName":"194105","metric":{"type":"TOTAL","count":4,"amount":14375.0}},{"entityName":"194102","metric":{"type":"TOTAL","count":3,"amount":3760.0}},{"entityName":"194703","metric":{"type":"TOTAL","count":2,"amount":4068.0}},{"entityName":"194109","metric":{"type":"TOTAL","count":2,"amount":1455.0}},{"entityName":"194107","metric":{"type":"TOTAL","count":1,"amount":1317.0}}]},"responseTimestamp":1692611127235}