{"success":true,"code":"SUCCESS","data":{"states":null,"districts":[{"entityName":"aizawl","metric":{"type":"TOTAL","count":155,"amount":185666.0}},{"entityName":"lunglei","metric":{"type":"TOTAL","count":38,"amount":70539.0}},{"entityName":"serchhip","metric":{"type":"TOTAL","count":20,"amount":45465.0}},{"entityName":"kolasib","metric":{"type":"TOTAL","count":19,"amount":18506.0}},{"entityName":"lawngtlai","metric":{"type":"TOTAL","count":18,"amount":49517.0}},{"entityName":"mamit","metric":{"type":"TOTAL","count":13,"amount":24515.0}},{"entityName":"champhai","metric":{"type":"TOTAL","count":9,"amount":11139.0}},{"entityName":"saiha","metric":{"type":"TOTAL","count":5,"amount":22346.0}}],"pincodes":[{"entityName":"796005","metric":{"type":"TOTAL","count":52,"amount":69297.0}},{"entityName":"796009","metric":{"type":"TOTAL","count":48,"amount":52066.0}},{"entityName":"796701","metric":{"type":"TOTAL","count":27,"amount":55894.0}},{"entityName":"796017","metric":{"type":"TOTAL","count":20,"amount":18105.0}},{"entityName":"796012","metric":{"type":"TOTAL","count":17,"amount":26980.0}},{"entityName":"796181","metric":{"type":"TOTAL","count":16,"amount":37794.0}},{"entityName":"796101","metric":{"type":"TOTAL","count":9,"amount":11727.0}},{"entityName":"796891","metric":{"type":"TOTAL","count":8,"amount":36611.0}},{"entityName":"796321","metric":{"type":"TOTAL","count":8,"amount":11078.0}},{"entityName":"796441","metric":{"type":"TOTAL","count":6,"amount":3410.0}}]},"responseTimestamp":1714727765220}