{"success":true,"code":"SUCCESS","data":{"states":null,"districts":[{"entityName":"aizawl","metric":{"type":"TOTAL","count":129,"amount":201881.0}},{"entityName":"kolasib","metric":{"type":"TOTAL","count":23,"amount":51525.0}},{"entityName":"lawngtlai","metric":{"type":"TOTAL","count":20,"amount":15935.0}},{"entityName":"lunglei","metric":{"type":"TOTAL","count":17,"amount":23831.0}},{"entityName":"champhai","metric":{"type":"TOTAL","count":9,"amount":10603.0}},{"entityName":"serchhip","metric":{"type":"TOTAL","count":8,"amount":19117.0}},{"entityName":"mamit","metric":{"type":"TOTAL","count":4,"amount":7126.0}},{"entityName":"saiha","metric":{"type":"TOTAL","count":4,"amount":1437.0}}],"pincodes":[{"entityName":"796009","metric":{"type":"TOTAL","count":47,"amount":63832.0}},{"entityName":"796005","metric":{"type":"TOTAL","count":28,"amount":37049.0}},{"entityName":"796017","metric":{"type":"TOTAL","count":21,"amount":35202.0}},{"entityName":"796012","metric":{"type":"TOTAL","count":19,"amount":25348.0}},{"entityName":"796701","metric":{"type":"TOTAL","count":11,"amount":19053.0}},{"entityName":"796772","metric":{"type":"TOTAL","count":11,"amount":11477.0}},{"entityName":"796081","metric":{"type":"TOTAL","count":11,"amount":40562.0}},{"entityName":"796101","metric":{"type":"TOTAL","count":9,"amount":10689.0}},{"entityName":"796014","metric":{"type":"TOTAL","count":8,"amount":13140.0}},{"entityName":"796321","metric":{"type":"TOTAL","count":7,"amount":10511.0}}]},"responseTimestamp":1722517896498}