{"success":true,"code":"SUCCESS","data":{"states":null,"districts":[{"entityName":"aizawl","metric":{"type":"TOTAL","count":105,"amount":148960.0}},{"entityName":"lawngtlai","metric":{"type":"TOTAL","count":25,"amount":43774.0}},{"entityName":"lunglei","metric":{"type":"TOTAL","count":15,"amount":20945.0}},{"entityName":"mamit","metric":{"type":"TOTAL","count":12,"amount":21539.0}},{"entityName":"kolasib","metric":{"type":"TOTAL","count":11,"amount":7991.0}},{"entityName":"serchhip","metric":{"type":"TOTAL","count":7,"amount":17208.0}},{"entityName":"champhai","metric":{"type":"TOTAL","count":4,"amount":7400.0}},{"entityName":"siaha","metric":{"type":"TOTAL","count":4,"amount":7686.0}},{"entityName":"hnahthial","metric":{"type":"TOTAL","count":2,"amount":62.0}},{"entityName":"saitual","metric":{"type":"TOTAL","count":1,"amount":181.0}}],"pincodes":[{"entityName":"796001","metric":{"type":"TOTAL","count":34,"amount":46967.0}},{"entityName":"796005","metric":{"type":"TOTAL","count":19,"amount":22795.0}},{"entityName":"796009","metric":{"type":"TOTAL","count":15,"amount":15635.0}},{"entityName":"796770","metric":{"type":"TOTAL","count":14,"amount":14948.0}},{"entityName":"796017","metric":{"type":"TOTAL","count":10,"amount":11439.0}},{"entityName":"796014","metric":{"type":"TOTAL","count":9,"amount":28851.0}},{"entityName":"796701","metric":{"type":"TOTAL","count":9,"amount":11660.0}},{"entityName":"796891","metric":{"type":"TOTAL","count":8,"amount":28307.0}},{"entityName":"796007","metric":{"type":"TOTAL","count":7,"amount":13187.0}},{"entityName":"796181","metric":{"type":"TOTAL","count":6,"amount":16901.0}}]},"responseTimestamp":1739974422310}