{"success":true,"code":"SUCCESS","data":{"states":null,"districts":[{"entityName":"aizawl","metric":{"type":"TOTAL","count":296,"amount":498655.0}},{"entityName":"lunglei","metric":{"type":"TOTAL","count":49,"amount":90595.0}},{"entityName":"lawngtlai","metric":{"type":"TOTAL","count":36,"amount":51029.0}},{"entityName":"kolasib","metric":{"type":"TOTAL","count":29,"amount":29648.0}},{"entityName":"serchhip","metric":{"type":"TOTAL","count":28,"amount":53725.0}},{"entityName":"siaha","metric":{"type":"TOTAL","count":17,"amount":22273.0}},{"entityName":"mamit","metric":{"type":"TOTAL","count":13,"amount":16176.0}},{"entityName":"champhai","metric":{"type":"TOTAL","count":10,"amount":21869.0}},{"entityName":"saitual","metric":{"type":"TOTAL","count":8,"amount":19680.0}},{"entityName":"khawzawl","metric":{"type":"TOTAL","count":3,"amount":8037.0}}],"pincodes":[{"entityName":"796001","metric":{"type":"TOTAL","count":81,"amount":121629.0}},{"entityName":"796005","metric":{"type":"TOTAL","count":77,"amount":136913.0}},{"entityName":"796007","metric":{"type":"TOTAL","count":43,"amount":76457.0}},{"entityName":"796701","metric":{"type":"TOTAL","count":39,"amount":79571.0}},{"entityName":"796009","metric":{"type":"TOTAL","count":32,"amount":58572.0}},{"entityName":"796181","metric":{"type":"TOTAL","count":23,"amount":39645.0}},{"entityName":"796081","metric":{"type":"TOTAL","count":20,"amount":18392.0}},{"entityName":"796017","metric":{"type":"TOTAL","count":15,"amount":16375.0}},{"entityName":"796008","metric":{"type":"TOTAL","count":15,"amount":32829.0}},{"entityName":"796770","metric":{"type":"TOTAL","count":14,"amount":11488.0}}]},"responseTimestamp":1739974644231}