{"success":true,"code":"SUCCESS","data":{"states":null,"districts":[{"entityName":"kangra","metric":{"type":"TOTAL","count":950,"amount":1883388.0}},{"entityName":"solan","metric":{"type":"TOTAL","count":812,"amount":1428093.0}},{"entityName":"sirmaur","metric":{"type":"TOTAL","count":375,"amount":732159.0}},{"entityName":"hamirpur","metric":{"type":"TOTAL","count":350,"amount":684183.0}},{"entityName":"shimla","metric":{"type":"TOTAL","count":334,"amount":801571.0}},{"entityName":"mandi","metric":{"type":"TOTAL","count":264,"amount":633837.0}},{"entityName":"una","metric":{"type":"TOTAL","count":253,"amount":621486.0}},{"entityName":"chamba","metric":{"type":"TOTAL","count":242,"amount":418898.0}},{"entityName":"kullu","metric":{"type":"TOTAL","count":189,"amount":310035.0}},{"entityName":"bilaspur","metric":{"type":"TOTAL","count":108,"amount":212666.0}}],"pincodes":[{"entityName":"173205","metric":{"type":"TOTAL","count":325,"amount":424721.0}},{"entityName":"174101","metric":{"type":"TOTAL","count":169,"amount":277596.0}},{"entityName":"173025","metric":{"type":"TOTAL","count":158,"amount":240310.0}},{"entityName":"177001","metric":{"type":"TOTAL","count":72,"amount":140517.0}},{"entityName":"176310","metric":{"type":"TOTAL","count":67,"amount":94405.0}},{"entityName":"176061","metric":{"type":"TOTAL","count":62,"amount":102293.0}},{"entityName":"176052","metric":{"type":"TOTAL","count":58,"amount":72699.0}},{"entityName":"176001","metric":{"type":"TOTAL","count":57,"amount":115725.0}},{"entityName":"175131","metric":{"type":"TOTAL","count":54,"amount":81046.0}},{"entityName":"171003","metric":{"type":"TOTAL","count":54,"amount":110266.0}}]},"responseTimestamp":1692619193219}