{"success":true,"code":"SUCCESS","data":{"states":null,"districts":[{"entityName":"kangra","metric":{"type":"TOTAL","count":979,"amount":2087628.0}},{"entityName":"solan","metric":{"type":"TOTAL","count":878,"amount":1427609.0}},{"entityName":"mandi","metric":{"type":"TOTAL","count":373,"amount":750098.0}},{"entityName":"hamirpur","metric":{"type":"TOTAL","count":371,"amount":718811.0}},{"entityName":"shimla","metric":{"type":"TOTAL","count":351,"amount":883035.0}},{"entityName":"una","metric":{"type":"TOTAL","count":299,"amount":645275.0}},{"entityName":"sirmaur","metric":{"type":"TOTAL","count":289,"amount":518018.0}},{"entityName":"chamba","metric":{"type":"TOTAL","count":229,"amount":406428.0}},{"entityName":"kullu","metric":{"type":"TOTAL","count":227,"amount":566436.0}},{"entityName":"bilaspur","metric":{"type":"TOTAL","count":144,"amount":317410.0}}],"pincodes":[{"entityName":"173205","metric":{"type":"TOTAL","count":389,"amount":467736.0}},{"entityName":"174101","metric":{"type":"TOTAL","count":195,"amount":311213.0}},{"entityName":"173025","metric":{"type":"TOTAL","count":124,"amount":201405.0}},{"entityName":"176061","metric":{"type":"TOTAL","count":98,"amount":143366.0}},{"entityName":"175131","metric":{"type":"TOTAL","count":81,"amount":183015.0}},{"entityName":"177001","metric":{"type":"TOTAL","count":76,"amount":114995.0}},{"entityName":"176001","metric":{"type":"TOTAL","count":58,"amount":89110.0}},{"entityName":"176310","metric":{"type":"TOTAL","count":57,"amount":90289.0}},{"entityName":"174303","metric":{"type":"TOTAL","count":56,"amount":112588.0}},{"entityName":"173220","metric":{"type":"TOTAL","count":56,"amount":129033.0}}]},"responseTimestamp":1692619374613}