{"success":true,"code":"SUCCESS","data":{"states":null,"districts":[{"entityName":"kangra","metric":{"type":"TOTAL","count":998,"amount":2023047.0}},{"entityName":"solan","metric":{"type":"TOTAL","count":825,"amount":1315793.0}},{"entityName":"hamirpur","metric":{"type":"TOTAL","count":375,"amount":780271.0}},{"entityName":"sirmaur","metric":{"type":"TOTAL","count":347,"amount":642000.0}},{"entityName":"mandi","metric":{"type":"TOTAL","count":303,"amount":659502.0}},{"entityName":"una","metric":{"type":"TOTAL","count":276,"amount":506882.0}},{"entityName":"shimla","metric":{"type":"TOTAL","count":264,"amount":718409.0}},{"entityName":"chamba","metric":{"type":"TOTAL","count":202,"amount":333469.0}},{"entityName":"bilaspur","metric":{"type":"TOTAL","count":141,"amount":345402.0}},{"entityName":"kullu","metric":{"type":"TOTAL","count":133,"amount":306144.0}}],"pincodes":[{"entityName":"173205","metric":{"type":"TOTAL","count":349,"amount":392065.0}},{"entityName":"174101","metric":{"type":"TOTAL","count":190,"amount":327318.0}},{"entityName":"173025","metric":{"type":"TOTAL","count":144,"amount":244495.0}},{"entityName":"173030","metric":{"type":"TOTAL","count":70,"amount":115095.0}},{"entityName":"174303","metric":{"type":"TOTAL","count":65,"amount":122841.0}},{"entityName":"176001","metric":{"type":"TOTAL","count":60,"amount":126355.0}},{"entityName":"176061","metric":{"type":"TOTAL","count":59,"amount":108064.0}},{"entityName":"177001","metric":{"type":"TOTAL","count":59,"amount":94465.0}},{"entityName":"173001","metric":{"type":"TOTAL","count":55,"amount":86597.0}},{"entityName":"173212","metric":{"type":"TOTAL","count":55,"amount":139527.0}}]},"responseTimestamp":1697612219383}