{"success":true,"code":"SUCCESS","data":{"states":null,"districts":[{"entityName":"kangra","metric":{"type":"TOTAL","count":1319,"amount":3070701.0}},{"entityName":"solan","metric":{"type":"TOTAL","count":1075,"amount":2115674.0}},{"entityName":"sirmaur","metric":{"type":"TOTAL","count":460,"amount":988869.0}},{"entityName":"hamirpur","metric":{"type":"TOTAL","count":437,"amount":976800.0}},{"entityName":"mandi","metric":{"type":"TOTAL","count":430,"amount":1051722.0}},{"entityName":"una","metric":{"type":"TOTAL","count":381,"amount":917948.0}},{"entityName":"shimla","metric":{"type":"TOTAL","count":373,"amount":1041293.0}},{"entityName":"chamba","metric":{"type":"TOTAL","count":287,"amount":512946.0}},{"entityName":"kullu","metric":{"type":"TOTAL","count":205,"amount":555859.0}},{"entityName":"bilaspur","metric":{"type":"TOTAL","count":185,"amount":478990.0}}],"pincodes":[{"entityName":"173205","metric":{"type":"TOTAL","count":495,"amount":842873.0}},{"entityName":"174101","metric":{"type":"TOTAL","count":199,"amount":369205.0}},{"entityName":"173025","metric":{"type":"TOTAL","count":192,"amount":294929.0}},{"entityName":"176061","metric":{"type":"TOTAL","count":94,"amount":195179.0}},{"entityName":"176052","metric":{"type":"TOTAL","count":90,"amount":162869.0}},{"entityName":"176001","metric":{"type":"TOTAL","count":89,"amount":198405.0}},{"entityName":"174303","metric":{"type":"TOTAL","count":89,"amount":204247.0}},{"entityName":"173001","metric":{"type":"TOTAL","count":83,"amount":251136.0}},{"entityName":"177001","metric":{"type":"TOTAL","count":79,"amount":167632.0}},{"entityName":"176310","metric":{"type":"TOTAL","count":75,"amount":108324.0}}]},"responseTimestamp":1706092873934}