{"success":true,"code":"SUCCESS","data":{"states":null,"districts":[{"entityName":"east singhbhum","metric":{"type":"TOTAL","count":3445,"amount":4138971.0}},{"entityName":"ranchi","metric":{"type":"TOTAL","count":3361,"amount":4959921.0}},{"entityName":"dhanbad","metric":{"type":"TOTAL","count":2024,"amount":3004847.0}},{"entityName":"bokaro","metric":{"type":"TOTAL","count":1274,"amount":2068544.0}},{"entityName":"saraikela kharsawan","metric":{"type":"TOTAL","count":959,"amount":1214912.0}},{"entityName":"palamu","metric":{"type":"TOTAL","count":862,"amount":1272161.0}},{"entityName":"ramgarh","metric":{"type":"TOTAL","count":457,"amount":860169.0}},{"entityName":"hazaribagh","metric":{"type":"TOTAL","count":412,"amount":895618.0}},{"entityName":"deoghar","metric":{"type":"TOTAL","count":358,"amount":556745.0}},{"entityName":"west singhbhum","metric":{"type":"TOTAL","count":343,"amount":546385.0}}],"pincodes":[{"entityName":"834001","metric":{"type":"TOTAL","count":853,"amount":1139933.0}},{"entityName":"831001","metric":{"type":"TOTAL","count":662,"amount":633062.0}},{"entityName":"826001","metric":{"type":"TOTAL","count":454,"amount":521038.0}},{"entityName":"832108","metric":{"type":"TOTAL","count":377,"amount":452574.0}},{"entityName":"831012","metric":{"type":"TOTAL","count":344,"amount":410953.0}},{"entityName":"832107","metric":{"type":"TOTAL","count":320,"amount":378120.0}},{"entityName":"834002","metric":{"type":"TOTAL","count":308,"amount":452977.0}},{"entityName":"827013","metric":{"type":"TOTAL","count":292,"amount":501165.0}},{"entityName":"831004","metric":{"type":"TOTAL","count":266,"amount":293838.0}},{"entityName":"834008","metric":{"type":"TOTAL","count":259,"amount":368773.0}}]},"responseTimestamp":1692619179948}