{"success":true,"code":"SUCCESS","data":{"states":null,"districts":[{"entityName":"east singhbhum","metric":{"type":"TOTAL","count":4220,"amount":4665989.0}},{"entityName":"ranchi","metric":{"type":"TOTAL","count":3303,"amount":5125799.0}},{"entityName":"dhanbad","metric":{"type":"TOTAL","count":1934,"amount":2695083.0}},{"entityName":"bokaro","metric":{"type":"TOTAL","count":1689,"amount":2524598.0}},{"entityName":"saraikela kharsawan","metric":{"type":"TOTAL","count":1094,"amount":1201420.0}},{"entityName":"palamu","metric":{"type":"TOTAL","count":545,"amount":767545.0}},{"entityName":"hazaribagh","metric":{"type":"TOTAL","count":469,"amount":776237.0}},{"entityName":"ramgarh","metric":{"type":"TOTAL","count":459,"amount":767058.0}},{"entityName":"giridih","metric":{"type":"TOTAL","count":324,"amount":630943.0}},{"entityName":"west singhbhum","metric":{"type":"TOTAL","count":308,"amount":484218.0}}],"pincodes":[{"entityName":"834001","metric":{"type":"TOTAL","count":957,"amount":1221293.0}},{"entityName":"831001","metric":{"type":"TOTAL","count":865,"amount":877814.0}},{"entityName":"826001","metric":{"type":"TOTAL","count":515,"amount":686171.0}},{"entityName":"832108","metric":{"type":"TOTAL","count":463,"amount":432051.0}},{"entityName":"832107","metric":{"type":"TOTAL","count":399,"amount":415090.0}},{"entityName":"827013","metric":{"type":"TOTAL","count":389,"amount":565662.0}},{"entityName":"831004","metric":{"type":"TOTAL","count":367,"amount":352526.0}},{"entityName":"831012","metric":{"type":"TOTAL","count":360,"amount":413272.0}},{"entityName":"834002","metric":{"type":"TOTAL","count":323,"amount":441029.0}},{"entityName":"831009","metric":{"type":"TOTAL","count":289,"amount":296837.0}}]},"responseTimestamp":1692619361534}