{"success":true,"code":"SUCCESS","data":{"states":null,"districts":[{"entityName":"ranchi","metric":{"type":"TOTAL","count":4543,"amount":5962408.0}},{"entityName":"east singhbhum","metric":{"type":"TOTAL","count":4396,"amount":4714889.0}},{"entityName":"dhanbad","metric":{"type":"TOTAL","count":2437,"amount":3232731.0}},{"entityName":"bokaro","metric":{"type":"TOTAL","count":1860,"amount":2563487.0}},{"entityName":"saraikela kharsawan","metric":{"type":"TOTAL","count":1077,"amount":1291701.0}},{"entityName":"ramgarh","metric":{"type":"TOTAL","count":628,"amount":948269.0}},{"entityName":"hazaribagh","metric":{"type":"TOTAL","count":567,"amount":819073.0}},{"entityName":"palamu","metric":{"type":"TOTAL","count":535,"amount":695377.0}},{"entityName":"deoghar","metric":{"type":"TOTAL","count":394,"amount":639073.0}},{"entityName":"giridih","metric":{"type":"TOTAL","count":385,"amount":527131.0}}],"pincodes":[{"entityName":"834001","metric":{"type":"TOTAL","count":1290,"amount":1541368.0}},{"entityName":"831001","metric":{"type":"TOTAL","count":832,"amount":827931.0}},{"entityName":"826001","metric":{"type":"TOTAL","count":614,"amount":715449.0}},{"entityName":"832107","metric":{"type":"TOTAL","count":454,"amount":500594.0}},{"entityName":"834002","metric":{"type":"TOTAL","count":447,"amount":527439.0}},{"entityName":"827013","metric":{"type":"TOTAL","count":444,"amount":584805.0}},{"entityName":"832108","metric":{"type":"TOTAL","count":432,"amount":486414.0}},{"entityName":"831004","metric":{"type":"TOTAL","count":397,"amount":373846.0}},{"entityName":"831012","metric":{"type":"TOTAL","count":377,"amount":388045.0}},{"entityName":"834008","metric":{"type":"TOTAL","count":337,"amount":399455.0}}]},"responseTimestamp":1697612203033}