{"success":true,"code":"SUCCESS","data":{"states":null,"districts":[{"entityName":"ranchi","metric":{"type":"TOTAL","count":4651,"amount":7441219.0}},{"entityName":"east singhbhum","metric":{"type":"TOTAL","count":4283,"amount":5861735.0}},{"entityName":"dhanbad","metric":{"type":"TOTAL","count":3263,"amount":4735925.0}},{"entityName":"bokaro","metric":{"type":"TOTAL","count":2126,"amount":3229786.0}},{"entityName":"saraikela kharsawan","metric":{"type":"TOTAL","count":1193,"amount":1592632.0}},{"entityName":"palamu","metric":{"type":"TOTAL","count":736,"amount":925141.0}},{"entityName":"deoghar","metric":{"type":"TOTAL","count":685,"amount":1179198.0}},{"entityName":"hazaribagh","metric":{"type":"TOTAL","count":678,"amount":1310320.0}},{"entityName":"ramgarh","metric":{"type":"TOTAL","count":601,"amount":1083013.0}},{"entityName":"west singhbhum","metric":{"type":"TOTAL","count":541,"amount":802644.0}}],"pincodes":[{"entityName":"834001","metric":{"type":"TOTAL","count":1142,"amount":1641382.0}},{"entityName":"831001","metric":{"type":"TOTAL","count":791,"amount":1060429.0}},{"entityName":"826001","metric":{"type":"TOTAL","count":718,"amount":1010140.0}},{"entityName":"827013","metric":{"type":"TOTAL","count":518,"amount":799120.0}},{"entityName":"832108","metric":{"type":"TOTAL","count":459,"amount":583398.0}},{"entityName":"832107","metric":{"type":"TOTAL","count":413,"amount":464732.0}},{"entityName":"834002","metric":{"type":"TOTAL","count":408,"amount":470590.0}},{"entityName":"831004","metric":{"type":"TOTAL","count":353,"amount":439314.0}},{"entityName":"831012","metric":{"type":"TOTAL","count":336,"amount":421307.0}},{"entityName":"834008","metric":{"type":"TOTAL","count":312,"amount":599671.0}}]},"responseTimestamp":1706092857758}