{"success":true,"code":"SUCCESS","data":{"states":[{"entityName":"karnataka","metric":{"type":"TOTAL","count":169357,"amount":2.647087E8}},{"entityName":"maharashtra","metric":{"type":"TOTAL","count":149016,"amount":2.24725389E8}},{"entityName":"tamil nadu","metric":{"type":"TOTAL","count":111521,"amount":1.48976175E8}},{"entityName":"uttar pradesh","metric":{"type":"TOTAL","count":103701,"amount":1.76442664E8}},{"entityName":"west bengal","metric":{"type":"TOTAL","count":79576,"amount":1.04987909E8}},{"entityName":"kerala","metric":{"type":"TOTAL","count":73106,"amount":1.15101791E8}},{"entityName":"telangana","metric":{"type":"TOTAL","count":67388,"amount":1.05607539E8}},{"entityName":"rajasthan","metric":{"type":"TOTAL","count":59127,"amount":1.0292641E8}},{"entityName":"delhi","metric":{"type":"TOTAL","count":53050,"amount":7.6232346E7}},{"entityName":"bihar","metric":{"type":"TOTAL","count":51592,"amount":6.3844442E7}}],"districts":[{"entityName":"bengaluru urban","metric":{"type":"TOTAL","count":90180,"amount":1.42519454E8}},{"entityName":"pune","metric":{"type":"TOTAL","count":31744,"amount":5.1048763E7}},{"entityName":"chennai","metric":{"type":"TOTAL","count":20315,"amount":2.3283126E7}},{"entityName":"thane","metric":{"type":"TOTAL","count":20270,"amount":2.7149287E7}},{"entityName":"mumbai suburban","metric":{"type":"TOTAL","count":17918,"amount":2.2557721E7}},{"entityName":"rangareddy","metric":{"type":"TOTAL","count":16320,"amount":2.8043767E7}},{"entityName":"jaipur","metric":{"type":"TOTAL","count":15526,"amount":2.6905546E7}},{"entityName":"gurugram","metric":{"type":"TOTAL","count":14505,"amount":2.178369E7}},{"entityName":"north twenty four parganas","metric":{"type":"TOTAL","count":14070,"amount":1.9836922E7}},{"entityName":"thiruvallur","metric":{"type":"TOTAL","count":13891,"amount":1.7283816E7}}],"pincodes":[{"entityName":"560068","metric":{"type":"TOTAL","count":3871,"amount":5672343.0}},{"entityName":"560076","metric":{"type":"TOTAL","count":2776,"amount":4596888.0}},{"entityName":"560037","metric":{"type":"TOTAL","count":2685,"amount":3989582.0}},{"entityName":"560043","metric":{"type":"TOTAL","count":2655,"amount":4698522.0}},{"entityName":"560078","metric":{"type":"TOTAL","count":2621,"amount":4342390.0}},{"entityName":"122001","metric":{"type":"TOTAL","count":2542,"amount":3582671.0}},{"entityName":"201301","metric":{"type":"TOTAL","count":2451,"amount":3288770.0}},{"entityName":"411057","metric":{"type":"TOTAL","count":2366,"amount":3619740.0}},{"entityName":"500072","metric":{"type":"TOTAL","count":2338,"amount":3847111.0}},{"entityName":"560100","metric":{"type":"TOTAL","count":2288,"amount":3663878.0}}]},"responseTimestamp":1714727715291}