{"success":true,"code":"SUCCESS","data":{"states":[{"entityName":"karnataka","metric":{"type":"TOTAL","count":142599,"amount":2.39304982E8}},{"entityName":"maharashtra","metric":{"type":"TOTAL","count":118933,"amount":1.98945046E8}},{"entityName":"tamil nadu","metric":{"type":"TOTAL","count":97348,"amount":1.35972378E8}},{"entityName":"uttar pradesh","metric":{"type":"TOTAL","count":92458,"amount":1.59894258E8}},{"entityName":"west bengal","metric":{"type":"TOTAL","count":67048,"amount":8.9476633E7}},{"entityName":"kerala","metric":{"type":"TOTAL","count":65271,"amount":1.08142369E8}},{"entityName":"telangana","metric":{"type":"TOTAL","count":56941,"amount":9.6037304E7}},{"entityName":"rajasthan","metric":{"type":"TOTAL","count":55241,"amount":9.5504657E7}},{"entityName":"bihar","metric":{"type":"TOTAL","count":49101,"amount":6.5285065E7}},{"entityName":"delhi","metric":{"type":"TOTAL","count":46189,"amount":6.8046072E7}}],"districts":[{"entityName":"bengaluru urban","metric":{"type":"TOTAL","count":74985,"amount":1.26101324E8}},{"entityName":"pune","metric":{"type":"TOTAL","count":26444,"amount":4.695658E7}},{"entityName":"chennai","metric":{"type":"TOTAL","count":18043,"amount":2.1201607E7}},{"entityName":"jaipur","metric":{"type":"TOTAL","count":15812,"amount":2.6736985E7}},{"entityName":"thane","metric":{"type":"TOTAL","count":15340,"amount":2.2859227E7}},{"entityName":"rangareddy","metric":{"type":"TOTAL","count":14737,"amount":2.7179956E7}},{"entityName":"mumbai suburban","metric":{"type":"TOTAL","count":14014,"amount":1.899329E7}},{"entityName":"gurugram","metric":{"type":"TOTAL","count":12964,"amount":1.892667E7}},{"entityName":"north twenty four parganas","metric":{"type":"TOTAL","count":12366,"amount":1.7517949E7}},{"entityName":"thiruvallur","metric":{"type":"TOTAL","count":12220,"amount":1.6133783E7}}],"pincodes":[{"entityName":"560068","metric":{"type":"TOTAL","count":3282,"amount":5271425.0}},{"entityName":"560037","metric":{"type":"TOTAL","count":2469,"amount":4089538.0}},{"entityName":"122001","metric":{"type":"TOTAL","count":2356,"amount":3374341.0}},{"entityName":"560076","metric":{"type":"TOTAL","count":2238,"amount":3928312.0}},{"entityName":"560043","metric":{"type":"TOTAL","count":2235,"amount":3997393.0}},{"entityName":"560078","metric":{"type":"TOTAL","count":2193,"amount":3581757.0}},{"entityName":"201301","metric":{"type":"TOTAL","count":2172,"amount":3036110.0}},{"entityName":"411057","metric":{"type":"TOTAL","count":2103,"amount":3395840.0}},{"entityName":"500072","metric":{"type":"TOTAL","count":1966,"amount":3066397.0}},{"entityName":"560100","metric":{"type":"TOTAL","count":1961,"amount":3095214.0}}]},"responseTimestamp":1722517838481}