{"success":true,"code":"SUCCESS","data":{"states":[{"entityName":"karnataka","metric":{"type":"TOTAL","count":174990,"amount":2.87393291E8}},{"entityName":"maharashtra","metric":{"type":"TOTAL","count":119776,"amount":2.01319952E8}},{"entityName":"tamil nadu","metric":{"type":"TOTAL","count":116867,"amount":1.62128271E8}},{"entityName":"uttar pradesh","metric":{"type":"TOTAL","count":92930,"amount":1.57303596E8}},{"entityName":"kerala","metric":{"type":"TOTAL","count":79123,"amount":1.31721699E8}},{"entityName":"west bengal","metric":{"type":"TOTAL","count":77158,"amount":1.07451766E8}},{"entityName":"telangana","metric":{"type":"TOTAL","count":64873,"amount":1.10715264E8}},{"entityName":"rajasthan","metric":{"type":"TOTAL","count":64533,"amount":1.088278E8}},{"entityName":"haryana","metric":{"type":"TOTAL","count":49735,"amount":7.9198642E7}},{"entityName":"delhi","metric":{"type":"TOTAL","count":49150,"amount":7.1139489E7}}],"districts":[{"entityName":"bengaluru urban","metric":{"type":"TOTAL","count":96935,"amount":1.56230238E8}},{"entityName":"chennai","metric":{"type":"TOTAL","count":35114,"amount":4.2146763E7}},{"entityName":"pune","metric":{"type":"TOTAL","count":26286,"amount":4.6687498E7}},{"entityName":"jaipur","metric":{"type":"TOTAL","count":15969,"amount":2.5033274E7}},{"entityName":"rangareddy","metric":{"type":"TOTAL","count":15791,"amount":2.940213E7}},{"entityName":"thane","metric":{"type":"TOTAL","count":15453,"amount":2.2511361E7}},{"entityName":"gurugram","metric":{"type":"TOTAL","count":14956,"amount":2.1502434E7}},{"entityName":"north twenty four parganas","metric":{"type":"TOTAL","count":14047,"amount":2.0510127E7}},{"entityName":"ernakulam","metric":{"type":"TOTAL","count":14031,"amount":2.3407883E7}},{"entityName":"medchal malkajgiri","metric":{"type":"TOTAL","count":13882,"amount":2.3616761E7}}],"pincodes":[{"entityName":"560068","metric":{"type":"TOTAL","count":3453,"amount":5413163.0}},{"entityName":"560100","metric":{"type":"TOTAL","count":3241,"amount":5455946.0}},{"entityName":"560037","metric":{"type":"TOTAL","count":2876,"amount":4315416.0}},{"entityName":"560066","metric":{"type":"TOTAL","count":2654,"amount":4668286.0}},{"entityName":"560076","metric":{"type":"TOTAL","count":2402,"amount":4241341.0}},{"entityName":"201301","metric":{"type":"TOTAL","count":2329,"amount":3345795.0}},{"entityName":"500072","metric":{"type":"TOTAL","count":2327,"amount":3766931.0}},{"entityName":"560091","metric":{"type":"TOTAL","count":2326,"amount":3714785.0}},{"entityName":"122001","metric":{"type":"TOTAL","count":2270,"amount":3090606.0}},{"entityName":"560103","metric":{"type":"TOTAL","count":2228,"amount":3764086.0}}]},"responseTimestamp":1739974365724}