{"success":true,"code":"SUCCESS","data":{"states":[{"entityName":"karnataka","metric":{"type":"TOTAL","count":183532,"amount":3.05861806E8}},{"entityName":"maharashtra","metric":{"type":"TOTAL","count":168078,"amount":2.66942711E8}},{"entityName":"tamil nadu","metric":{"type":"TOTAL","count":127002,"amount":1.73784251E8}},{"entityName":"uttar pradesh","metric":{"type":"TOTAL","count":116589,"amount":1.99179867E8}},{"entityName":"west bengal","metric":{"type":"TOTAL","count":91719,"amount":1.20602777E8}},{"entityName":"kerala","metric":{"type":"TOTAL","count":89533,"amount":1.44083113E8}},{"entityName":"telangana","metric":{"type":"TOTAL","count":78498,"amount":1.24755619E8}},{"entityName":"rajasthan","metric":{"type":"TOTAL","count":73530,"amount":1.27930986E8}},{"entityName":"delhi","metric":{"type":"TOTAL","count":67962,"amount":9.4390728E7}},{"entityName":"bihar","metric":{"type":"TOTAL","count":62662,"amount":8.37398E7}}],"districts":[{"entityName":"bengaluru urban","metric":{"type":"TOTAL","count":95390,"amount":1.59224823E8}},{"entityName":"chennai","metric":{"type":"TOTAL","count":35408,"amount":4.356917E7}},{"entityName":"pune","metric":{"type":"TOTAL","count":35259,"amount":6.0734341E7}},{"entityName":"thane","metric":{"type":"TOTAL","count":23491,"amount":3.1407984E7}},{"entityName":"mumbai suburban","metric":{"type":"TOTAL","count":19612,"amount":2.5682802E7}},{"entityName":"rangareddy","metric":{"type":"TOTAL","count":18678,"amount":3.2749841E7}},{"entityName":"ahmedabad","metric":{"type":"TOTAL","count":18268,"amount":2.516509E7}},{"entityName":"jaipur","metric":{"type":"TOTAL","count":17081,"amount":2.8322938E7}},{"entityName":"gurugram","metric":{"type":"TOTAL","count":16973,"amount":2.5145012E7}},{"entityName":"medchal malkajgiri","metric":{"type":"TOTAL","count":16649,"amount":2.775199E7}}],"pincodes":[{"entityName":"560068","metric":{"type":"TOTAL","count":3520,"amount":5740577.0}},{"entityName":"560100","metric":{"type":"TOTAL","count":3152,"amount":5158211.0}},{"entityName":"201301","metric":{"type":"TOTAL","count":2964,"amount":4217141.0}},{"entityName":"110059","metric":{"type":"TOTAL","count":2785,"amount":3658733.0}},{"entityName":"411057","metric":{"type":"TOTAL","count":2775,"amount":4649485.0}},{"entityName":"500072","metric":{"type":"TOTAL","count":2743,"amount":4242713.0}},{"entityName":"560037","metric":{"type":"TOTAL","count":2720,"amount":4500835.0}},{"entityName":"122001","metric":{"type":"TOTAL","count":2604,"amount":3793725.0}},{"entityName":"560066","metric":{"type":"TOTAL","count":2453,"amount":4252390.0}},{"entityName":"500081","metric":{"type":"TOTAL","count":2391,"amount":3983642.0}}]},"responseTimestamp":1739974587723}