{"success":true,"code":"SUCCESS","data":{"states":null,"districts":[{"entityName":"raipur","metric":{"type":"TOTAL","count":1026,"amount":542296.0}},{"entityName":"durg","metric":{"type":"TOTAL","count":513,"amount":326643.0}},{"entityName":"bilaspur","metric":{"type":"TOTAL","count":464,"amount":257938.0}},{"entityName":"raigarh","metric":{"type":"TOTAL","count":298,"amount":139430.0}},{"entityName":"janjgir champa","metric":{"type":"TOTAL","count":297,"amount":193584.0}},{"entityName":"korba","metric":{"type":"TOTAL","count":244,"amount":151755.0}},{"entityName":"rajnandgaon","metric":{"type":"TOTAL","count":185,"amount":105281.0}},{"entityName":"baloda bazar","metric":{"type":"TOTAL","count":173,"amount":82107.0}},{"entityName":"mahasamund","metric":{"type":"TOTAL","count":143,"amount":49330.0}},{"entityName":"surguja","metric":{"type":"TOTAL","count":138,"amount":103150.0}}],"pincodes":[{"entityName":"492001","metric":{"type":"TOTAL","count":241,"amount":112353.0}},{"entityName":"495001","metric":{"type":"TOTAL","count":212,"amount":116359.0}},{"entityName":"497001","metric":{"type":"TOTAL","count":114,"amount":63987.0}},{"entityName":"492009","metric":{"type":"TOTAL","count":105,"amount":45855.0}},{"entityName":"491441","metric":{"type":"TOTAL","count":89,"amount":55757.0}},{"entityName":"495450","metric":{"type":"TOTAL","count":86,"amount":54881.0}},{"entityName":"490023","metric":{"type":"TOTAL","count":86,"amount":47845.0}},{"entityName":"494001","metric":{"type":"TOTAL","count":78,"amount":44763.0}},{"entityName":"492013","metric":{"type":"TOTAL","count":76,"amount":26259.0}},{"entityName":"491001","metric":{"type":"TOTAL","count":75,"amount":38906.0}}]},"responseTimestamp":1692610993675}