{"success":true,"code":"SUCCESS","data":{"states":null,"districts":[{"entityName":"raipur","metric":{"type":"TOTAL","count":1208,"amount":819324.0}},{"entityName":"durg","metric":{"type":"TOTAL","count":534,"amount":404367.0}},{"entityName":"bilaspur","metric":{"type":"TOTAL","count":422,"amount":372335.0}},{"entityName":"raigarh","metric":{"type":"TOTAL","count":413,"amount":273255.0}},{"entityName":"korba","metric":{"type":"TOTAL","count":338,"amount":204745.0}},{"entityName":"janjgir champa","metric":{"type":"TOTAL","count":275,"amount":218849.0}},{"entityName":"rajnandgaon","metric":{"type":"TOTAL","count":263,"amount":171631.0}},{"entityName":"bastar","metric":{"type":"TOTAL","count":144,"amount":109459.0}},{"entityName":"mahasamund","metric":{"type":"TOTAL","count":144,"amount":87736.0}},{"entityName":"baloda bazar","metric":{"type":"TOTAL","count":143,"amount":107641.0}}],"pincodes":[{"entityName":"492001","metric":{"type":"TOTAL","count":292,"amount":170890.0}},{"entityName":"495001","metric":{"type":"TOTAL","count":181,"amount":184204.0}},{"entityName":"496005","metric":{"type":"TOTAL","count":156,"amount":87400.0}},{"entityName":"491441","metric":{"type":"TOTAL","count":140,"amount":82759.0}},{"entityName":"495450","metric":{"type":"TOTAL","count":112,"amount":69264.0}},{"entityName":"494001","metric":{"type":"TOTAL","count":95,"amount":65859.0}},{"entityName":"491001","metric":{"type":"TOTAL","count":94,"amount":54010.0}},{"entityName":"492013","metric":{"type":"TOTAL","count":92,"amount":63353.0}},{"entityName":"493221","metric":{"type":"TOTAL","count":83,"amount":28773.0}},{"entityName":"492009","metric":{"type":"TOTAL","count":81,"amount":28367.0}}]},"responseTimestamp":1692611045955}