{"success":true,"code":"SUCCESS","data":{"states":null,"districts":[{"entityName":"raipur","metric":{"type":"TOTAL","count":1145,"amount":798270.0}},{"entityName":"durg","metric":{"type":"TOTAL","count":564,"amount":457493.0}},{"entityName":"bilaspur","metric":{"type":"TOTAL","count":385,"amount":289752.0}},{"entityName":"korba","metric":{"type":"TOTAL","count":281,"amount":237893.0}},{"entityName":"raigarh","metric":{"type":"TOTAL","count":265,"amount":178817.0}},{"entityName":"janjgir champa","metric":{"type":"TOTAL","count":229,"amount":152293.0}},{"entityName":"rajnandgaon","metric":{"type":"TOTAL","count":212,"amount":165704.0}},{"entityName":"baloda bazar","metric":{"type":"TOTAL","count":155,"amount":113239.0}},{"entityName":"mahasamund","metric":{"type":"TOTAL","count":146,"amount":80923.0}},{"entityName":"bastar","metric":{"type":"TOTAL","count":134,"amount":129106.0}}],"pincodes":[{"entityName":"492001","metric":{"type":"TOTAL","count":284,"amount":175174.0}},{"entityName":"495001","metric":{"type":"TOTAL","count":154,"amount":100108.0}},{"entityName":"492013","metric":{"type":"TOTAL","count":109,"amount":91691.0}},{"entityName":"497001","metric":{"type":"TOTAL","count":105,"amount":82088.0}},{"entityName":"491001","metric":{"type":"TOTAL","count":101,"amount":80938.0}},{"entityName":"490023","metric":{"type":"TOTAL","count":100,"amount":39413.0}},{"entityName":"491441","metric":{"type":"TOTAL","count":95,"amount":67508.0}},{"entityName":"496005","metric":{"type":"TOTAL","count":88,"amount":63336.0}},{"entityName":"494001","metric":{"type":"TOTAL","count":87,"amount":70398.0}},{"entityName":"493221","metric":{"type":"TOTAL","count":87,"amount":55947.0}}]},"responseTimestamp":1692611097537}