{"success":true,"code":"SUCCESS","data":{"states":null,"districts":[{"entityName":"raipur","metric":{"type":"TOTAL","count":1504,"amount":1759887.0}},{"entityName":"durg","metric":{"type":"TOTAL","count":857,"amount":1120413.0}},{"entityName":"bilaspur","metric":{"type":"TOTAL","count":510,"amount":802349.0}},{"entityName":"korba","metric":{"type":"TOTAL","count":389,"amount":532770.0}},{"entityName":"janjgir champa","metric":{"type":"TOTAL","count":266,"amount":334273.0}},{"entityName":"raigarh","metric":{"type":"TOTAL","count":230,"amount":349708.0}},{"entityName":"surguja","metric":{"type":"TOTAL","count":210,"amount":297790.0}},{"entityName":"bastar","metric":{"type":"TOTAL","count":183,"amount":266874.0}},{"entityName":"mahasamund","metric":{"type":"TOTAL","count":165,"amount":179042.0}},{"entityName":"kanker","metric":{"type":"TOTAL","count":161,"amount":220818.0}}],"pincodes":[{"entityName":"492001","metric":{"type":"TOTAL","count":394,"amount":483971.0}},{"entityName":"495001","metric":{"type":"TOTAL","count":231,"amount":330008.0}},{"entityName":"497001","metric":{"type":"TOTAL","count":179,"amount":235533.0}},{"entityName":"490023","metric":{"type":"TOTAL","count":121,"amount":135878.0}},{"entityName":"494001","metric":{"type":"TOTAL","count":115,"amount":172365.0}},{"entityName":"491001","metric":{"type":"TOTAL","count":114,"amount":158882.0}},{"entityName":"490006","metric":{"type":"TOTAL","count":111,"amount":180536.0}},{"entityName":"492013","metric":{"type":"TOTAL","count":110,"amount":134414.0}},{"entityName":"495450","metric":{"type":"TOTAL","count":109,"amount":134703.0}},{"entityName":"492009","metric":{"type":"TOTAL","count":104,"amount":114061.0}}]},"responseTimestamp":1692611149017}