{"success":true,"code":"SUCCESS","data":{"states":null,"districts":[{"entityName":"west","metric":{"type":"TOTAL","count":6429,"amount":8754573.0}},{"entityName":"south east delhi","metric":{"type":"TOTAL","count":5517,"amount":7079871.0}},{"entityName":"new delhi","metric":{"type":"TOTAL","count":5291,"amount":6922018.0}},{"entityName":"central delhi","metric":{"type":"TOTAL","count":4699,"amount":6401871.0}},{"entityName":"north west","metric":{"type":"TOTAL","count":4579,"amount":5962088.0}},{"entityName":"north","metric":{"type":"TOTAL","count":3741,"amount":5130361.0}},{"entityName":"south west","metric":{"type":"TOTAL","count":3638,"amount":5341251.0}},{"entityName":"south","metric":{"type":"TOTAL","count":3201,"amount":4269965.0}},{"entityName":"east","metric":{"type":"TOTAL","count":3196,"amount":4249403.0}},{"entityName":"shahdara","metric":{"type":"TOTAL","count":2806,"amount":3681028.0}}],"pincodes":[{"entityName":"110059","metric":{"type":"TOTAL","count":1796,"amount":2506005.0}},{"entityName":"110092","metric":{"type":"TOTAL","count":1456,"amount":1925391.0}},{"entityName":"110086","metric":{"type":"TOTAL","count":1318,"amount":1617466.0}},{"entityName":"110037","metric":{"type":"TOTAL","count":1285,"amount":1197159.0}},{"entityName":"110085","metric":{"type":"TOTAL","count":1199,"amount":1717697.0}},{"entityName":"110041","metric":{"type":"TOTAL","count":1193,"amount":1521401.0}},{"entityName":"110044","metric":{"type":"TOTAL","count":1166,"amount":1401552.0}},{"entityName":"110053","metric":{"type":"TOTAL","count":1160,"amount":1311678.0}},{"entityName":"110094","metric":{"type":"TOTAL","count":1144,"amount":1551284.0}},{"entityName":"110042","metric":{"type":"TOTAL","count":1118,"amount":1272110.0}}]},"responseTimestamp":1692619207546}