{"success":true,"code":"SUCCESS","data":{"states":null,"districts":[{"entityName":"west","metric":{"type":"TOTAL","count":5862,"amount":7931949.0}},{"entityName":"south east delhi","metric":{"type":"TOTAL","count":4732,"amount":6257813.0}},{"entityName":"new delhi","metric":{"type":"TOTAL","count":4694,"amount":6410215.0}},{"entityName":"north west","metric":{"type":"TOTAL","count":4428,"amount":5604148.0}},{"entityName":"central delhi","metric":{"type":"TOTAL","count":4368,"amount":5481162.0}},{"entityName":"south west","metric":{"type":"TOTAL","count":3696,"amount":5282173.0}},{"entityName":"north","metric":{"type":"TOTAL","count":3277,"amount":4436173.0}},{"entityName":"south","metric":{"type":"TOTAL","count":3088,"amount":4214071.0}},{"entityName":"east","metric":{"type":"TOTAL","count":2857,"amount":3875525.0}},{"entityName":"shahdara","metric":{"type":"TOTAL","count":2225,"amount":2826508.0}}],"pincodes":[{"entityName":"110059","metric":{"type":"TOTAL","count":1748,"amount":2338495.0}},{"entityName":"110092","metric":{"type":"TOTAL","count":1328,"amount":1759406.0}},{"entityName":"110086","metric":{"type":"TOTAL","count":1293,"amount":1465307.0}},{"entityName":"110085","metric":{"type":"TOTAL","count":1115,"amount":1511331.0}},{"entityName":"110041","metric":{"type":"TOTAL","count":1107,"amount":1345650.0}},{"entityName":"110044","metric":{"type":"TOTAL","count":1089,"amount":1242189.0}},{"entityName":"110042","metric":{"type":"TOTAL","count":1066,"amount":1210915.0}},{"entityName":"110043","metric":{"type":"TOTAL","count":996,"amount":1383351.0}},{"entityName":"110053","metric":{"type":"TOTAL","count":944,"amount":1182981.0}},{"entityName":"110094","metric":{"type":"TOTAL","count":920,"amount":1126020.0}}]},"responseTimestamp":1692619388775}