{"success":true,"code":"SUCCESS","data":{"states":null,"districts":[{"entityName":"west","metric":{"type":"TOTAL","count":6673,"amount":8338655.0}},{"entityName":"south east delhi","metric":{"type":"TOTAL","count":5876,"amount":7115008.0}},{"entityName":"new delhi","metric":{"type":"TOTAL","count":5549,"amount":7246294.0}},{"entityName":"north west","metric":{"type":"TOTAL","count":4658,"amount":5650162.0}},{"entityName":"south west","metric":{"type":"TOTAL","count":4448,"amount":6189343.0}},{"entityName":"central delhi","metric":{"type":"TOTAL","count":4404,"amount":5352372.0}},{"entityName":"south","metric":{"type":"TOTAL","count":3522,"amount":4443430.0}},{"entityName":"north","metric":{"type":"TOTAL","count":3469,"amount":4630888.0}},{"entityName":"east","metric":{"type":"TOTAL","count":3371,"amount":4011665.0}},{"entityName":"shahdara","metric":{"type":"TOTAL","count":2697,"amount":3233714.0}}],"pincodes":[{"entityName":"110059","metric":{"type":"TOTAL","count":2047,"amount":2377598.0}},{"entityName":"110092","metric":{"type":"TOTAL","count":1547,"amount":1919097.0}},{"entityName":"110086","metric":{"type":"TOTAL","count":1349,"amount":1482945.0}},{"entityName":"110044","metric":{"type":"TOTAL","count":1299,"amount":1416839.0}},{"entityName":"110041","metric":{"type":"TOTAL","count":1260,"amount":1555617.0}},{"entityName":"110085","metric":{"type":"TOTAL","count":1174,"amount":1535818.0}},{"entityName":"110094","metric":{"type":"TOTAL","count":1117,"amount":1157707.0}},{"entityName":"110096","metric":{"type":"TOTAL","count":1078,"amount":1215766.0}},{"entityName":"110042","metric":{"type":"TOTAL","count":1071,"amount":1238058.0}},{"entityName":"110043","metric":{"type":"TOTAL","count":1050,"amount":1349207.0}}]},"responseTimestamp":1697612237597}