{"success":true,"code":"SUCCESS","data":{"states":null,"districts":[{"entityName":"west","metric":{"type":"TOTAL","count":7829,"amount":1.0545733E7}},{"entityName":"south east delhi","metric":{"type":"TOTAL","count":7111,"amount":9746023.0}},{"entityName":"new delhi","metric":{"type":"TOTAL","count":5952,"amount":8790140.0}},{"entityName":"central delhi","metric":{"type":"TOTAL","count":5884,"amount":7718670.0}},{"entityName":"north west","metric":{"type":"TOTAL","count":5426,"amount":7399787.0}},{"entityName":"south west","metric":{"type":"TOTAL","count":5023,"amount":7264073.0}},{"entityName":"north","metric":{"type":"TOTAL","count":4410,"amount":6111161.0}},{"entityName":"south","metric":{"type":"TOTAL","count":4127,"amount":6172136.0}},{"entityName":"east","metric":{"type":"TOTAL","count":3740,"amount":4742013.0}},{"entityName":"shahdara","metric":{"type":"TOTAL","count":3426,"amount":4582842.0}}],"pincodes":[{"entityName":"110059","metric":{"type":"TOTAL","count":2330,"amount":3163916.0}},{"entityName":"110044","metric":{"type":"TOTAL","count":1693,"amount":1969968.0}},{"entityName":"110092","metric":{"type":"TOTAL","count":1686,"amount":2155091.0}},{"entityName":"110041","metric":{"type":"TOTAL","count":1578,"amount":1878694.0}},{"entityName":"110086","metric":{"type":"TOTAL","count":1573,"amount":1830984.0}},{"entityName":"110094","metric":{"type":"TOTAL","count":1459,"amount":1762226.0}},{"entityName":"110043","metric":{"type":"TOTAL","count":1455,"amount":2202398.0}},{"entityName":"110053","metric":{"type":"TOTAL","count":1440,"amount":1753447.0}},{"entityName":"110042","metric":{"type":"TOTAL","count":1432,"amount":1769887.0}},{"entityName":"110085","metric":{"type":"TOTAL","count":1406,"amount":2064483.0}}]},"responseTimestamp":1706092891759}