{"success":true,"code":"SUCCESS","data":{"states":null,"districts":[{"entityName":"papum pare","metric":{"type":"TOTAL","count":33,"amount":6304.0}},{"entityName":"changlang","metric":{"type":"TOTAL","count":9,"amount":2511.0}},{"entityName":"tirap","metric":{"type":"TOTAL","count":5,"amount":1026.0}},{"entityName":"west siang","metric":{"type":"TOTAL","count":5,"amount":1124.0}},{"entityName":"tawang","metric":{"type":"TOTAL","count":3,"amount":827.0}},{"entityName":"east siang","metric":{"type":"TOTAL","count":2,"amount":469.0}},{"entityName":"west kameng","metric":{"type":"TOTAL","count":2,"amount":513.0}},{"entityName":"lower dibang valley","metric":{"type":"TOTAL","count":2,"amount":513.0}},{"entityName":"lower subansiri","metric":{"type":"TOTAL","count":1,"amount":231.0}},{"entityName":"namsai","metric":{"type":"TOTAL","count":1,"amount":231.0}}],"pincodes":[{"entityName":"791113","metric":{"type":"TOTAL","count":21,"amount":3445.0}},{"entityName":"791110","metric":{"type":"TOTAL","count":6,"amount":1304.0}},{"entityName":"791001","metric":{"type":"TOTAL","count":5,"amount":1124.0}},{"entityName":"792056","metric":{"type":"TOTAL","count":5,"amount":1064.0}},{"entityName":"792130","metric":{"type":"TOTAL","count":4,"amount":744.0}},{"entityName":"791109","metric":{"type":"TOTAL","count":3,"amount":811.0}},{"entityName":"792120","metric":{"type":"TOTAL","count":3,"amount":739.0}},{"entityName":"790104","metric":{"type":"TOTAL","count":3,"amount":827.0}},{"entityName":"791111","metric":{"type":"TOTAL","count":3,"amount":744.0}},{"entityName":"792103","metric":{"type":"TOTAL","count":2,"amount":939.0}}]},"responseTimestamp":1692610837914}