{"success":true,"code":"SUCCESS","data":{"states":null,"districts":[{"entityName":"papum pare","metric":{"type":"TOTAL","count":60,"amount":15776.0}},{"entityName":"east siang","metric":{"type":"TOTAL","count":22,"amount":9675.0}},{"entityName":"west kameng","metric":{"type":"TOTAL","count":12,"amount":3466.0}},{"entityName":"lohit","metric":{"type":"TOTAL","count":9,"amount":1557.0}},{"entityName":"west siang","metric":{"type":"TOTAL","count":5,"amount":2052.0}},{"entityName":"lower dibang valley","metric":{"type":"TOTAL","count":4,"amount":843.0}},{"entityName":"tirap","metric":{"type":"TOTAL","count":3,"amount":939.0}},{"entityName":"dibang valley","metric":{"type":"TOTAL","count":3,"amount":66.0}},{"entityName":"namsai","metric":{"type":"TOTAL","count":3,"amount":1486.0}},{"entityName":"east kameng","metric":{"type":"TOTAL","count":2,"amount":695.0}}],"pincodes":[{"entityName":"791110","metric":{"type":"TOTAL","count":21,"amount":4213.0}},{"entityName":"791102","metric":{"type":"TOTAL","count":19,"amount":9111.0}},{"entityName":"791111","metric":{"type":"TOTAL","count":17,"amount":5506.0}},{"entityName":"791112","metric":{"type":"TOTAL","count":10,"amount":2281.0}},{"entityName":"791001","metric":{"type":"TOTAL","count":6,"amount":2236.0}},{"entityName":"791123","metric":{"type":"TOTAL","count":6,"amount":1540.0}},{"entityName":"791113","metric":{"type":"TOTAL","count":6,"amount":2236.0}},{"entityName":"790116","metric":{"type":"TOTAL","count":6,"amount":1512.0}},{"entityName":"792001","metric":{"type":"TOTAL","count":5,"amount":796.0}},{"entityName":"792110","metric":{"type":"TOTAL","count":4,"amount":843.0}}]},"responseTimestamp":1692610890917}