{"success":true,"code":"SUCCESS","data":{"states":null,"districts":[{"entityName":"papum pare","metric":{"type":"TOTAL","count":48,"amount":21298.0}},{"entityName":"west kameng","metric":{"type":"TOTAL","count":15,"amount":22182.0}},{"entityName":"east siang","metric":{"type":"TOTAL","count":10,"amount":8075.0}},{"entityName":"tawang","metric":{"type":"TOTAL","count":10,"amount":9740.0}},{"entityName":"lower dibang valley","metric":{"type":"TOTAL","count":9,"amount":1981.0}},{"entityName":"changlang","metric":{"type":"TOTAL","count":7,"amount":5505.0}},{"entityName":"lohit","metric":{"type":"TOTAL","count":5,"amount":4148.0}},{"entityName":"tirap","metric":{"type":"TOTAL","count":4,"amount":1561.0}},{"entityName":"lepa rada","metric":{"type":"TOTAL","count":3,"amount":2685.0}},{"entityName":"namsai","metric":{"type":"TOTAL","count":3,"amount":984.0}}],"pincodes":[{"entityName":"791113","metric":{"type":"TOTAL","count":18,"amount":5383.0}},{"entityName":"791110","metric":{"type":"TOTAL","count":13,"amount":7819.0}},{"entityName":"791111","metric":{"type":"TOTAL","count":10,"amount":4999.0}},{"entityName":"792110","metric":{"type":"TOTAL","count":9,"amount":1981.0}},{"entityName":"791102","metric":{"type":"TOTAL","count":8,"amount":5359.0}},{"entityName":"790003","metric":{"type":"TOTAL","count":6,"amount":10016.0}},{"entityName":"790001","metric":{"type":"TOTAL","count":5,"amount":4355.0}},{"entityName":"790105","metric":{"type":"TOTAL","count":4,"amount":5434.0}},{"entityName":"790104","metric":{"type":"TOTAL","count":4,"amount":2973.0}},{"entityName":"791109","metric":{"type":"TOTAL","count":4,"amount":888.0}}]},"responseTimestamp":1692610942917}