{"success":true,"code":"SUCCESS","data":{"states":null,"districts":[{"entityName":"patna","metric":{"type":"TOTAL","count":6401,"amount":7935610.0}},{"entityName":"muzaffarpur","metric":{"type":"TOTAL","count":1775,"amount":2423353.0}},{"entityName":"vaishali","metric":{"type":"TOTAL","count":1280,"amount":1787246.0}},{"entityName":"samastipur","metric":{"type":"TOTAL","count":1034,"amount":1410643.0}},{"entityName":"bhagalpur","metric":{"type":"TOTAL","count":1004,"amount":1450332.0}},{"entityName":"begusarai","metric":{"type":"TOTAL","count":981,"amount":1487117.0}},{"entityName":"saran","metric":{"type":"TOTAL","count":934,"amount":1574069.0}},{"entityName":"gaya","metric":{"type":"TOTAL","count":895,"amount":1335109.0}},{"entityName":"darbhanga","metric":{"type":"TOTAL","count":881,"amount":1157743.0}},{"entityName":"madhubani","metric":{"type":"TOTAL","count":811,"amount":1255509.0}}],"pincodes":[{"entityName":"800001","metric":{"type":"TOTAL","count":1144,"amount":1280139.0}},{"entityName":"800020","metric":{"type":"TOTAL","count":694,"amount":822562.0}},{"entityName":"800006","metric":{"type":"TOTAL","count":433,"amount":422875.0}},{"entityName":"801503","metric":{"type":"TOTAL","count":412,"amount":637141.0}},{"entityName":"842002","metric":{"type":"TOTAL","count":304,"amount":338611.0}},{"entityName":"812001","metric":{"type":"TOTAL","count":298,"amount":376896.0}},{"entityName":"842001","metric":{"type":"TOTAL","count":297,"amount":391575.0}},{"entityName":"800002","metric":{"type":"TOTAL","count":291,"amount":375950.0}},{"entityName":"844101","metric":{"type":"TOTAL","count":275,"amount":339925.0}},{"entityName":"800026","metric":{"type":"TOTAL","count":273,"amount":327801.0}}]},"responseTimestamp":1692619185976}