{"success":true,"code":"SUCCESS","data":{"states":null,"districts":[{"entityName":"patna","metric":{"type":"TOTAL","count":7312,"amount":9370034.0}},{"entityName":"muzaffarpur","metric":{"type":"TOTAL","count":2490,"amount":2986441.0}},{"entityName":"vaishali","metric":{"type":"TOTAL","count":1300,"amount":1679995.0}},{"entityName":"saran","metric":{"type":"TOTAL","count":1273,"amount":1702530.0}},{"entityName":"samastipur","metric":{"type":"TOTAL","count":1088,"amount":1604418.0}},{"entityName":"bhagalpur","metric":{"type":"TOTAL","count":999,"amount":1448813.0}},{"entityName":"begusarai","metric":{"type":"TOTAL","count":966,"amount":1389526.0}},{"entityName":"darbhanga","metric":{"type":"TOTAL","count":929,"amount":1257052.0}},{"entityName":"gaya","metric":{"type":"TOTAL","count":918,"amount":1313271.0}},{"entityName":"madhubani","metric":{"type":"TOTAL","count":838,"amount":1209798.0}}],"pincodes":[{"entityName":"800001","metric":{"type":"TOTAL","count":1237,"amount":1451616.0}},{"entityName":"800020","metric":{"type":"TOTAL","count":778,"amount":911768.0}},{"entityName":"800006","metric":{"type":"TOTAL","count":490,"amount":522347.0}},{"entityName":"842001","metric":{"type":"TOTAL","count":477,"amount":509103.0}},{"entityName":"842002","metric":{"type":"TOTAL","count":431,"amount":481174.0}},{"entityName":"801503","metric":{"type":"TOTAL","count":416,"amount":563711.0}},{"entityName":"800002","metric":{"type":"TOTAL","count":317,"amount":435701.0}},{"entityName":"800007","metric":{"type":"TOTAL","count":315,"amount":412062.0}},{"entityName":"841301","metric":{"type":"TOTAL","count":288,"amount":298855.0}},{"entityName":"800023","metric":{"type":"TOTAL","count":284,"amount":370428.0}}]},"responseTimestamp":1692619367463}