{"success":true,"code":"SUCCESS","data":{"states":null,"districts":[{"entityName":"patna","metric":{"type":"TOTAL","count":10764,"amount":1.2203806E7}},{"entityName":"muzaffarpur","metric":{"type":"TOTAL","count":2243,"amount":2653412.0}},{"entityName":"vaishali","metric":{"type":"TOTAL","count":1795,"amount":2299571.0}},{"entityName":"begusarai","metric":{"type":"TOTAL","count":1431,"amount":1674507.0}},{"entityName":"saran","metric":{"type":"TOTAL","count":1328,"amount":1885167.0}},{"entityName":"bhagalpur","metric":{"type":"TOTAL","count":1261,"amount":1763671.0}},{"entityName":"gaya","metric":{"type":"TOTAL","count":1231,"amount":1481362.0}},{"entityName":"samastipur","metric":{"type":"TOTAL","count":1151,"amount":1505350.0}},{"entityName":"purnia","metric":{"type":"TOTAL","count":1062,"amount":1373810.0}},{"entityName":"darbhanga","metric":{"type":"TOTAL","count":973,"amount":1187853.0}}],"pincodes":[{"entityName":"800001","metric":{"type":"TOTAL","count":1838,"amount":2006880.0}},{"entityName":"800020","metric":{"type":"TOTAL","count":1198,"amount":1154873.0}},{"entityName":"800006","metric":{"type":"TOTAL","count":764,"amount":756104.0}},{"entityName":"801503","metric":{"type":"TOTAL","count":658,"amount":818150.0}},{"entityName":"800007","metric":{"type":"TOTAL","count":490,"amount":567998.0}},{"entityName":"800002","metric":{"type":"TOTAL","count":474,"amount":583278.0}},{"entityName":"842001","metric":{"type":"TOTAL","count":413,"amount":473832.0}},{"entityName":"801505","metric":{"type":"TOTAL","count":392,"amount":422817.0}},{"entityName":"800026","metric":{"type":"TOTAL","count":383,"amount":394991.0}},{"entityName":"844101","metric":{"type":"TOTAL","count":368,"amount":421782.0}}]},"responseTimestamp":1697612210150}