{"success":true,"code":"SUCCESS","data":{"states":null,"districts":[{"entityName":"patna","metric":{"type":"TOTAL","count":9152,"amount":1.2139703E7}},{"entityName":"muzaffarpur","metric":{"type":"TOTAL","count":2640,"amount":3487730.0}},{"entityName":"vaishali","metric":{"type":"TOTAL","count":2076,"amount":2700720.0}},{"entityName":"bhagalpur","metric":{"type":"TOTAL","count":1712,"amount":2382914.0}},{"entityName":"samastipur","metric":{"type":"TOTAL","count":1650,"amount":2083069.0}},{"entityName":"begusarai","metric":{"type":"TOTAL","count":1515,"amount":1920706.0}},{"entityName":"saran","metric":{"type":"TOTAL","count":1474,"amount":2082626.0}},{"entityName":"gaya","metric":{"type":"TOTAL","count":1459,"amount":2063105.0}},{"entityName":"darbhanga","metric":{"type":"TOTAL","count":1385,"amount":1986204.0}},{"entityName":"madhubani","metric":{"type":"TOTAL","count":1261,"amount":1853704.0}}],"pincodes":[{"entityName":"800001","metric":{"type":"TOTAL","count":1458,"amount":2069004.0}},{"entityName":"800020","metric":{"type":"TOTAL","count":856,"amount":1083072.0}},{"entityName":"801503","metric":{"type":"TOTAL","count":612,"amount":945796.0}},{"entityName":"800006","metric":{"type":"TOTAL","count":580,"amount":604152.0}},{"entityName":"812001","metric":{"type":"TOTAL","count":528,"amount":728832.0}},{"entityName":"800002","metric":{"type":"TOTAL","count":454,"amount":586469.0}},{"entityName":"844101","metric":{"type":"TOTAL","count":444,"amount":649688.0}},{"entityName":"842002","metric":{"type":"TOTAL","count":437,"amount":583997.0}},{"entityName":"842001","metric":{"type":"TOTAL","count":434,"amount":561217.0}},{"entityName":"800007","metric":{"type":"TOTAL","count":405,"amount":467949.0}}]},"responseTimestamp":1706092864669}