{"success":true,"code":"SUCCESS","data":{"states":null,"districts":[{"entityName":"east khasi hills","metric":{"type":"TOTAL","count":18,"amount":3753.0}},{"entityName":"ribhoi","metric":{"type":"TOTAL","count":8,"amount":1822.0}},{"entityName":"east jaintia hills","metric":{"type":"TOTAL","count":8,"amount":1719.0}},{"entityName":"west khasi hills","metric":{"type":"TOTAL","count":4,"amount":847.0}},{"entityName":"west garo hills","metric":{"type":"TOTAL","count":1,"amount":231.0}},{"entityName":"north garo hills","metric":{"type":"TOTAL","count":1,"amount":231.0}},{"entityName":"south west khasi hills","metric":{"type":"TOTAL","count":1,"amount":226.0}}],"pincodes":[{"entityName":"793001","metric":{"type":"TOTAL","count":7,"amount":1252.0}},{"entityName":"793101","metric":{"type":"TOTAL","count":7,"amount":1591.0}},{"entityName":"793119","metric":{"type":"TOTAL","count":4,"amount":847.0}},{"entityName":"793011","metric":{"type":"TOTAL","count":4,"amount":924.0}},{"entityName":"793160","metric":{"type":"TOTAL","count":3,"amount":462.0}},{"entityName":"793003","metric":{"type":"TOTAL","count":3,"amount":595.0}},{"entityName":"793210","metric":{"type":"TOTAL","count":3,"amount":795.0}},{"entityName":"793200","metric":{"type":"TOTAL","count":2,"amount":462.0}},{"entityName":"793012","metric":{"type":"TOTAL","count":1,"amount":231.0}},{"entityName":"793022","metric":{"type":"TOTAL","count":1,"amount":238.0}}]},"responseTimestamp":1692610808438}