{"success":true,"code":"SUCCESS","data":{"states":null,"districts":[{"entityName":"east khasi hills","metric":{"type":"TOTAL","count":52,"amount":14174.0}},{"entityName":"east jaintia hills","metric":{"type":"TOTAL","count":24,"amount":9099.0}},{"entityName":"west garo hills","metric":{"type":"TOTAL","count":14,"amount":3643.0}},{"entityName":"ribhoi","metric":{"type":"TOTAL","count":8,"amount":2240.0}},{"entityName":"west jaintia hills","metric":{"type":"TOTAL","count":7,"amount":1500.0}},{"entityName":"east garo hills","metric":{"type":"TOTAL","count":5,"amount":2245.0}},{"entityName":"north garo hills","metric":{"type":"TOTAL","count":1,"amount":166.0}},{"entityName":"west khasi hills","metric":{"type":"TOTAL","count":1,"amount":548.0}}],"pincodes":[{"entityName":"793210","metric":{"type":"TOTAL","count":17,"amount":4534.0}},{"entityName":"793001","metric":{"type":"TOTAL","count":12,"amount":3049.0}},{"entityName":"793004","metric":{"type":"TOTAL","count":9,"amount":3376.0}},{"entityName":"793022","metric":{"type":"TOTAL","count":8,"amount":1381.0}},{"entityName":"793002","metric":{"type":"TOTAL","count":8,"amount":1862.0}},{"entityName":"793200","metric":{"type":"TOTAL","count":6,"amount":4284.0}},{"entityName":"794104","metric":{"type":"TOTAL","count":6,"amount":1194.0}},{"entityName":"793101","metric":{"type":"TOTAL","count":5,"amount":1290.0}},{"entityName":"794001","metric":{"type":"TOTAL","count":4,"amount":2023.0}},{"entityName":"794111","metric":{"type":"TOTAL","count":4,"amount":1964.0}}]},"responseTimestamp":1692610859822}