{"success":true,"code":"SUCCESS","data":{"states":null,"districts":[{"entityName":"east khasi hills","metric":{"type":"TOTAL","count":53,"amount":37940.0}},{"entityName":"west garo hills","metric":{"type":"TOTAL","count":14,"amount":11704.0}},{"entityName":"ribhoi","metric":{"type":"TOTAL","count":8,"amount":5569.0}},{"entityName":"east jaintia hills","metric":{"type":"TOTAL","count":6,"amount":4482.0}},{"entityName":"south west garo hills","metric":{"type":"TOTAL","count":5,"amount":9094.0}},{"entityName":"east garo hills","metric":{"type":"TOTAL","count":2,"amount":1818.0}},{"entityName":"west khasi hills","metric":{"type":"TOTAL","count":1,"amount":325.0}},{"entityName":"south garo hills","metric":{"type":"TOTAL","count":1,"amount":32.0}},{"entityName":"north garo hills","metric":{"type":"TOTAL","count":1,"amount":33.0}},{"entityName":"west jaintia hills","metric":{"type":"TOTAL","count":1,"amount":32.0}}],"pincodes":[{"entityName":"793002","metric":{"type":"TOTAL","count":22,"amount":7928.0}},{"entityName":"794105","metric":{"type":"TOTAL","count":7,"amount":3987.0}},{"entityName":"793019","metric":{"type":"TOTAL","count":6,"amount":7101.0}},{"entityName":"793001","metric":{"type":"TOTAL","count":5,"amount":8726.0}},{"entityName":"793210","metric":{"type":"TOTAL","count":4,"amount":3792.0}},{"entityName":"793113","metric":{"type":"TOTAL","count":3,"amount":197.0}},{"entityName":"793102","metric":{"type":"TOTAL","count":3,"amount":1233.0}},{"entityName":"793018","metric":{"type":"TOTAL","count":3,"amount":2127.0}},{"entityName":"794101","metric":{"type":"TOTAL","count":3,"amount":526.0}},{"entityName":"793007","metric":{"type":"TOTAL","count":3,"amount":2103.0}}]},"responseTimestamp":1692610912791}