{"success":true,"code":"SUCCESS","data":{"states":null,"districts":[{"entityName":"chandigarh","metric":{"type":"TOTAL","count":792,"amount":1150932.0}}],"pincodes":[{"entityName":"160101","metric":{"type":"TOTAL","count":120,"amount":170516.0}},{"entityName":"160002","metric":{"type":"TOTAL","count":108,"amount":164789.0}},{"entityName":"160047","metric":{"type":"TOTAL","count":83,"amount":105979.0}},{"entityName":"160036","metric":{"type":"TOTAL","count":64,"amount":105352.0}},{"entityName":"160014","metric":{"type":"TOTAL","count":55,"amount":66927.0}},{"entityName":"160030","metric":{"type":"TOTAL","count":52,"amount":52656.0}},{"entityName":"160022","metric":{"type":"TOTAL","count":47,"amount":65051.0}},{"entityName":"160015","metric":{"type":"TOTAL","count":31,"amount":52627.0}},{"entityName":"160003","metric":{"type":"TOTAL","count":26,"amount":33925.0}},{"entityName":"160017","metric":{"type":"TOTAL","count":25,"amount":34012.0}}]},"responseTimestamp":1692611187292}