{"success":true,"code":"SUCCESS","data":{"states":null,"districts":[{"entityName":"chandigarh","metric":{"type":"TOTAL","count":1330,"amount":1874959.0}}],"pincodes":[{"entityName":"160002","metric":{"type":"TOTAL","count":178,"amount":239321.0}},{"entityName":"160101","metric":{"type":"TOTAL","count":178,"amount":208178.0}},{"entityName":"160036","metric":{"type":"TOTAL","count":147,"amount":205089.0}},{"entityName":"160022","metric":{"type":"TOTAL","count":115,"amount":156469.0}},{"entityName":"160047","metric":{"type":"TOTAL","count":90,"amount":140603.0}},{"entityName":"160030","metric":{"type":"TOTAL","count":84,"amount":93049.0}},{"entityName":"160014","metric":{"type":"TOTAL","count":83,"amount":108535.0}},{"entityName":"160017","metric":{"type":"TOTAL","count":54,"amount":82635.0}},{"entityName":"160003","metric":{"type":"TOTAL","count":51,"amount":71758.0}},{"entityName":"160011","metric":{"type":"TOTAL","count":45,"amount":66154.0}}]},"responseTimestamp":1692611238622}