{"success":true,"code":"SUCCESS","data":{"states":null,"districts":[{"entityName":"chandigarh","metric":{"type":"TOTAL","count":1533,"amount":1998439.0}}],"pincodes":[{"entityName":"160101","metric":{"type":"TOTAL","count":197,"amount":224851.0}},{"entityName":"160036","metric":{"type":"TOTAL","count":183,"amount":231970.0}},{"entityName":"160002","metric":{"type":"TOTAL","count":170,"amount":199561.0}},{"entityName":"160047","metric":{"type":"TOTAL","count":147,"amount":215373.0}},{"entityName":"160022","metric":{"type":"TOTAL","count":110,"amount":151167.0}},{"entityName":"160014","metric":{"type":"TOTAL","count":93,"amount":149268.0}},{"entityName":"160030","metric":{"type":"TOTAL","count":77,"amount":81762.0}},{"entityName":"160025","metric":{"type":"TOTAL","count":69,"amount":73353.0}},{"entityName":"160015","metric":{"type":"TOTAL","count":63,"amount":76017.0}},{"entityName":"160019","metric":{"type":"TOTAL","count":60,"amount":82431.0}}]},"responseTimestamp":1692611290262}