{"success":true,"code":"SUCCESS","data":{"states":null,"districts":[{"entityName":"chandigarh","metric":{"type":"TOTAL","count":1403,"amount":2024528.0}}],"pincodes":[{"entityName":"160002","metric":{"type":"TOTAL","count":201,"amount":270411.0}},{"entityName":"160101","metric":{"type":"TOTAL","count":190,"amount":259504.0}},{"entityName":"160036","metric":{"type":"TOTAL","count":135,"amount":190200.0}},{"entityName":"160047","metric":{"type":"TOTAL","count":127,"amount":171399.0}},{"entityName":"160022","metric":{"type":"TOTAL","count":100,"amount":151398.0}},{"entityName":"160030","metric":{"type":"TOTAL","count":88,"amount":166835.0}},{"entityName":"160014","metric":{"type":"TOTAL","count":70,"amount":75999.0}},{"entityName":"160015","metric":{"type":"TOTAL","count":67,"amount":84135.0}},{"entityName":"160003","metric":{"type":"TOTAL","count":63,"amount":91296.0}},{"entityName":"160019","metric":{"type":"TOTAL","count":55,"amount":85464.0}}]},"responseTimestamp":1692611342148}