{"success":true,"code":"SUCCESS","data":{"states":null,"districts":[{"entityName":"visakhapatnam","metric":{"type":"TOTAL","count":5196,"amount":6953446.0}},{"entityName":"krishna","metric":{"type":"TOTAL","count":3914,"amount":5279784.0}},{"entityName":"east godavari","metric":{"type":"TOTAL","count":3605,"amount":5199664.0}},{"entityName":"chittoor","metric":{"type":"TOTAL","count":2887,"amount":4304499.0}},{"entityName":"guntur","metric":{"type":"TOTAL","count":2748,"amount":3988284.0}},{"entityName":"west godavari","metric":{"type":"TOTAL","count":1991,"amount":3109555.0}},{"entityName":"spsr nellore","metric":{"type":"TOTAL","count":1878,"amount":2608475.0}},{"entityName":"prakasam","metric":{"type":"TOTAL","count":1797,"amount":2181402.0}},{"entityName":"anantapur","metric":{"type":"TOTAL","count":1551,"amount":2556602.0}},{"entityName":"ysr","metric":{"type":"TOTAL","count":1439,"amount":2086496.0}}],"pincodes":[{"entityName":"523001","metric":{"type":"TOTAL","count":501,"amount":553651.0}},{"entityName":"523002","metric":{"type":"TOTAL","count":418,"amount":422786.0}},{"entityName":"524004","metric":{"type":"TOTAL","count":365,"amount":352581.0}},{"entityName":"517507","metric":{"type":"TOTAL","count":361,"amount":617403.0}},{"entityName":"517501","metric":{"type":"TOTAL","count":352,"amount":477461.0}},{"entityName":"530016","metric":{"type":"TOTAL","count":349,"amount":394098.0}},{"entityName":"516001","metric":{"type":"TOTAL","count":346,"amount":403725.0}},{"entityName":"530026","metric":{"type":"TOTAL","count":307,"amount":312518.0}},{"entityName":"520010","metric":{"type":"TOTAL","count":297,"amount":370767.0}},{"entityName":"520007","metric":{"type":"TOTAL","count":294,"amount":413180.0}}]},"responseTimestamp":1692611164492}