{"success":true,"code":"SUCCESS","data":{"states":null,"districts":[{"entityName":"visakhapatnam","metric":{"type":"TOTAL","count":5851,"amount":7046107.0}},{"entityName":"krishna","metric":{"type":"TOTAL","count":4578,"amount":5733009.0}},{"entityName":"guntur","metric":{"type":"TOTAL","count":3115,"amount":3979873.0}},{"entityName":"east godavari","metric":{"type":"TOTAL","count":3103,"amount":3899091.0}},{"entityName":"chittoor","metric":{"type":"TOTAL","count":2836,"amount":4207850.0}},{"entityName":"west godavari","metric":{"type":"TOTAL","count":2141,"amount":2903957.0}},{"entityName":"spsr nellore","metric":{"type":"TOTAL","count":2063,"amount":2686947.0}},{"entityName":"prakasam","metric":{"type":"TOTAL","count":1962,"amount":2331922.0}},{"entityName":"anantapur","metric":{"type":"TOTAL","count":1794,"amount":2729962.0}},{"entityName":"ysr","metric":{"type":"TOTAL","count":1418,"amount":1920103.0}}],"pincodes":[{"entityName":"520010","metric":{"type":"TOTAL","count":394,"amount":411471.0}},{"entityName":"530016","metric":{"type":"TOTAL","count":379,"amount":457895.0}},{"entityName":"517507","metric":{"type":"TOTAL","count":376,"amount":510705.0}},{"entityName":"517501","metric":{"type":"TOTAL","count":363,"amount":390709.0}},{"entityName":"520011","metric":{"type":"TOTAL","count":359,"amount":347013.0}},{"entityName":"524002","metric":{"type":"TOTAL","count":347,"amount":400810.0}},{"entityName":"516001","metric":{"type":"TOTAL","count":344,"amount":354936.0}},{"entityName":"523001","metric":{"type":"TOTAL","count":336,"amount":298809.0}},{"entityName":"523002","metric":{"type":"TOTAL","count":318,"amount":410402.0}},{"entityName":"520007","metric":{"type":"TOTAL","count":306,"amount":355690.0}}]},"responseTimestamp":1692611215996}