{"success":true,"code":"SUCCESS","data":{"states":null,"districts":[{"entityName":"visakhapatnam","metric":{"type":"TOTAL","count":6720,"amount":7779967.0}},{"entityName":"krishna","metric":{"type":"TOTAL","count":5529,"amount":6149431.0}},{"entityName":"guntur","metric":{"type":"TOTAL","count":4431,"amount":5271211.0}},{"entityName":"east godavari","metric":{"type":"TOTAL","count":4355,"amount":5505134.0}},{"entityName":"chittoor","metric":{"type":"TOTAL","count":3729,"amount":5145111.0}},{"entityName":"spsr nellore","metric":{"type":"TOTAL","count":2593,"amount":3257610.0}},{"entityName":"west godavari","metric":{"type":"TOTAL","count":2314,"amount":3113617.0}},{"entityName":"prakasam","metric":{"type":"TOTAL","count":2137,"amount":2552054.0}},{"entityName":"anantapur","metric":{"type":"TOTAL","count":1934,"amount":2719786.0}},{"entityName":"ysr","metric":{"type":"TOTAL","count":1892,"amount":2559169.0}}],"pincodes":[{"entityName":"524002","metric":{"type":"TOTAL","count":485,"amount":506293.0}},{"entityName":"517507","metric":{"type":"TOTAL","count":478,"amount":633331.0}},{"entityName":"517501","metric":{"type":"TOTAL","count":477,"amount":602653.0}},{"entityName":"520010","metric":{"type":"TOTAL","count":463,"amount":496114.0}},{"entityName":"520011","metric":{"type":"TOTAL","count":444,"amount":463855.0}},{"entityName":"516001","metric":{"type":"TOTAL","count":443,"amount":510288.0}},{"entityName":"530026","metric":{"type":"TOTAL","count":421,"amount":437652.0}},{"entityName":"530016","metric":{"type":"TOTAL","count":420,"amount":408060.0}},{"entityName":"520001","metric":{"type":"TOTAL","count":411,"amount":343460.0}},{"entityName":"524004","metric":{"type":"TOTAL","count":392,"amount":408836.0}}]},"responseTimestamp":1692611267477}