{"success":true,"code":"SUCCESS","data":{"states":null,"districts":[{"entityName":"visakhapatnam","metric":{"type":"TOTAL","count":7636,"amount":9911879.0}},{"entityName":"krishna","metric":{"type":"TOTAL","count":5484,"amount":6977122.0}},{"entityName":"guntur","metric":{"type":"TOTAL","count":5199,"amount":6244165.0}},{"entityName":"chittoor","metric":{"type":"TOTAL","count":4641,"amount":6166050.0}},{"entityName":"east godavari","metric":{"type":"TOTAL","count":4450,"amount":5856052.0}},{"entityName":"spsr nellore","metric":{"type":"TOTAL","count":2733,"amount":3658896.0}},{"entityName":"west godavari","metric":{"type":"TOTAL","count":2623,"amount":3513389.0}},{"entityName":"anantapur","metric":{"type":"TOTAL","count":2425,"amount":3710468.0}},{"entityName":"prakasam","metric":{"type":"TOTAL","count":2400,"amount":2848596.0}},{"entityName":"ysr","metric":{"type":"TOTAL","count":2261,"amount":2993022.0}}],"pincodes":[{"entityName":"517507","metric":{"type":"TOTAL","count":596,"amount":856272.0}},{"entityName":"516001","metric":{"type":"TOTAL","count":550,"amount":602897.0}},{"entityName":"517501","metric":{"type":"TOTAL","count":543,"amount":549451.0}},{"entityName":"523002","metric":{"type":"TOTAL","count":488,"amount":441856.0}},{"entityName":"530016","metric":{"type":"TOTAL","count":457,"amount":650737.0}},{"entityName":"517326","metric":{"type":"TOTAL","count":416,"amount":288926.0}},{"entityName":"524002","metric":{"type":"TOTAL","count":416,"amount":588408.0}},{"entityName":"520011","metric":{"type":"TOTAL","count":413,"amount":432671.0}},{"entityName":"522001","metric":{"type":"TOTAL","count":407,"amount":369435.0}},{"entityName":"530026","metric":{"type":"TOTAL","count":407,"amount":458462.0}}]},"responseTimestamp":1692611319267}