{"success":true,"code":"SUCCESS","data":{"states":null,"districts":[{"entityName":"patna","metric":{"type":"TOTAL","count":685,"amount":126689.0}},{"entityName":"begusarai","metric":{"type":"TOTAL","count":158,"amount":31671.0}},{"entityName":"muzaffarpur","metric":{"type":"TOTAL","count":132,"amount":28803.0}},{"entityName":"gaya","metric":{"type":"TOTAL","count":117,"amount":24619.0}},{"entityName":"darbhanga","metric":{"type":"TOTAL","count":103,"amount":21997.0}},{"entityName":"purbi champaran","metric":{"type":"TOTAL","count":100,"amount":22466.0}},{"entityName":"bhagalpur","metric":{"type":"TOTAL","count":96,"amount":22602.0}},{"entityName":"pashchim champaran","metric":{"type":"TOTAL","count":92,"amount":20072.0}},{"entityName":"madhubani","metric":{"type":"TOTAL","count":89,"amount":19995.0}},{"entityName":"vaishali","metric":{"type":"TOTAL","count":86,"amount":20680.0}}],"pincodes":[{"entityName":"800001","metric":{"type":"TOTAL","count":126,"amount":21331.0}},{"entityName":"800020","metric":{"type":"TOTAL","count":105,"amount":19710.0}},{"entityName":"800006","metric":{"type":"TOTAL","count":57,"amount":9978.0}},{"entityName":"801503","metric":{"type":"TOTAL","count":42,"amount":7212.0}},{"entityName":"851101","metric":{"type":"TOTAL","count":40,"amount":7248.0}},{"entityName":"845438","metric":{"type":"TOTAL","count":39,"amount":7637.0}},{"entityName":"845401","metric":{"type":"TOTAL","count":38,"amount":7520.0}},{"entityName":"800023","metric":{"type":"TOTAL","count":35,"amount":6460.0}},{"entityName":"852201","metric":{"type":"TOTAL","count":35,"amount":6150.0}},{"entityName":"851116","metric":{"type":"TOTAL","count":34,"amount":6046.0}}]},"responseTimestamp":1692610822284}