{"success":true,"code":"SUCCESS","data":{"states":null,"districts":[{"entityName":"patna","metric":{"type":"TOTAL","count":1926,"amount":427322.0}},{"entityName":"muzaffarpur","metric":{"type":"TOTAL","count":752,"amount":179003.0}},{"entityName":"purbi champaran","metric":{"type":"TOTAL","count":497,"amount":111197.0}},{"entityName":"gaya","metric":{"type":"TOTAL","count":408,"amount":85332.0}},{"entityName":"vaishali","metric":{"type":"TOTAL","count":408,"amount":89031.0}},{"entityName":"samastipur","metric":{"type":"TOTAL","count":344,"amount":81819.0}},{"entityName":"darbhanga","metric":{"type":"TOTAL","count":325,"amount":73191.0}},{"entityName":"bhagalpur","metric":{"type":"TOTAL","count":325,"amount":80091.0}},{"entityName":"saran","metric":{"type":"TOTAL","count":323,"amount":78623.0}},{"entityName":"purnia","metric":{"type":"TOTAL","count":292,"amount":61193.0}}],"pincodes":[{"entityName":"800001","metric":{"type":"TOTAL","count":357,"amount":78191.0}},{"entityName":"800020","metric":{"type":"TOTAL","count":264,"amount":55025.0}},{"entityName":"845401","metric":{"type":"TOTAL","count":135,"amount":30537.0}},{"entityName":"800006","metric":{"type":"TOTAL","count":126,"amount":23361.0}},{"entityName":"842001","metric":{"type":"TOTAL","count":112,"amount":25875.0}},{"entityName":"812001","metric":{"type":"TOTAL","count":109,"amount":26403.0}},{"entityName":"844101","metric":{"type":"TOTAL","count":106,"amount":25813.0}},{"entityName":"801503","metric":{"type":"TOTAL","count":103,"amount":27115.0}},{"entityName":"854301","metric":{"type":"TOTAL","count":99,"amount":21383.0}},{"entityName":"802301","metric":{"type":"TOTAL","count":98,"amount":19569.0}}]},"responseTimestamp":1692610873883}