{"success":true,"code":"SUCCESS","data":{"states":null,"districts":[{"entityName":"patna","metric":{"type":"TOTAL","count":1831,"amount":1396144.0}},{"entityName":"muzaffarpur","metric":{"type":"TOTAL","count":616,"amount":462851.0}},{"entityName":"vaishali","metric":{"type":"TOTAL","count":445,"amount":381786.0}},{"entityName":"saran","metric":{"type":"TOTAL","count":410,"amount":376021.0}},{"entityName":"samastipur","metric":{"type":"TOTAL","count":404,"amount":405354.0}},{"entityName":"darbhanga","metric":{"type":"TOTAL","count":375,"amount":329076.0}},{"entityName":"gaya","metric":{"type":"TOTAL","count":366,"amount":260585.0}},{"entityName":"madhubani","metric":{"type":"TOTAL","count":362,"amount":312107.0}},{"entityName":"purbi champaran","metric":{"type":"TOTAL","count":336,"amount":195193.0}},{"entityName":"bhagalpur","metric":{"type":"TOTAL","count":332,"amount":281912.0}}],"pincodes":[{"entityName":"800001","metric":{"type":"TOTAL","count":283,"amount":183251.0}},{"entityName":"800020","metric":{"type":"TOTAL","count":263,"amount":182521.0}},{"entityName":"800006","metric":{"type":"TOTAL","count":147,"amount":89867.0}},{"entityName":"812001","metric":{"type":"TOTAL","count":101,"amount":69440.0}},{"entityName":"845401","metric":{"type":"TOTAL","count":98,"amount":53755.0}},{"entityName":"842001","metric":{"type":"TOTAL","count":90,"amount":54062.0}},{"entityName":"801503","metric":{"type":"TOTAL","count":89,"amount":60238.0}},{"entityName":"800007","metric":{"type":"TOTAL","count":83,"amount":64237.0}},{"entityName":"823001","metric":{"type":"TOTAL","count":81,"amount":50166.0}},{"entityName":"845438","metric":{"type":"TOTAL","count":81,"amount":41589.0}}]},"responseTimestamp":1692610926537}