{"success":true,"code":"SUCCESS","data":{"states":null,"districts":[{"entityName":"pune","metric":{"type":"TOTAL","count":10913,"amount":6482027.0}},{"entityName":"thane","metric":{"type":"TOTAL","count":6971,"amount":4869909.0}},{"entityName":"mumbai suburban","metric":{"type":"TOTAL","count":5505,"amount":3893302.0}},{"entityName":"nashik","metric":{"type":"TOTAL","count":3381,"amount":1857949.0}},{"entityName":"nagpur","metric":{"type":"TOTAL","count":3055,"amount":2060944.0}},{"entityName":"aurangabad","metric":{"type":"TOTAL","count":2514,"amount":903043.0}},{"entityName":"mumbai","metric":{"type":"TOTAL","count":2166,"amount":1596945.0}},{"entityName":"ahmednagar","metric":{"type":"TOTAL","count":2121,"amount":833980.0}},{"entityName":"raigad","metric":{"type":"TOTAL","count":1811,"amount":1375948.0}},{"entityName":"solapur","metric":{"type":"TOTAL","count":1472,"amount":734242.0}}],"pincodes":[{"entityName":"421302","metric":{"type":"TOTAL","count":802,"amount":538000.0}},{"entityName":"410501","metric":{"type":"TOTAL","count":649,"amount":265413.0}},{"entityName":"411033","metric":{"type":"TOTAL","count":515,"amount":304108.0}},{"entityName":"421201","metric":{"type":"TOTAL","count":501,"amount":329307.0}},{"entityName":"410206","metric":{"type":"TOTAL","count":499,"amount":407630.0}},{"entityName":"421301","metric":{"type":"TOTAL","count":478,"amount":362678.0}},{"entityName":"431003","metric":{"type":"TOTAL","count":466,"amount":135948.0}},{"entityName":"411014","metric":{"type":"TOTAL","count":426,"amount":223350.0}},{"entityName":"422009","metric":{"type":"TOTAL","count":371,"amount":216352.0}},{"entityName":"411046","metric":{"type":"TOTAL","count":370,"amount":174139.0}}]},"responseTimestamp":1692610958830}