{"success":true,"code":"SUCCESS","data":{"states":null,"districts":[{"entityName":"pune","metric":{"type":"TOTAL","count":14949,"amount":9422249.0}},{"entityName":"thane","metric":{"type":"TOTAL","count":7446,"amount":5734857.0}},{"entityName":"mumbai suburban","metric":{"type":"TOTAL","count":5293,"amount":3659655.0}},{"entityName":"nashik","metric":{"type":"TOTAL","count":4607,"amount":2827696.0}},{"entityName":"nagpur","metric":{"type":"TOTAL","count":3864,"amount":2683877.0}},{"entityName":"ahmednagar","metric":{"type":"TOTAL","count":3355,"amount":2145197.0}},{"entityName":"aurangabad","metric":{"type":"TOTAL","count":3162,"amount":1752774.0}},{"entityName":"solapur","metric":{"type":"TOTAL","count":2417,"amount":1483185.0}},{"entityName":"raigad","metric":{"type":"TOTAL","count":2219,"amount":1802764.0}},{"entityName":"palghar","metric":{"type":"TOTAL","count":2152,"amount":1598936.0}}],"pincodes":[{"entityName":"410501","metric":{"type":"TOTAL","count":948,"amount":578550.0}},{"entityName":"421302","metric":{"type":"TOTAL","count":783,"amount":586297.0}},{"entityName":"411033","metric":{"type":"TOTAL","count":722,"amount":405598.0}},{"entityName":"412105","metric":{"type":"TOTAL","count":713,"amount":452166.0}},{"entityName":"410206","metric":{"type":"TOTAL","count":654,"amount":468786.0}},{"entityName":"431003","metric":{"type":"TOTAL","count":617,"amount":329319.0}},{"entityName":"421201","metric":{"type":"TOTAL","count":597,"amount":407263.0}},{"entityName":"411041","metric":{"type":"TOTAL","count":594,"amount":281598.0}},{"entityName":"411046","metric":{"type":"TOTAL","count":586,"amount":390756.0}},{"entityName":"421301","metric":{"type":"TOTAL","count":511,"amount":391589.0}}]},"responseTimestamp":1692611011254}