{"success":true,"code":"SUCCESS","data":{"states":null,"districts":[{"entityName":"pune","metric":{"type":"TOTAL","count":9943,"amount":8127896.0}},{"entityName":"thane","metric":{"type":"TOTAL","count":7829,"amount":6194341.0}},{"entityName":"mumbai suburban","metric":{"type":"TOTAL","count":5520,"amount":4552921.0}},{"entityName":"nashik","metric":{"type":"TOTAL","count":2807,"amount":2230871.0}},{"entityName":"nagpur","metric":{"type":"TOTAL","count":2795,"amount":2376913.0}},{"entityName":"aurangabad","metric":{"type":"TOTAL","count":2212,"amount":1245983.0}},{"entityName":"mumbai","metric":{"type":"TOTAL","count":2116,"amount":1824585.0}},{"entityName":"raigad","metric":{"type":"TOTAL","count":1768,"amount":1718085.0}},{"entityName":"palghar","metric":{"type":"TOTAL","count":1709,"amount":1457172.0}},{"entityName":"ahmednagar","metric":{"type":"TOTAL","count":1509,"amount":1140977.0}}],"pincodes":[{"entityName":"421301","metric":{"type":"TOTAL","count":1176,"amount":670772.0}},{"entityName":"421302","metric":{"type":"TOTAL","count":1001,"amount":736789.0}},{"entityName":"410501","metric":{"type":"TOTAL","count":561,"amount":304516.0}},{"entityName":"410206","metric":{"type":"TOTAL","count":487,"amount":415689.0}},{"entityName":"421201","metric":{"type":"TOTAL","count":478,"amount":446433.0}},{"entityName":"411033","metric":{"type":"TOTAL","count":474,"amount":362568.0}},{"entityName":"431001","metric":{"type":"TOTAL","count":451,"amount":249513.0}},{"entityName":"411046","metric":{"type":"TOTAL","count":422,"amount":291023.0}},{"entityName":"401208","metric":{"type":"TOTAL","count":406,"amount":346804.0}},{"entityName":"412105","metric":{"type":"TOTAL","count":405,"amount":333389.0}}]},"responseTimestamp":1692611063267}