{"success":true,"code":"SUCCESS","data":{"states":null,"districts":[{"entityName":"pune","metric":{"type":"TOTAL","count":16039,"amount":1.8693479E7}},{"entityName":"thane","metric":{"type":"TOTAL","count":13362,"amount":1.385639E7}},{"entityName":"mumbai suburban","metric":{"type":"TOTAL","count":9319,"amount":9168680.0}},{"entityName":"nagpur","metric":{"type":"TOTAL","count":4924,"amount":5775357.0}},{"entityName":"nashik","metric":{"type":"TOTAL","count":3996,"amount":4883186.0}},{"entityName":"mumbai","metric":{"type":"TOTAL","count":3563,"amount":3541155.0}},{"entityName":"palghar","metric":{"type":"TOTAL","count":2927,"amount":3095452.0}},{"entityName":"raigad","metric":{"type":"TOTAL","count":2900,"amount":3785506.0}},{"entityName":"solapur","metric":{"type":"TOTAL","count":2839,"amount":3265540.0}},{"entityName":"aurangabad","metric":{"type":"TOTAL","count":2580,"amount":2341427.0}}],"pincodes":[{"entityName":"421301","metric":{"type":"TOTAL","count":1473,"amount":1157196.0}},{"entityName":"421302","metric":{"type":"TOTAL","count":1471,"amount":1338786.0}},{"entityName":"411033","metric":{"type":"TOTAL","count":847,"amount":970344.0}},{"entityName":"421201","metric":{"type":"TOTAL","count":834,"amount":838561.0}},{"entityName":"410206","metric":{"type":"TOTAL","count":834,"amount":1001187.0}},{"entityName":"401208","metric":{"type":"TOTAL","count":746,"amount":695026.0}},{"entityName":"410501","metric":{"type":"TOTAL","count":733,"amount":630994.0}},{"entityName":"411014","metric":{"type":"TOTAL","count":713,"amount":824373.0}},{"entityName":"411057","metric":{"type":"TOTAL","count":654,"amount":768442.0}},{"entityName":"411046","metric":{"type":"TOTAL","count":634,"amount":802119.0}}]},"responseTimestamp":1692611114772}