{"success":true,"code":"SUCCESS","data":{"states":null,"districts":[{"entityName":"visakhapatnam","metric":{"type":"TOTAL","count":4006,"amount":2403199.0}},{"entityName":"krishna","metric":{"type":"TOTAL","count":2722,"amount":1699716.0}},{"entityName":"guntur","metric":{"type":"TOTAL","count":2412,"amount":1398326.0}},{"entityName":"east godavari","metric":{"type":"TOTAL","count":1937,"amount":1065604.0}},{"entityName":"chittoor","metric":{"type":"TOTAL","count":1629,"amount":1058050.0}},{"entityName":"west godavari","metric":{"type":"TOTAL","count":1460,"amount":850251.0}},{"entityName":"spsr nellore","metric":{"type":"TOTAL","count":1323,"amount":714947.0}},{"entityName":"kurnool","metric":{"type":"TOTAL","count":1270,"amount":508161.0}},{"entityName":"ysr","metric":{"type":"TOTAL","count":1265,"amount":729565.0}},{"entityName":"anantapur","metric":{"type":"TOTAL","count":1264,"amount":621128.0}}],"pincodes":[{"entityName":"530016","metric":{"type":"TOTAL","count":287,"amount":144342.0}},{"entityName":"516001","metric":{"type":"TOTAL","count":258,"amount":130242.0}},{"entityName":"530026","metric":{"type":"TOTAL","count":250,"amount":114038.0}},{"entityName":"517501","metric":{"type":"TOTAL","count":249,"amount":105904.0}},{"entityName":"520010","metric":{"type":"TOTAL","count":224,"amount":135466.0}},{"entityName":"517507","metric":{"type":"TOTAL","count":215,"amount":169433.0}},{"entityName":"522001","metric":{"type":"TOTAL","count":210,"amount":85999.0}},{"entityName":"520012","metric":{"type":"TOTAL","count":178,"amount":127092.0}},{"entityName":"524002","metric":{"type":"TOTAL","count":178,"amount":100699.0}},{"entityName":"520011","metric":{"type":"TOTAL","count":177,"amount":70827.0}}]},"responseTimestamp":1692610957193}