{"success":true,"code":"SUCCESS","data":{"states":null,"districts":[{"entityName":"prakasam","metric":{"type":"TOTAL","count":5308,"amount":2719134.0}},{"entityName":"visakhapatnam","metric":{"type":"TOTAL","count":4655,"amount":3497573.0}},{"entityName":"west godavari","metric":{"type":"TOTAL","count":4170,"amount":2327122.0}},{"entityName":"krishna","metric":{"type":"TOTAL","count":3451,"amount":2494257.0}},{"entityName":"guntur","metric":{"type":"TOTAL","count":2967,"amount":2201793.0}},{"entityName":"chittoor","metric":{"type":"TOTAL","count":2392,"amount":1839579.0}},{"entityName":"east godavari","metric":{"type":"TOTAL","count":2343,"amount":1695121.0}},{"entityName":"spsr nellore","metric":{"type":"TOTAL","count":1817,"amount":1245872.0}},{"entityName":"anantapur","metric":{"type":"TOTAL","count":1631,"amount":1284850.0}},{"entityName":"kurnool","metric":{"type":"TOTAL","count":1410,"amount":941389.0}}],"pincodes":[{"entityName":"523002","metric":{"type":"TOTAL","count":1409,"amount":631953.0}},{"entityName":"523001","metric":{"type":"TOTAL","count":537,"amount":293906.0}},{"entityName":"517501","metric":{"type":"TOTAL","count":374,"amount":208258.0}},{"entityName":"517507","metric":{"type":"TOTAL","count":347,"amount":265432.0}},{"entityName":"530016","metric":{"type":"TOTAL","count":323,"amount":204624.0}},{"entityName":"534002","metric":{"type":"TOTAL","count":293,"amount":124158.0}},{"entityName":"534006","metric":{"type":"TOTAL","count":284,"amount":112884.0}},{"entityName":"515001","metric":{"type":"TOTAL","count":271,"amount":168382.0}},{"entityName":"516001","metric":{"type":"TOTAL","count":268,"amount":144765.0}},{"entityName":"524002","metric":{"type":"TOTAL","count":262,"amount":130466.0}}]},"responseTimestamp":1692611009192}