{"success":true,"code":"SUCCESS","data":{"states":null,"districts":[{"entityName":"visakhapatnam","metric":{"type":"TOTAL","count":4044,"amount":3191769.0}},{"entityName":"krishna","metric":{"type":"TOTAL","count":3258,"amount":2722279.0}},{"entityName":"guntur","metric":{"type":"TOTAL","count":2519,"amount":2102143.0}},{"entityName":"east godavari","metric":{"type":"TOTAL","count":2248,"amount":2073825.0}},{"entityName":"chittoor","metric":{"type":"TOTAL","count":1991,"amount":1995617.0}},{"entityName":"spsr nellore","metric":{"type":"TOTAL","count":1486,"amount":1161025.0}},{"entityName":"west godavari","metric":{"type":"TOTAL","count":1452,"amount":1216098.0}},{"entityName":"anantapur","metric":{"type":"TOTAL","count":1329,"amount":1311735.0}},{"entityName":"ysr","metric":{"type":"TOTAL","count":1137,"amount":1033282.0}},{"entityName":"prakasam","metric":{"type":"TOTAL","count":1050,"amount":877683.0}}],"pincodes":[{"entityName":"520010","metric":{"type":"TOTAL","count":299,"amount":246736.0}},{"entityName":"520011","metric":{"type":"TOTAL","count":283,"amount":194552.0}},{"entityName":"517507","metric":{"type":"TOTAL","count":282,"amount":246665.0}},{"entityName":"516001","metric":{"type":"TOTAL","count":281,"amount":218927.0}},{"entityName":"517501","metric":{"type":"TOTAL","count":281,"amount":190890.0}},{"entityName":"530026","metric":{"type":"TOTAL","count":276,"amount":201084.0}},{"entityName":"520001","metric":{"type":"TOTAL","count":252,"amount":185104.0}},{"entityName":"530016","metric":{"type":"TOTAL","count":247,"amount":181981.0}},{"entityName":"520007","metric":{"type":"TOTAL","count":234,"amount":183730.0}},{"entityName":"524004","metric":{"type":"TOTAL","count":230,"amount":154696.0}}]},"responseTimestamp":1692611061589}