{"success":true,"code":"SUCCESS","data":{"states":null,"districts":[{"entityName":"visakhapatnam","metric":{"type":"TOTAL","count":4176,"amount":5425896.0}},{"entityName":"krishna","metric":{"type":"TOTAL","count":3029,"amount":3841028.0}},{"entityName":"guntur","metric":{"type":"TOTAL","count":2709,"amount":3214794.0}},{"entityName":"east godavari","metric":{"type":"TOTAL","count":2532,"amount":3543718.0}},{"entityName":"chittoor","metric":{"type":"TOTAL","count":2444,"amount":3100521.0}},{"entityName":"spsr nellore","metric":{"type":"TOTAL","count":2369,"amount":2345876.0}},{"entityName":"ysr","metric":{"type":"TOTAL","count":1449,"amount":1479933.0}},{"entityName":"anantapur","metric":{"type":"TOTAL","count":1322,"amount":2101400.0}},{"entityName":"west godavari","metric":{"type":"TOTAL","count":1262,"amount":1853561.0}},{"entityName":"prakasam","metric":{"type":"TOTAL","count":1181,"amount":1328774.0}}],"pincodes":[{"entityName":"524004","metric":{"type":"TOTAL","count":568,"amount":468698.0}},{"entityName":"524002","metric":{"type":"TOTAL","count":373,"amount":385590.0}},{"entityName":"517501","metric":{"type":"TOTAL","count":372,"amount":394057.0}},{"entityName":"517507","metric":{"type":"TOTAL","count":365,"amount":376592.0}},{"entityName":"516001","metric":{"type":"TOTAL","count":301,"amount":298417.0}},{"entityName":"530016","metric":{"type":"TOTAL","count":293,"amount":386711.0}},{"entityName":"520010","metric":{"type":"TOTAL","count":254,"amount":242094.0}},{"entityName":"522001","metric":{"type":"TOTAL","count":249,"amount":252587.0}},{"entityName":"530026","metric":{"type":"TOTAL","count":238,"amount":269565.0}},{"entityName":"520011","metric":{"type":"TOTAL","count":235,"amount":238426.0}}]},"responseTimestamp":1692611113119}