{"success":true,"code":"SUCCESS","data":{"states":null,"districts":[{"entityName":"ernakulam","metric":{"type":"TOTAL","count":418,"amount":93852.0}},{"entityName":"thiruvananthapuram","metric":{"type":"TOTAL","count":199,"amount":44084.0}},{"entityName":"thrissur","metric":{"type":"TOTAL","count":174,"amount":37861.0}},{"entityName":"kannur","metric":{"type":"TOTAL","count":122,"amount":28904.0}},{"entityName":"kozhikode","metric":{"type":"TOTAL","count":113,"amount":25774.0}},{"entityName":"palakkad","metric":{"type":"TOTAL","count":113,"amount":27306.0}},{"entityName":"kollam","metric":{"type":"TOTAL","count":96,"amount":20737.0}},{"entityName":"kottayam","metric":{"type":"TOTAL","count":78,"amount":18217.0}},{"entityName":"alappuzha","metric":{"type":"TOTAL","count":69,"amount":15083.0}},{"entityName":"pathanamthitta","metric":{"type":"TOTAL","count":61,"amount":13599.0}}],"pincodes":[{"entityName":"682042","metric":{"type":"TOTAL","count":23,"amount":4677.0}},{"entityName":"682021","metric":{"type":"TOTAL","count":19,"amount":3925.0}},{"entityName":"682036","metric":{"type":"TOTAL","count":18,"amount":3030.0}},{"entityName":"682028","metric":{"type":"TOTAL","count":18,"amount":3507.0}},{"entityName":"673016","metric":{"type":"TOTAL","count":15,"amount":3538.0}},{"entityName":"682032","metric":{"type":"TOTAL","count":15,"amount":2958.0}},{"entityName":"686692","metric":{"type":"TOTAL","count":14,"amount":2654.0}},{"entityName":"670001","metric":{"type":"TOTAL","count":14,"amount":3158.0}},{"entityName":"682041","metric":{"type":"TOTAL","count":13,"amount":2125.0}},{"entityName":"695016","metric":{"type":"TOTAL","count":13,"amount":2608.0}}]},"responseTimestamp":1692610822781}