{"success":true,"code":"SUCCESS","data":{"states":null,"districts":[{"entityName":"ernakulam","metric":{"type":"TOTAL","count":2380,"amount":725788.0}},{"entityName":"thiruvananthapuram","metric":{"type":"TOTAL","count":1067,"amount":343813.0}},{"entityName":"thrissur","metric":{"type":"TOTAL","count":952,"amount":328037.0}},{"entityName":"kozhikode","metric":{"type":"TOTAL","count":767,"amount":230900.0}},{"entityName":"kannur","metric":{"type":"TOTAL","count":571,"amount":202732.0}},{"entityName":"kollam","metric":{"type":"TOTAL","count":523,"amount":163023.0}},{"entityName":"malappuram","metric":{"type":"TOTAL","count":492,"amount":150394.0}},{"entityName":"alappuzha","metric":{"type":"TOTAL","count":453,"amount":148816.0}},{"entityName":"palakkad","metric":{"type":"TOTAL","count":419,"amount":132488.0}},{"entityName":"kottayam","metric":{"type":"TOTAL","count":393,"amount":148283.0}}],"pincodes":[{"entityName":"682024","metric":{"type":"TOTAL","count":85,"amount":26200.0}},{"entityName":"682032","metric":{"type":"TOTAL","count":84,"amount":18243.0}},{"entityName":"682020","metric":{"type":"TOTAL","count":80,"amount":22681.0}},{"entityName":"682301","metric":{"type":"TOTAL","count":78,"amount":25224.0}},{"entityName":"682025","metric":{"type":"TOTAL","count":77,"amount":21630.0}},{"entityName":"682041","metric":{"type":"TOTAL","count":65,"amount":19549.0}},{"entityName":"682042","metric":{"type":"TOTAL","count":63,"amount":19198.0}},{"entityName":"695001","metric":{"type":"TOTAL","count":58,"amount":14047.0}},{"entityName":"686673","metric":{"type":"TOTAL","count":58,"amount":22133.0}},{"entityName":"695014","metric":{"type":"TOTAL","count":54,"amount":17667.0}}]},"responseTimestamp":1692610874330}