{"success":true,"code":"SUCCESS","data":{"states":null,"districts":[{"entityName":"ernakulam","metric":{"type":"TOTAL","count":1310,"amount":892676.0}},{"entityName":"thiruvananthapuram","metric":{"type":"TOTAL","count":617,"amount":566230.0}},{"entityName":"kozhikode","metric":{"type":"TOTAL","count":570,"amount":452862.0}},{"entityName":"thrissur","metric":{"type":"TOTAL","count":526,"amount":425296.0}},{"entityName":"malappuram","metric":{"type":"TOTAL","count":404,"amount":316839.0}},{"entityName":"kannur","metric":{"type":"TOTAL","count":371,"amount":335755.0}},{"entityName":"kollam","metric":{"type":"TOTAL","count":355,"amount":319760.0}},{"entityName":"palakkad","metric":{"type":"TOTAL","count":311,"amount":240234.0}},{"entityName":"alappuzha","metric":{"type":"TOTAL","count":281,"amount":244366.0}},{"entityName":"kottayam","metric":{"type":"TOTAL","count":197,"amount":173317.0}}],"pincodes":[{"entityName":"682020","metric":{"type":"TOTAL","count":60,"amount":33576.0}},{"entityName":"682042","metric":{"type":"TOTAL","count":52,"amount":28110.0}},{"entityName":"682024","metric":{"type":"TOTAL","count":50,"amount":29835.0}},{"entityName":"682025","metric":{"type":"TOTAL","count":48,"amount":33186.0}},{"entityName":"673508","metric":{"type":"TOTAL","count":46,"amount":51272.0}},{"entityName":"682032","metric":{"type":"TOTAL","count":40,"amount":41614.0}},{"entityName":"679322","metric":{"type":"TOTAL","count":33,"amount":22097.0}},{"entityName":"682041","metric":{"type":"TOTAL","count":32,"amount":22463.0}},{"entityName":"682035","metric":{"type":"TOTAL","count":30,"amount":22867.0}},{"entityName":"695014","metric":{"type":"TOTAL","count":30,"amount":33773.0}}]},"responseTimestamp":1692610926964}