{"success":true,"code":"SUCCESS","data":{"states":null,"districts":[{"entityName":"chandigarh","metric":{"type":"TOTAL","count":338,"amount":238576.0}}],"pincodes":[{"entityName":"160101","metric":{"type":"TOTAL","count":51,"amount":30704.0}},{"entityName":"160036","metric":{"type":"TOTAL","count":46,"amount":19175.0}},{"entityName":"160002","metric":{"type":"TOTAL","count":41,"amount":42248.0}},{"entityName":"160047","metric":{"type":"TOTAL","count":30,"amount":25522.0}},{"entityName":"160022","metric":{"type":"TOTAL","count":30,"amount":14900.0}},{"entityName":"160014","metric":{"type":"TOTAL","count":24,"amount":10528.0}},{"entityName":"160030","metric":{"type":"TOTAL","count":23,"amount":14328.0}},{"entityName":"160015","metric":{"type":"TOTAL","count":12,"amount":11232.0}},{"entityName":"160008","metric":{"type":"TOTAL","count":11,"amount":14477.0}},{"entityName":"160017","metric":{"type":"TOTAL","count":10,"amount":8735.0}}]},"responseTimestamp":1692610980335}