{"success":true,"code":"SUCCESS","data":{"states":null,"districts":[{"entityName":"chandigarh","metric":{"type":"TOTAL","count":378,"amount":310943.0}}],"pincodes":[{"entityName":"160002","metric":{"type":"TOTAL","count":61,"amount":56288.0}},{"entityName":"160036","metric":{"type":"TOTAL","count":56,"amount":38035.0}},{"entityName":"160047","metric":{"type":"TOTAL","count":35,"amount":25946.0}},{"entityName":"160101","metric":{"type":"TOTAL","count":34,"amount":24311.0}},{"entityName":"160014","metric":{"type":"TOTAL","count":31,"amount":26599.0}},{"entityName":"160022","metric":{"type":"TOTAL","count":24,"amount":17274.0}},{"entityName":"160030","metric":{"type":"TOTAL","count":21,"amount":29653.0}},{"entityName":"160025","metric":{"type":"TOTAL","count":21,"amount":18699.0}},{"entityName":"160019","metric":{"type":"TOTAL","count":16,"amount":15730.0}},{"entityName":"160011","metric":{"type":"TOTAL","count":9,"amount":6380.0}}]},"responseTimestamp":1692611032428}