{"success":true,"code":"SUCCESS","data":{"states":null,"districts":[{"entityName":"chandigarh","metric":{"type":"TOTAL","count":494,"amount":469634.0}}],"pincodes":[{"entityName":"160002","metric":{"type":"TOTAL","count":80,"amount":59092.0}},{"entityName":"160036","metric":{"type":"TOTAL","count":49,"amount":34232.0}},{"entityName":"160047","metric":{"type":"TOTAL","count":41,"amount":27467.0}},{"entityName":"160101","metric":{"type":"TOTAL","count":40,"amount":74996.0}},{"entityName":"160022","metric":{"type":"TOTAL","count":30,"amount":40376.0}},{"entityName":"160014","metric":{"type":"TOTAL","count":29,"amount":23604.0}},{"entityName":"160030","metric":{"type":"TOTAL","count":26,"amount":22645.0}},{"entityName":"160008","metric":{"type":"TOTAL","count":24,"amount":43209.0}},{"entityName":"160011","metric":{"type":"TOTAL","count":21,"amount":10952.0}},{"entityName":"160020","metric":{"type":"TOTAL","count":20,"amount":15804.0}}]},"responseTimestamp":1692611084258}