{"success":true,"code":"SUCCESS","data":{"states":null,"districts":[{"entityName":"chandigarh","metric":{"type":"TOTAL","count":710,"amount":835813.0}}],"pincodes":[{"entityName":"160002","metric":{"type":"TOTAL","count":136,"amount":111958.0}},{"entityName":"160101","metric":{"type":"TOTAL","count":110,"amount":129529.0}},{"entityName":"160036","metric":{"type":"TOTAL","count":74,"amount":114088.0}},{"entityName":"160022","metric":{"type":"TOTAL","count":60,"amount":81459.0}},{"entityName":"160047","metric":{"type":"TOTAL","count":47,"amount":65127.0}},{"entityName":"160014","metric":{"type":"TOTAL","count":37,"amount":38794.0}},{"entityName":"160030","metric":{"type":"TOTAL","count":29,"amount":37767.0}},{"entityName":"160015","metric":{"type":"TOTAL","count":27,"amount":14719.0}},{"entityName":"160003","metric":{"type":"TOTAL","count":25,"amount":26513.0}},{"entityName":"160025","metric":{"type":"TOTAL","count":21,"amount":23723.0}}]},"responseTimestamp":1692611135667}