{"success":true,"code":"SUCCESS","data":{"states":null,"districts":[{"entityName":"aizawl","metric":{"type":"TOTAL","count":119,"amount":198553.0}},{"entityName":"lunglei","metric":{"type":"TOTAL","count":22,"amount":40546.0}},{"entityName":"lawngtlai","metric":{"type":"TOTAL","count":8,"amount":20727.0}},{"entityName":"mamit","metric":{"type":"TOTAL","count":8,"amount":10200.0}},{"entityName":"kolasib","metric":{"type":"TOTAL","count":7,"amount":36169.0}},{"entityName":"serchhip","metric":{"type":"TOTAL","count":4,"amount":10730.0}},{"entityName":"saiha","metric":{"type":"TOTAL","count":2,"amount":7111.0}},{"entityName":"champhai","metric":{"type":"TOTAL","count":1,"amount":2652.0}}],"pincodes":[{"entityName":"796009","metric":{"type":"TOTAL","count":40,"amount":81182.0}},{"entityName":"796005","metric":{"type":"TOTAL","count":28,"amount":38883.0}},{"entityName":"796701","metric":{"type":"TOTAL","count":16,"amount":31226.0}},{"entityName":"796012","metric":{"type":"TOTAL","count":15,"amount":20429.0}},{"entityName":"796008","metric":{"type":"TOTAL","count":11,"amount":5242.0}},{"entityName":"796014","metric":{"type":"TOTAL","count":9,"amount":13892.0}},{"entityName":"796441","metric":{"type":"TOTAL","count":6,"amount":10073.0}},{"entityName":"796017","metric":{"type":"TOTAL","count":6,"amount":18968.0}},{"entityName":"796772","metric":{"type":"TOTAL","count":5,"amount":14341.0}},{"entityName":"796101","metric":{"type":"TOTAL","count":3,"amount":4306.0}}]},"responseTimestamp":1692619200464}