{"success":true,"code":"SUCCESS","data":{"states":null,"districts":[{"entityName":"aizawl","metric":{"type":"TOTAL","count":70,"amount":139004.0}},{"entityName":"kolasib","metric":{"type":"TOTAL","count":12,"amount":37901.0}},{"entityName":"lawngtlai","metric":{"type":"TOTAL","count":11,"amount":18589.0}},{"entityName":"lunglei","metric":{"type":"TOTAL","count":8,"amount":7972.0}},{"entityName":"mamit","metric":{"type":"TOTAL","count":8,"amount":11860.0}},{"entityName":"serchhip","metric":{"type":"TOTAL","count":4,"amount":3931.0}},{"entityName":"champhai","metric":{"type":"TOTAL","count":4,"amount":6615.0}},{"entityName":"saiha","metric":{"type":"TOTAL","count":2,"amount":7056.0}}],"pincodes":[{"entityName":"796009","metric":{"type":"TOTAL","count":24,"amount":66841.0}},{"entityName":"796005","metric":{"type":"TOTAL","count":18,"amount":25380.0}},{"entityName":"796012","metric":{"type":"TOTAL","count":10,"amount":7059.0}},{"entityName":"796081","metric":{"type":"TOTAL","count":8,"amount":35105.0}},{"entityName":"796017","metric":{"type":"TOTAL","count":7,"amount":24072.0}},{"entityName":"796008","metric":{"type":"TOTAL","count":6,"amount":11670.0}},{"entityName":"796772","metric":{"type":"TOTAL","count":6,"amount":13173.0}},{"entityName":"796901","metric":{"type":"TOTAL","count":3,"amount":7127.0}},{"entityName":"796701","metric":{"type":"TOTAL","count":3,"amount":4967.0}},{"entityName":"796441","metric":{"type":"TOTAL","count":3,"amount":1724.0}}]},"responseTimestamp":1692619381722}