{"success":true,"code":"SUCCESS","data":{"states":null,"districts":[{"entityName":"aizawl","metric":{"type":"TOTAL","count":112,"amount":179859.0}},{"entityName":"kolasib","metric":{"type":"TOTAL","count":13,"amount":35343.0}},{"entityName":"serchhip","metric":{"type":"TOTAL","count":9,"amount":18835.0}},{"entityName":"lunglei","metric":{"type":"TOTAL","count":9,"amount":11079.0}},{"entityName":"mamit","metric":{"type":"TOTAL","count":9,"amount":8815.0}},{"entityName":"lawngtlai","metric":{"type":"TOTAL","count":7,"amount":4600.0}},{"entityName":"champhai","metric":{"type":"TOTAL","count":4,"amount":7151.0}},{"entityName":"saiha","metric":{"type":"TOTAL","count":3,"amount":6117.0}}],"pincodes":[{"entityName":"796005","metric":{"type":"TOTAL","count":34,"amount":62963.0}},{"entityName":"796009","metric":{"type":"TOTAL","count":31,"amount":35135.0}},{"entityName":"796012","metric":{"type":"TOTAL","count":13,"amount":16765.0}},{"entityName":"796008","metric":{"type":"TOTAL","count":12,"amount":12511.0}},{"entityName":"796181","metric":{"type":"TOTAL","count":8,"amount":18799.0}},{"entityName":"796017","metric":{"type":"TOTAL","count":7,"amount":25963.0}},{"entityName":"796014","metric":{"type":"TOTAL","count":6,"amount":15157.0}},{"entityName":"796701","metric":{"type":"TOTAL","count":6,"amount":8645.0}},{"entityName":"796101","metric":{"type":"TOTAL","count":5,"amount":21123.0}},{"entityName":"796891","metric":{"type":"TOTAL","count":5,"amount":4493.0}}]},"responseTimestamp":1697612228551}