{"success":true,"code":"SUCCESS","data":{"states":null,"districts":[{"entityName":"aizawl","metric":{"type":"TOTAL","count":204,"amount":306611.0}},{"entityName":"kolasib","metric":{"type":"TOTAL","count":26,"amount":52587.0}},{"entityName":"lunglei","metric":{"type":"TOTAL","count":20,"amount":43965.0}},{"entityName":"lawngtlai","metric":{"type":"TOTAL","count":19,"amount":64525.0}},{"entityName":"serchhip","metric":{"type":"TOTAL","count":18,"amount":36017.0}},{"entityName":"mamit","metric":{"type":"TOTAL","count":11,"amount":27482.0}},{"entityName":"saiha","metric":{"type":"TOTAL","count":8,"amount":17745.0}},{"entityName":"champhai","metric":{"type":"TOTAL","count":6,"amount":9018.0}}],"pincodes":[{"entityName":"796009","metric":{"type":"TOTAL","count":57,"amount":90719.0}},{"entityName":"796005","metric":{"type":"TOTAL","count":52,"amount":57115.0}},{"entityName":"796012","metric":{"type":"TOTAL","count":26,"amount":34756.0}},{"entityName":"796017","metric":{"type":"TOTAL","count":26,"amount":54370.0}},{"entityName":"796181","metric":{"type":"TOTAL","count":15,"amount":29302.0}},{"entityName":"796081","metric":{"type":"TOTAL","count":14,"amount":21027.0}},{"entityName":"796014","metric":{"type":"TOTAL","count":14,"amount":32452.0}},{"entityName":"796701","metric":{"type":"TOTAL","count":12,"amount":28964.0}},{"entityName":"796901","metric":{"type":"TOTAL","count":10,"amount":19684.0}},{"entityName":"796891","metric":{"type":"TOTAL","count":8,"amount":28653.0}}]},"responseTimestamp":1706092882621}