{"success":true,"code":"SUCCESS","data":{"states":null,"districts":[{"entityName":"gurugram","metric":{"type":"TOTAL","count":14505,"amount":2.178369E7}},{"entityName":"faridabad","metric":{"type":"TOTAL","count":7236,"amount":1.0275823E7}},{"entityName":"rewari","metric":{"type":"TOTAL","count":3110,"amount":4640986.0}},{"entityName":"sonipat","metric":{"type":"TOTAL","count":2578,"amount":4420850.0}},{"entityName":"jhajjar","metric":{"type":"TOTAL","count":2290,"amount":3652995.0}},{"entityName":"hisar","metric":{"type":"TOTAL","count":2257,"amount":4098922.0}},{"entityName":"panipat","metric":{"type":"TOTAL","count":1875,"amount":2690679.0}},{"entityName":"rohtak","metric":{"type":"TOTAL","count":1738,"amount":3167356.0}},{"entityName":"bhiwani","metric":{"type":"TOTAL","count":1650,"amount":2866805.0}},{"entityName":"karnal","metric":{"type":"TOTAL","count":1573,"amount":2899134.0}}],"pincodes":[{"entityName":"122001","metric":{"type":"TOTAL","count":2542,"amount":3582671.0}},{"entityName":"121004","metric":{"type":"TOTAL","count":1820,"amount":2595411.0}},{"entityName":"121003","metric":{"type":"TOTAL","count":1600,"amount":2067243.0}},{"entityName":"122006","metric":{"type":"TOTAL","count":1493,"amount":2163779.0}},{"entityName":"123401","metric":{"type":"TOTAL","count":1447,"amount":2224599.0}},{"entityName":"122002","metric":{"type":"TOTAL","count":1317,"amount":2052922.0}},{"entityName":"121001","metric":{"type":"TOTAL","count":1212,"amount":1653002.0}},{"entityName":"124507","metric":{"type":"TOTAL","count":1018,"amount":1611721.0}},{"entityName":"122003","metric":{"type":"TOTAL","count":964,"amount":1434346.0}},{"entityName":"121102","metric":{"type":"TOTAL","count":917,"amount":1696527.0}}]},"responseTimestamp":1714727734055}