{"success":true,"code":"SUCCESS","data":{"states":null,"districts":[{"entityName":"gurugram","metric":{"type":"TOTAL","count":12964,"amount":1.892667E7}},{"entityName":"faridabad","metric":{"type":"TOTAL","count":6154,"amount":8987725.0}},{"entityName":"rewari","metric":{"type":"TOTAL","count":2772,"amount":4028981.0}},{"entityName":"sonipat","metric":{"type":"TOTAL","count":2312,"amount":3912847.0}},{"entityName":"hisar","metric":{"type":"TOTAL","count":2224,"amount":3926907.0}},{"entityName":"jhajjar","metric":{"type":"TOTAL","count":2041,"amount":3443218.0}},{"entityName":"panipat","metric":{"type":"TOTAL","count":1700,"amount":2446471.0}},{"entityName":"rohtak","metric":{"type":"TOTAL","count":1651,"amount":3142822.0}},{"entityName":"bhiwani","metric":{"type":"TOTAL","count":1544,"amount":2636029.0}},{"entityName":"ambala","metric":{"type":"TOTAL","count":1383,"amount":2595393.0}}],"pincodes":[{"entityName":"122001","metric":{"type":"TOTAL","count":2356,"amount":3374341.0}},{"entityName":"121004","metric":{"type":"TOTAL","count":1529,"amount":2065332.0}},{"entityName":"122006","metric":{"type":"TOTAL","count":1347,"amount":1900231.0}},{"entityName":"123401","metric":{"type":"TOTAL","count":1312,"amount":1947044.0}},{"entityName":"121003","metric":{"type":"TOTAL","count":1260,"amount":1789551.0}},{"entityName":"122002","metric":{"type":"TOTAL","count":1141,"amount":1498756.0}},{"entityName":"121001","metric":{"type":"TOTAL","count":1010,"amount":1433101.0}},{"entityName":"124507","metric":{"type":"TOTAL","count":882,"amount":1541899.0}},{"entityName":"122003","metric":{"type":"TOTAL","count":877,"amount":1531295.0}},{"entityName":"124001","metric":{"type":"TOTAL","count":819,"amount":1648092.0}}]},"responseTimestamp":1722517860860}