{"success":true,"code":"SUCCESS","data":{"states":null,"districts":[{"entityName":"gurugram","metric":{"type":"TOTAL","count":14956,"amount":2.1502434E7}},{"entityName":"faridabad","metric":{"type":"TOTAL","count":6523,"amount":9267676.0}},{"entityName":"rewari","metric":{"type":"TOTAL","count":3002,"amount":4363318.0}},{"entityName":"sonipat","metric":{"type":"TOTAL","count":2558,"amount":4389086.0}},{"entityName":"hisar","metric":{"type":"TOTAL","count":2396,"amount":4055598.0}},{"entityName":"jhajjar","metric":{"type":"TOTAL","count":2195,"amount":3617149.0}},{"entityName":"panipat","metric":{"type":"TOTAL","count":1758,"amount":2639675.0}},{"entityName":"rohtak","metric":{"type":"TOTAL","count":1733,"amount":3087076.0}},{"entityName":"bhiwani","metric":{"type":"TOTAL","count":1635,"amount":2539565.0}},{"entityName":"mahendragarh","metric":{"type":"TOTAL","count":1326,"amount":2212434.0}}],"pincodes":[{"entityName":"122001","metric":{"type":"TOTAL","count":2270,"amount":3090606.0}},{"entityName":"121004","metric":{"type":"TOTAL","count":1712,"amount":2546658.0}},{"entityName":"122006","metric":{"type":"TOTAL","count":1545,"amount":2122754.0}},{"entityName":"122002","metric":{"type":"TOTAL","count":1482,"amount":2094086.0}},{"entityName":"123401","metric":{"type":"TOTAL","count":1270,"amount":1825757.0}},{"entityName":"121001","metric":{"type":"TOTAL","count":1065,"amount":1440186.0}},{"entityName":"124001","metric":{"type":"TOTAL","count":936,"amount":1851219.0}},{"entityName":"122017","metric":{"type":"TOTAL","count":919,"amount":1321420.0}},{"entityName":"121102","metric":{"type":"TOTAL","count":888,"amount":1523600.0}},{"entityName":"122004","metric":{"type":"TOTAL","count":851,"amount":1088139.0}}]},"responseTimestamp":1739974387120}