{"success":true,"code":"SUCCESS","data":{"states":null,"districts":[{"entityName":"gurugram","metric":{"type":"TOTAL","count":16973,"amount":2.5145012E7}},{"entityName":"faridabad","metric":{"type":"TOTAL","count":8261,"amount":1.1419458E7}},{"entityName":"rewari","metric":{"type":"TOTAL","count":4037,"amount":6018179.0}},{"entityName":"sonipat","metric":{"type":"TOTAL","count":3330,"amount":5335496.0}},{"entityName":"jhajjar","metric":{"type":"TOTAL","count":2630,"amount":4460177.0}},{"entityName":"hisar","metric":{"type":"TOTAL","count":2396,"amount":4349181.0}},{"entityName":"rohtak","metric":{"type":"TOTAL","count":2112,"amount":3678163.0}},{"entityName":"panipat","metric":{"type":"TOTAL","count":2026,"amount":3004028.0}},{"entityName":"palwal","metric":{"type":"TOTAL","count":1824,"amount":2933025.0}},{"entityName":"bhiwani","metric":{"type":"TOTAL","count":1693,"amount":2967792.0}}],"pincodes":[{"entityName":"122001","metric":{"type":"TOTAL","count":2604,"amount":3793725.0}},{"entityName":"121004","metric":{"type":"TOTAL","count":2247,"amount":3131294.0}},{"entityName":"123401","metric":{"type":"TOTAL","count":1828,"amount":2764894.0}},{"entityName":"122006","metric":{"type":"TOTAL","count":1781,"amount":2600616.0}},{"entityName":"122002","metric":{"type":"TOTAL","count":1563,"amount":2311409.0}},{"entityName":"121001","metric":{"type":"TOTAL","count":1349,"amount":1906209.0}},{"entityName":"121102","metric":{"type":"TOTAL","count":1250,"amount":2042046.0}},{"entityName":"124001","metric":{"type":"TOTAL","count":1070,"amount":1893128.0}},{"entityName":"122004","metric":{"type":"TOTAL","count":1035,"amount":1492730.0}},{"entityName":"124507","metric":{"type":"TOTAL","count":1017,"amount":1521988.0}}]},"responseTimestamp":1739974609268}