{"success":true,"code":"SUCCESS","data":{"states":null,"districts":[{"entityName":"imphal west","metric":{"type":"TOTAL","count":46,"amount":13194.0}},{"entityName":"imphal east","metric":{"type":"TOTAL","count":26,"amount":17048.0}},{"entityName":"churachandpur","metric":{"type":"TOTAL","count":13,"amount":9829.0}},{"entityName":"kangpokpi","metric":{"type":"TOTAL","count":11,"amount":17591.0}},{"entityName":"thoubal","metric":{"type":"TOTAL","count":10,"amount":1416.0}},{"entityName":"bishnupur","metric":{"type":"TOTAL","count":10,"amount":2215.0}},{"entityName":"tengnoupal","metric":{"type":"TOTAL","count":5,"amount":4029.0}},{"entityName":"kakching","metric":{"type":"TOTAL","count":4,"amount":1069.0}},{"entityName":"jiribam","metric":{"type":"TOTAL","count":3,"amount":2330.0}},{"entityName":"ukhrul","metric":{"type":"TOTAL","count":2,"amount":501.0}}],"pincodes":[{"entityName":"795004","metric":{"type":"TOTAL","count":15,"amount":4441.0}},{"entityName":"795001","metric":{"type":"TOTAL","count":13,"amount":6007.0}},{"entityName":"795130","metric":{"type":"TOTAL","count":10,"amount":849.0}},{"entityName":"795002","metric":{"type":"TOTAL","count":6,"amount":5787.0}},{"entityName":"795128","metric":{"type":"TOTAL","count":6,"amount":3433.0}},{"entityName":"795126","metric":{"type":"TOTAL","count":6,"amount":1448.0}},{"entityName":"795151","metric":{"type":"TOTAL","count":5,"amount":2184.0}},{"entityName":"795148","metric":{"type":"TOTAL","count":5,"amount":307.0}},{"entityName":"795009","metric":{"type":"TOTAL","count":5,"amount":799.0}},{"entityName":"795140","metric":{"type":"TOTAL","count":4,"amount":1401.0}}]},"responseTimestamp":1692610958325}