{"success":true,"code":"SUCCESS","data":{"states":null,"districts":[{"entityName":"imphal west","metric":{"type":"TOTAL","count":37,"amount":32816.0}},{"entityName":"imphal east","metric":{"type":"TOTAL","count":36,"amount":19393.0}},{"entityName":"kangpokpi","metric":{"type":"TOTAL","count":9,"amount":5037.0}},{"entityName":"ukhrul","metric":{"type":"TOTAL","count":8,"amount":4637.0}},{"entityName":"thoubal","metric":{"type":"TOTAL","count":7,"amount":2340.0}},{"entityName":"bishnupur","metric":{"type":"TOTAL","count":7,"amount":1605.0}},{"entityName":"kakching","metric":{"type":"TOTAL","count":6,"amount":1638.0}},{"entityName":"churachandpur","metric":{"type":"TOTAL","count":6,"amount":5240.0}},{"entityName":"tengnoupal","metric":{"type":"TOTAL","count":4,"amount":1439.0}},{"entityName":"jiribam","metric":{"type":"TOTAL","count":3,"amount":513.0}}],"pincodes":[{"entityName":"795004","metric":{"type":"TOTAL","count":22,"amount":18379.0}},{"entityName":"795001","metric":{"type":"TOTAL","count":9,"amount":3352.0}},{"entityName":"795002","metric":{"type":"TOTAL","count":9,"amount":5061.0}},{"entityName":"795142","metric":{"type":"TOTAL","count":6,"amount":1544.0}},{"entityName":"795008","metric":{"type":"TOTAL","count":6,"amount":12030.0}},{"entityName":"795130","metric":{"type":"TOTAL","count":5,"amount":1107.0}},{"entityName":"795010","metric":{"type":"TOTAL","count":5,"amount":7487.0}},{"entityName":"795133","metric":{"type":"TOTAL","count":4,"amount":1278.0}},{"entityName":"795135","metric":{"type":"TOTAL","count":4,"amount":2325.0}},{"entityName":"795148","metric":{"type":"TOTAL","count":4,"amount":1061.0}}]},"responseTimestamp":1692611010712}