{"success":true,"code":"SUCCESS","data":{"states":null,"districts":[{"entityName":"imphal west","metric":{"type":"TOTAL","count":29,"amount":26747.0}},{"entityName":"imphal east","metric":{"type":"TOTAL","count":26,"amount":20520.0}},{"entityName":"kangpokpi","metric":{"type":"TOTAL","count":13,"amount":11469.0}},{"entityName":"tengnoupal","metric":{"type":"TOTAL","count":7,"amount":25125.0}},{"entityName":"chandel","metric":{"type":"TOTAL","count":6,"amount":15891.0}},{"entityName":"ukhrul","metric":{"type":"TOTAL","count":6,"amount":9998.0}},{"entityName":"churachandpur","metric":{"type":"TOTAL","count":6,"amount":6302.0}},{"entityName":"thoubal","metric":{"type":"TOTAL","count":5,"amount":7486.0}},{"entityName":"bishnupur","metric":{"type":"TOTAL","count":5,"amount":4107.0}},{"entityName":"kakching","metric":{"type":"TOTAL","count":4,"amount":191.0}}],"pincodes":[{"entityName":"795004","metric":{"type":"TOTAL","count":16,"amount":20732.0}},{"entityName":"795001","metric":{"type":"TOTAL","count":8,"amount":8263.0}},{"entityName":"795010","metric":{"type":"TOTAL","count":8,"amount":3989.0}},{"entityName":"795129","metric":{"type":"TOTAL","count":7,"amount":3722.0}},{"entityName":"795002","metric":{"type":"TOTAL","count":7,"amount":7701.0}},{"entityName":"795138","metric":{"type":"TOTAL","count":5,"amount":7486.0}},{"entityName":"795131","metric":{"type":"TOTAL","count":4,"amount":19083.0}},{"entityName":"795145","metric":{"type":"TOTAL","count":4,"amount":1660.0}},{"entityName":"795102","metric":{"type":"TOTAL","count":4,"amount":9774.0}},{"entityName":"795008","metric":{"type":"TOTAL","count":3,"amount":1229.0}}]},"responseTimestamp":1692611062767}