{"success":true,"code":"SUCCESS","data":{"states":null,"districts":[{"entityName":"imphal east","metric":{"type":"TOTAL","count":34,"amount":73197.0}},{"entityName":"imphal west","metric":{"type":"TOTAL","count":31,"amount":56814.0}},{"entityName":"bishnupur","metric":{"type":"TOTAL","count":11,"amount":13163.0}},{"entityName":"kangpokpi","metric":{"type":"TOTAL","count":9,"amount":10192.0}},{"entityName":"thoubal","metric":{"type":"TOTAL","count":9,"amount":18135.0}},{"entityName":"churachandpur","metric":{"type":"TOTAL","count":9,"amount":25252.0}},{"entityName":"senapati","metric":{"type":"TOTAL","count":8,"amount":17318.0}},{"entityName":"kakching","metric":{"type":"TOTAL","count":7,"amount":2703.0}},{"entityName":"ukhrul","metric":{"type":"TOTAL","count":7,"amount":7055.0}},{"entityName":"tamenglong","metric":{"type":"TOTAL","count":6,"amount":18621.0}}],"pincodes":[{"entityName":"795004","metric":{"type":"TOTAL","count":19,"amount":28763.0}},{"entityName":"795001","metric":{"type":"TOTAL","count":10,"amount":19309.0}},{"entityName":"795138","metric":{"type":"TOTAL","count":8,"amount":18969.0}},{"entityName":"795010","metric":{"type":"TOTAL","count":8,"amount":9628.0}},{"entityName":"795103","metric":{"type":"TOTAL","count":7,"amount":1117.0}},{"entityName":"795133","metric":{"type":"TOTAL","count":7,"amount":5661.0}},{"entityName":"795142","metric":{"type":"TOTAL","count":6,"amount":4996.0}},{"entityName":"795105","metric":{"type":"TOTAL","count":6,"amount":17035.0}},{"entityName":"795116","metric":{"type":"TOTAL","count":5,"amount":19606.0}},{"entityName":"795008","metric":{"type":"TOTAL","count":5,"amount":9162.0}}]},"responseTimestamp":1692611114230}