{"success":true,"code":"SUCCESS","data":{"states":null,"districts":[{"entityName":"raipur","metric":{"type":"TOTAL","count":2822,"amount":3781934.0}},{"entityName":"durg","metric":{"type":"TOTAL","count":1618,"amount":2496654.0}},{"entityName":"bilaspur","metric":{"type":"TOTAL","count":1173,"amount":1738639.0}},{"entityName":"korba","metric":{"type":"TOTAL","count":647,"amount":969540.0}},{"entityName":"raigarh","metric":{"type":"TOTAL","count":581,"amount":993311.0}},{"entityName":"janjgir champa","metric":{"type":"TOTAL","count":418,"amount":662015.0}},{"entityName":"rajnandgaon","metric":{"type":"TOTAL","count":307,"amount":513794.0}},{"entityName":"bastar","metric":{"type":"TOTAL","count":276,"amount":517691.0}},{"entityName":"surguja","metric":{"type":"TOTAL","count":272,"amount":444122.0}},{"entityName":"baloda bazar","metric":{"type":"TOTAL","count":261,"amount":481517.0}}],"pincodes":[{"entityName":"492001","metric":{"type":"TOTAL","count":647,"amount":773832.0}},{"entityName":"495001","metric":{"type":"TOTAL","count":522,"amount":755975.0}},{"entityName":"491001","metric":{"type":"TOTAL","count":266,"amount":420278.0}},{"entityName":"493221","metric":{"type":"TOTAL","count":258,"amount":227937.0}},{"entityName":"497001","metric":{"type":"TOTAL","count":246,"amount":432698.0}},{"entityName":"490023","metric":{"type":"TOTAL","count":221,"amount":261263.0}},{"entityName":"490006","metric":{"type":"TOTAL","count":216,"amount":358676.0}},{"entityName":"492009","metric":{"type":"TOTAL","count":200,"amount":237543.0}},{"entityName":"494001","metric":{"type":"TOTAL","count":196,"amount":373496.0}},{"entityName":"492013","metric":{"type":"TOTAL","count":192,"amount":327331.0}}]},"responseTimestamp":1692619200873}