{"success":true,"code":"SUCCESS","data":{"states":null,"districts":[{"entityName":"raipur","metric":{"type":"TOTAL","count":2650,"amount":3689547.0}},{"entityName":"durg","metric":{"type":"TOTAL","count":1620,"amount":2446797.0}},{"entityName":"bilaspur","metric":{"type":"TOTAL","count":1081,"amount":1517472.0}},{"entityName":"raigarh","metric":{"type":"TOTAL","count":651,"amount":1038992.0}},{"entityName":"korba","metric":{"type":"TOTAL","count":590,"amount":918450.0}},{"entityName":"janjgir champa","metric":{"type":"TOTAL","count":440,"amount":772564.0}},{"entityName":"bastar","metric":{"type":"TOTAL","count":410,"amount":559981.0}},{"entityName":"rajnandgaon","metric":{"type":"TOTAL","count":341,"amount":552029.0}},{"entityName":"surguja","metric":{"type":"TOTAL","count":292,"amount":761839.0}},{"entityName":"mahasamund","metric":{"type":"TOTAL","count":231,"amount":456206.0}}],"pincodes":[{"entityName":"492001","metric":{"type":"TOTAL","count":723,"amount":902708.0}},{"entityName":"495001","metric":{"type":"TOTAL","count":486,"amount":657317.0}},{"entityName":"494001","metric":{"type":"TOTAL","count":299,"amount":389643.0}},{"entityName":"491001","metric":{"type":"TOTAL","count":287,"amount":473358.0}},{"entityName":"497001","metric":{"type":"TOTAL","count":245,"amount":689569.0}},{"entityName":"490006","metric":{"type":"TOTAL","count":230,"amount":312933.0}},{"entityName":"492009","metric":{"type":"TOTAL","count":228,"amount":328272.0}},{"entityName":"492013","metric":{"type":"TOTAL","count":226,"amount":374148.0}},{"entityName":"496005","metric":{"type":"TOTAL","count":215,"amount":335162.0}},{"entityName":"490023","metric":{"type":"TOTAL","count":200,"amount":288095.0}}]},"responseTimestamp":1692619382167}