{"success":true,"code":"SUCCESS","data":{"states":null,"districts":[{"entityName":"raipur","metric":{"type":"TOTAL","count":3101,"amount":4008990.0}},{"entityName":"durg","metric":{"type":"TOTAL","count":1796,"amount":2723875.0}},{"entityName":"bilaspur","metric":{"type":"TOTAL","count":1162,"amount":1711627.0}},{"entityName":"raigarh","metric":{"type":"TOTAL","count":837,"amount":1101843.0}},{"entityName":"korba","metric":{"type":"TOTAL","count":680,"amount":1012743.0}},{"entityName":"janjgir champa","metric":{"type":"TOTAL","count":456,"amount":643042.0}},{"entityName":"rajnandgaon","metric":{"type":"TOTAL","count":388,"amount":655634.0}},{"entityName":"bastar","metric":{"type":"TOTAL","count":360,"amount":557854.0}},{"entityName":"surguja","metric":{"type":"TOTAL","count":332,"amount":550485.0}},{"entityName":"baloda bazar","metric":{"type":"TOTAL","count":287,"amount":481609.0}}],"pincodes":[{"entityName":"492001","metric":{"type":"TOTAL","count":694,"amount":852839.0}},{"entityName":"495001","metric":{"type":"TOTAL","count":518,"amount":825971.0}},{"entityName":"491001","metric":{"type":"TOTAL","count":308,"amount":496165.0}},{"entityName":"497001","metric":{"type":"TOTAL","count":278,"amount":451586.0}},{"entityName":"496005","metric":{"type":"TOTAL","count":272,"amount":314031.0}},{"entityName":"492013","metric":{"type":"TOTAL","count":259,"amount":375761.0}},{"entityName":"494001","metric":{"type":"TOTAL","count":256,"amount":339872.0}},{"entityName":"490006","metric":{"type":"TOTAL","count":252,"amount":379144.0}},{"entityName":"490023","metric":{"type":"TOTAL","count":239,"amount":309931.0}},{"entityName":"492009","metric":{"type":"TOTAL","count":239,"amount":288407.0}}]},"responseTimestamp":1697612229387}