{"success":true,"code":"SUCCESS","data":{"states":null,"districts":[{"entityName":"raipur","metric":{"type":"TOTAL","count":4216,"amount":6830052.0}},{"entityName":"durg","metric":{"type":"TOTAL","count":2391,"amount":4187335.0}},{"entityName":"bilaspur","metric":{"type":"TOTAL","count":1688,"amount":2767222.0}},{"entityName":"korba","metric":{"type":"TOTAL","count":1325,"amount":2428339.0}},{"entityName":"raigarh","metric":{"type":"TOTAL","count":1001,"amount":1543078.0}},{"entityName":"janjgir champa","metric":{"type":"TOTAL","count":704,"amount":1097171.0}},{"entityName":"bastar","metric":{"type":"TOTAL","count":612,"amount":970907.0}},{"entityName":"rajnandgaon","metric":{"type":"TOTAL","count":604,"amount":985105.0}},{"entityName":"surguja","metric":{"type":"TOTAL","count":544,"amount":1045385.0}},{"entityName":"baloda bazar","metric":{"type":"TOTAL","count":415,"amount":670178.0}}],"pincodes":[{"entityName":"492001","metric":{"type":"TOTAL","count":958,"amount":1489874.0}},{"entityName":"495001","metric":{"type":"TOTAL","count":772,"amount":1254786.0}},{"entityName":"494001","metric":{"type":"TOTAL","count":451,"amount":646386.0}},{"entityName":"497001","metric":{"type":"TOTAL","count":447,"amount":851063.0}},{"entityName":"495450","metric":{"type":"TOTAL","count":383,"amount":643979.0}},{"entityName":"492009","metric":{"type":"TOTAL","count":379,"amount":632304.0}},{"entityName":"491001","metric":{"type":"TOTAL","count":375,"amount":648604.0}},{"entityName":"496005","metric":{"type":"TOTAL","count":345,"amount":433449.0}},{"entityName":"490006","metric":{"type":"TOTAL","count":330,"amount":742514.0}},{"entityName":"491441","metric":{"type":"TOTAL","count":314,"amount":475881.0}}]},"responseTimestamp":1706092883403}