{"success":true,"code":"SUCCESS","data":{"states":null,"districts":[{"entityName":"chandigarh","metric":{"type":"TOTAL","count":149,"amount":29537.0}}],"pincodes":[{"entityName":"160101","metric":{"type":"TOTAL","count":31,"amount":6158.0}},{"entityName":"160047","metric":{"type":"TOTAL","count":25,"amount":4718.0}},{"entityName":"160036","metric":{"type":"TOTAL","count":16,"amount":3261.0}},{"entityName":"160023","metric":{"type":"TOTAL","count":12,"amount":2002.0}},{"entityName":"160014","metric":{"type":"TOTAL","count":10,"amount":2186.0}},{"entityName":"160001","metric":{"type":"TOTAL","count":9,"amount":1735.0}},{"entityName":"160022","metric":{"type":"TOTAL","count":9,"amount":1725.0}},{"entityName":"160030","metric":{"type":"TOTAL","count":7,"amount":1925.0}},{"entityName":"160002","metric":{"type":"TOTAL","count":6,"amount":1201.0}},{"entityName":"160012","metric":{"type":"TOTAL","count":4,"amount":739.0}}]},"responseTimestamp":1692610823612}