{"success":true,"code":"SUCCESS","data":{"states":null,"districts":[{"entityName":"chandigarh","metric":{"type":"TOTAL","count":264,"amount":70969.0}}],"pincodes":[{"entityName":"160047","metric":{"type":"TOTAL","count":48,"amount":11353.0}},{"entityName":"160101","metric":{"type":"TOTAL","count":39,"amount":12418.0}},{"entityName":"160036","metric":{"type":"TOTAL","count":28,"amount":6734.0}},{"entityName":"160022","metric":{"type":"TOTAL","count":28,"amount":6267.0}},{"entityName":"160002","metric":{"type":"TOTAL","count":20,"amount":7736.0}},{"entityName":"160030","metric":{"type":"TOTAL","count":19,"amount":5037.0}},{"entityName":"160014","metric":{"type":"TOTAL","count":13,"amount":3266.0}},{"entityName":"160003","metric":{"type":"TOTAL","count":11,"amount":2698.0}},{"entityName":"160019","metric":{"type":"TOTAL","count":10,"amount":3452.0}},{"entityName":"160025","metric":{"type":"TOTAL","count":9,"amount":2765.0}}]},"responseTimestamp":1692610875144}