{"success":true,"code":"SUCCESS","data":{"states":null,"districts":[{"entityName":"chandigarh","metric":{"type":"TOTAL","count":200,"amount":153341.0}}],"pincodes":[{"entityName":"160101","metric":{"type":"TOTAL","count":35,"amount":26948.0}},{"entityName":"160047","metric":{"type":"TOTAL","count":23,"amount":20300.0}},{"entityName":"160022","metric":{"type":"TOTAL","count":17,"amount":8093.0}},{"entityName":"160014","metric":{"type":"TOTAL","count":17,"amount":13335.0}},{"entityName":"160002","metric":{"type":"TOTAL","count":17,"amount":18628.0}},{"entityName":"160036","metric":{"type":"TOTAL","count":14,"amount":15088.0}},{"entityName":"160001","metric":{"type":"TOTAL","count":10,"amount":5832.0}},{"entityName":"160003","metric":{"type":"TOTAL","count":10,"amount":10356.0}},{"entityName":"160017","metric":{"type":"TOTAL","count":10,"amount":5158.0}},{"entityName":"160020","metric":{"type":"TOTAL","count":9,"amount":4577.0}}]},"responseTimestamp":1692610927792}