{"success":true,"code":"SUCCESS","data":{"states":null,"districts":[{"entityName":"solan","metric":{"type":"TOTAL","count":248,"amount":140127.0}},{"entityName":"kangra","metric":{"type":"TOTAL","count":214,"amount":225446.0}},{"entityName":"mandi","metric":{"type":"TOTAL","count":116,"amount":82328.0}},{"entityName":"shimla","metric":{"type":"TOTAL","count":97,"amount":96526.0}},{"entityName":"hamirpur","metric":{"type":"TOTAL","count":84,"amount":121562.0}},{"entityName":"sirmaur","metric":{"type":"TOTAL","count":82,"amount":57506.0}},{"entityName":"una","metric":{"type":"TOTAL","count":67,"amount":61213.0}},{"entityName":"kullu","metric":{"type":"TOTAL","count":58,"amount":22094.0}},{"entityName":"bilaspur","metric":{"type":"TOTAL","count":43,"amount":38469.0}},{"entityName":"chamba","metric":{"type":"TOTAL","count":41,"amount":44528.0}}],"pincodes":[{"entityName":"173205","metric":{"type":"TOTAL","count":127,"amount":52084.0}},{"entityName":"174101","metric":{"type":"TOTAL","count":44,"amount":18385.0}},{"entityName":"173025","metric":{"type":"TOTAL","count":30,"amount":23680.0}},{"entityName":"176061","metric":{"type":"TOTAL","count":29,"amount":14967.0}},{"entityName":"171001","metric":{"type":"TOTAL","count":20,"amount":30386.0}},{"entityName":"173030","metric":{"type":"TOTAL","count":19,"amount":10086.0}},{"entityName":"177001","metric":{"type":"TOTAL","count":19,"amount":26067.0}},{"entityName":"175131","metric":{"type":"TOTAL","count":17,"amount":10538.0}},{"entityName":"174001","metric":{"type":"TOTAL","count":16,"amount":14355.0}},{"entityName":"173212","metric":{"type":"TOTAL","count":15,"amount":20803.0}}]},"responseTimestamp":1692610986238}