{"success":true,"code":"SUCCESS","data":{"states":null,"districts":[{"entityName":"solan","metric":{"type":"TOTAL","count":243,"amount":196231.0}},{"entityName":"kangra","metric":{"type":"TOTAL","count":233,"amount":344261.0}},{"entityName":"mandi","metric":{"type":"TOTAL","count":135,"amount":197249.0}},{"entityName":"shimla","metric":{"type":"TOTAL","count":117,"amount":118778.0}},{"entityName":"sirmaur","metric":{"type":"TOTAL","count":107,"amount":115857.0}},{"entityName":"hamirpur","metric":{"type":"TOTAL","count":86,"amount":146075.0}},{"entityName":"kullu","metric":{"type":"TOTAL","count":75,"amount":45639.0}},{"entityName":"bilaspur","metric":{"type":"TOTAL","count":68,"amount":66886.0}},{"entityName":"una","metric":{"type":"TOTAL","count":65,"amount":86930.0}},{"entityName":"chamba","metric":{"type":"TOTAL","count":59,"amount":60257.0}}],"pincodes":[{"entityName":"173205","metric":{"type":"TOTAL","count":118,"amount":81179.0}},{"entityName":"174101","metric":{"type":"TOTAL","count":56,"amount":40364.0}},{"entityName":"173025","metric":{"type":"TOTAL","count":33,"amount":39196.0}},{"entityName":"173030","metric":{"type":"TOTAL","count":22,"amount":17002.0}},{"entityName":"176061","metric":{"type":"TOTAL","count":21,"amount":17775.0}},{"entityName":"173001","metric":{"type":"TOTAL","count":20,"amount":23973.0}},{"entityName":"176310","metric":{"type":"TOTAL","count":16,"amount":15374.0}},{"entityName":"173212","metric":{"type":"TOTAL","count":16,"amount":14258.0}},{"entityName":"177001","metric":{"type":"TOTAL","count":13,"amount":15476.0}},{"entityName":"174001","metric":{"type":"TOTAL","count":13,"amount":5913.0}}]},"responseTimestamp":1692611038431}