{"success":true,"code":"SUCCESS","data":{"states":null,"districts":[{"entityName":"solan","metric":{"type":"TOTAL","count":391,"amount":390500.0}},{"entityName":"kangra","metric":{"type":"TOTAL","count":362,"amount":662048.0}},{"entityName":"kullu","metric":{"type":"TOTAL","count":168,"amount":138495.0}},{"entityName":"shimla","metric":{"type":"TOTAL","count":137,"amount":189891.0}},{"entityName":"hamirpur","metric":{"type":"TOTAL","count":133,"amount":198322.0}},{"entityName":"sirmaur","metric":{"type":"TOTAL","count":133,"amount":167321.0}},{"entityName":"mandi","metric":{"type":"TOTAL","count":125,"amount":200257.0}},{"entityName":"bilaspur","metric":{"type":"TOTAL","count":97,"amount":143442.0}},{"entityName":"una","metric":{"type":"TOTAL","count":95,"amount":174175.0}},{"entityName":"chamba","metric":{"type":"TOTAL","count":87,"amount":119346.0}}],"pincodes":[{"entityName":"173205","metric":{"type":"TOTAL","count":163,"amount":139002.0}},{"entityName":"175131","metric":{"type":"TOTAL","count":122,"amount":70902.0}},{"entityName":"174101","metric":{"type":"TOTAL","count":96,"amount":97685.0}},{"entityName":"173025","metric":{"type":"TOTAL","count":59,"amount":56478.0}},{"entityName":"176310","metric":{"type":"TOTAL","count":37,"amount":43073.0}},{"entityName":"174001","metric":{"type":"TOTAL","count":30,"amount":21021.0}},{"entityName":"176061","metric":{"type":"TOTAL","count":27,"amount":48970.0}},{"entityName":"173212","metric":{"type":"TOTAL","count":26,"amount":21954.0}},{"entityName":"174103","metric":{"type":"TOTAL","count":25,"amount":35232.0}},{"entityName":"177001","metric":{"type":"TOTAL","count":25,"amount":36334.0}}]},"responseTimestamp":1692611090066}