{"success":true,"code":"SUCCESS","data":{"states":null,"districts":[{"entityName":"kangra","metric":{"type":"TOTAL","count":535,"amount":1087881.0}},{"entityName":"solan","metric":{"type":"TOTAL","count":506,"amount":677171.0}},{"entityName":"una","metric":{"type":"TOTAL","count":245,"amount":489125.0}},{"entityName":"hamirpur","metric":{"type":"TOTAL","count":234,"amount":454797.0}},{"entityName":"mandi","metric":{"type":"TOTAL","count":216,"amount":461966.0}},{"entityName":"sirmaur","metric":{"type":"TOTAL","count":196,"amount":327046.0}},{"entityName":"shimla","metric":{"type":"TOTAL","count":192,"amount":487857.0}},{"entityName":"bilaspur","metric":{"type":"TOTAL","count":116,"amount":195467.0}},{"entityName":"kullu","metric":{"type":"TOTAL","count":97,"amount":207502.0}},{"entityName":"chamba","metric":{"type":"TOTAL","count":96,"amount":184684.0}}],"pincodes":[{"entityName":"173205","metric":{"type":"TOTAL","count":222,"amount":214385.0}},{"entityName":"174101","metric":{"type":"TOTAL","count":112,"amount":148548.0}},{"entityName":"173025","metric":{"type":"TOTAL","count":73,"amount":131035.0}},{"entityName":"173212","metric":{"type":"TOTAL","count":41,"amount":61373.0}},{"entityName":"177203","metric":{"type":"TOTAL","count":39,"amount":26688.0}},{"entityName":"177001","metric":{"type":"TOTAL","count":36,"amount":59995.0}},{"entityName":"176061","metric":{"type":"TOTAL","count":36,"amount":54939.0}},{"entityName":"176001","metric":{"type":"TOTAL","count":34,"amount":56416.0}},{"entityName":"173030","metric":{"type":"TOTAL","count":34,"amount":43760.0}},{"entityName":"173001","metric":{"type":"TOTAL","count":30,"amount":55686.0}}]},"responseTimestamp":1692611141545}