{"success":true,"code":"SUCCESS","data":{"states":null,"districts":[{"entityName":"kangra","metric":{"type":"TOTAL","count":674,"amount":1204389.0}},{"entityName":"solan","metric":{"type":"TOTAL","count":552,"amount":852367.0}},{"entityName":"hamirpur","metric":{"type":"TOTAL","count":312,"amount":604752.0}},{"entityName":"sirmaur","metric":{"type":"TOTAL","count":253,"amount":503526.0}},{"entityName":"una","metric":{"type":"TOTAL","count":198,"amount":383701.0}},{"entityName":"mandi","metric":{"type":"TOTAL","count":189,"amount":424112.0}},{"entityName":"shimla","metric":{"type":"TOTAL","count":180,"amount":482453.0}},{"entityName":"chamba","metric":{"type":"TOTAL","count":165,"amount":277194.0}},{"entityName":"bilaspur","metric":{"type":"TOTAL","count":108,"amount":196856.0}},{"entityName":"kullu","metric":{"type":"TOTAL","count":101,"amount":184037.0}}],"pincodes":[{"entityName":"173205","metric":{"type":"TOTAL","count":237,"amount":291025.0}},{"entityName":"173025","metric":{"type":"TOTAL","count":105,"amount":187513.0}},{"entityName":"174101","metric":{"type":"TOTAL","count":101,"amount":177982.0}},{"entityName":"177001","metric":{"type":"TOTAL","count":49,"amount":76570.0}},{"entityName":"176001","metric":{"type":"TOTAL","count":42,"amount":75074.0}},{"entityName":"176310","metric":{"type":"TOTAL","count":41,"amount":70958.0}},{"entityName":"173001","metric":{"type":"TOTAL","count":41,"amount":91955.0}},{"entityName":"173030","metric":{"type":"TOTAL","count":40,"amount":60819.0}},{"entityName":"176081","metric":{"type":"TOTAL","count":36,"amount":42538.0}},{"entityName":"176061","metric":{"type":"TOTAL","count":36,"amount":80375.0}}]},"responseTimestamp":1692611193122}