{"success":true,"code":"SUCCESS","data":{"states":null,"districts":[{"entityName":"kangra","metric":{"type":"TOTAL","count":669,"amount":1348463.0}},{"entityName":"solan","metric":{"type":"TOTAL","count":556,"amount":859012.0}},{"entityName":"mandi","metric":{"type":"TOTAL","count":251,"amount":500409.0}},{"entityName":"hamirpur","metric":{"type":"TOTAL","count":239,"amount":479368.0}},{"entityName":"una","metric":{"type":"TOTAL","count":230,"amount":450565.0}},{"entityName":"shimla","metric":{"type":"TOTAL","count":221,"amount":489594.0}},{"entityName":"sirmaur","metric":{"type":"TOTAL","count":218,"amount":341033.0}},{"entityName":"kullu","metric":{"type":"TOTAL","count":159,"amount":305767.0}},{"entityName":"chamba","metric":{"type":"TOTAL","count":154,"amount":274749.0}},{"entityName":"bilaspur","metric":{"type":"TOTAL","count":93,"amount":213842.0}}],"pincodes":[{"entityName":"173205","metric":{"type":"TOTAL","count":230,"amount":305655.0}},{"entityName":"174101","metric":{"type":"TOTAL","count":137,"amount":217224.0}},{"entityName":"173025","metric":{"type":"TOTAL","count":93,"amount":120748.0}},{"entityName":"176061","metric":{"type":"TOTAL","count":58,"amount":89644.0}},{"entityName":"176052","metric":{"type":"TOTAL","count":54,"amount":70622.0}},{"entityName":"175131","metric":{"type":"TOTAL","count":50,"amount":92229.0}},{"entityName":"174303","metric":{"type":"TOTAL","count":40,"amount":100739.0}},{"entityName":"177001","metric":{"type":"TOTAL","count":35,"amount":62784.0}},{"entityName":"176001","metric":{"type":"TOTAL","count":35,"amount":62814.0}},{"entityName":"173212","metric":{"type":"TOTAL","count":33,"amount":47871.0}}]},"responseTimestamp":1692611244460}