{"success":true,"code":"SUCCESS","data":{"states":null,"districts":[{"entityName":"kangra","metric":{"type":"TOTAL","count":823,"amount":1348052.0}},{"entityName":"solan","metric":{"type":"TOTAL","count":805,"amount":1176468.0}},{"entityName":"sirmaur","metric":{"type":"TOTAL","count":322,"amount":498374.0}},{"entityName":"hamirpur","metric":{"type":"TOTAL","count":301,"amount":550440.0}},{"entityName":"shimla","metric":{"type":"TOTAL","count":295,"amount":570328.0}},{"entityName":"mandi","metric":{"type":"TOTAL","count":293,"amount":588312.0}},{"entityName":"una","metric":{"type":"TOTAL","count":230,"amount":358128.0}},{"entityName":"chamba","metric":{"type":"TOTAL","count":217,"amount":379656.0}},{"entityName":"kullu","metric":{"type":"TOTAL","count":156,"amount":300504.0}},{"entityName":"bilaspur","metric":{"type":"TOTAL","count":138,"amount":266328.0}}],"pincodes":[{"entityName":"173205","metric":{"type":"TOTAL","count":371,"amount":404794.0}},{"entityName":"173025","metric":{"type":"TOTAL","count":147,"amount":216148.0}},{"entityName":"174101","metric":{"type":"TOTAL","count":135,"amount":228621.0}},{"entityName":"173212","metric":{"type":"TOTAL","count":58,"amount":102411.0}},{"entityName":"176052","metric":{"type":"TOTAL","count":56,"amount":51813.0}},{"entityName":"176061","metric":{"type":"TOTAL","count":55,"amount":77694.0}},{"entityName":"173001","metric":{"type":"TOTAL","count":54,"amount":90504.0}},{"entityName":"176001","metric":{"type":"TOTAL","count":54,"amount":85828.0}},{"entityName":"177001","metric":{"type":"TOTAL","count":49,"amount":77465.0}},{"entityName":"173220","metric":{"type":"TOTAL","count":48,"amount":57904.0}}]},"responseTimestamp":1692611296178}