{"success":true,"code":"SUCCESS","data":{"states":null,"districts":[{"entityName":"kangra","metric":{"type":"TOTAL","count":1085,"amount":2218111.0}},{"entityName":"solan","metric":{"type":"TOTAL","count":1009,"amount":1741427.0}},{"entityName":"sirmaur","metric":{"type":"TOTAL","count":432,"amount":710927.0}},{"entityName":"hamirpur","metric":{"type":"TOTAL","count":359,"amount":728113.0}},{"entityName":"una","metric":{"type":"TOTAL","count":353,"amount":682027.0}},{"entityName":"shimla","metric":{"type":"TOTAL","count":341,"amount":854465.0}},{"entityName":"mandi","metric":{"type":"TOTAL","count":310,"amount":725635.0}},{"entityName":"chamba","metric":{"type":"TOTAL","count":249,"amount":459421.0}},{"entityName":"kullu","metric":{"type":"TOTAL","count":175,"amount":371574.0}},{"entityName":"bilaspur","metric":{"type":"TOTAL","count":174,"amount":346816.0}}],"pincodes":[{"entityName":"173205","metric":{"type":"TOTAL","count":455,"amount":632101.0}},{"entityName":"173025","metric":{"type":"TOTAL","count":199,"amount":285596.0}},{"entityName":"174101","metric":{"type":"TOTAL","count":171,"amount":274009.0}},{"entityName":"174303","metric":{"type":"TOTAL","count":74,"amount":139142.0}},{"entityName":"175131","metric":{"type":"TOTAL","count":69,"amount":108668.0}},{"entityName":"173220","metric":{"type":"TOTAL","count":67,"amount":128773.0}},{"entityName":"173212","metric":{"type":"TOTAL","count":67,"amount":117038.0}},{"entityName":"176001","metric":{"type":"TOTAL","count":65,"amount":113046.0}},{"entityName":"176061","metric":{"type":"TOTAL","count":65,"amount":146613.0}},{"entityName":"173001","metric":{"type":"TOTAL","count":61,"amount":101537.0}}]},"responseTimestamp":1692611348037}