{"success":true,"code":"SUCCESS","data":{"states":null,"districts":[{"entityName":"east khasi hills","metric":{"type":"TOTAL","count":39,"amount":56235.0}},{"entityName":"west garo hills","metric":{"type":"TOTAL","count":24,"amount":28027.0}},{"entityName":"ribhoi","metric":{"type":"TOTAL","count":13,"amount":11849.0}},{"entityName":"east jaintia hills","metric":{"type":"TOTAL","count":11,"amount":1499.0}},{"entityName":"west khasi hills","metric":{"type":"TOTAL","count":5,"amount":7508.0}},{"entityName":"west jaintia hills","metric":{"type":"TOTAL","count":3,"amount":2809.0}},{"entityName":"north garo hills","metric":{"type":"TOTAL","count":3,"amount":4098.0}},{"entityName":"south west garo hills","metric":{"type":"TOTAL","count":3,"amount":7495.0}},{"entityName":"east garo hills","metric":{"type":"TOTAL","count":3,"amount":5336.0}},{"entityName":"south garo hills","metric":{"type":"TOTAL","count":2,"amount":2697.0}}],"pincodes":[{"entityName":"793001","metric":{"type":"TOTAL","count":8,"amount":8874.0}},{"entityName":"794105","metric":{"type":"TOTAL","count":8,"amount":16898.0}},{"entityName":"793210","metric":{"type":"TOTAL","count":7,"amount":632.0}},{"entityName":"793102","metric":{"type":"TOTAL","count":7,"amount":8615.0}},{"entityName":"794104","metric":{"type":"TOTAL","count":7,"amount":6836.0}},{"entityName":"793004","metric":{"type":"TOTAL","count":5,"amount":12483.0}},{"entityName":"793003","metric":{"type":"TOTAL","count":5,"amount":8186.0}},{"entityName":"794101","metric":{"type":"TOTAL","count":5,"amount":5269.0}},{"entityName":"793007","metric":{"type":"TOTAL","count":5,"amount":2683.0}},{"entityName":"793010","metric":{"type":"TOTAL","count":4,"amount":8647.0}}]},"responseTimestamp":1692610964664}