{"success":true,"code":"SUCCESS","data":{"states":null,"districts":[{"entityName":"east khasi hills","metric":{"type":"TOTAL","count":67,"amount":76168.0}},{"entityName":"west garo hills","metric":{"type":"TOTAL","count":33,"amount":26373.0}},{"entityName":"ribhoi","metric":{"type":"TOTAL","count":11,"amount":8597.0}},{"entityName":"east jaintia hills","metric":{"type":"TOTAL","count":10,"amount":4393.0}},{"entityName":"west jaintia hills","metric":{"type":"TOTAL","count":6,"amount":10465.0}},{"entityName":"south garo hills","metric":{"type":"TOTAL","count":4,"amount":5328.0}},{"entityName":"north garo hills","metric":{"type":"TOTAL","count":3,"amount":1533.0}},{"entityName":"east garo hills","metric":{"type":"TOTAL","count":2,"amount":7961.0}},{"entityName":"south west garo hills","metric":{"type":"TOTAL","count":1,"amount":3495.0}},{"entityName":"west khasi hills","metric":{"type":"TOTAL","count":1,"amount":676.0}}],"pincodes":[{"entityName":"793001","metric":{"type":"TOTAL","count":16,"amount":18996.0}},{"entityName":"793003","metric":{"type":"TOTAL","count":10,"amount":11335.0}},{"entityName":"794001","metric":{"type":"TOTAL","count":9,"amount":11407.0}},{"entityName":"794101","metric":{"type":"TOTAL","count":9,"amount":4942.0}},{"entityName":"793002","metric":{"type":"TOTAL","count":8,"amount":6847.0}},{"entityName":"794104","metric":{"type":"TOTAL","count":7,"amount":4292.0}},{"entityName":"793009","metric":{"type":"TOTAL","count":7,"amount":11091.0}},{"entityName":"793101","metric":{"type":"TOTAL","count":6,"amount":4914.0}},{"entityName":"793210","metric":{"type":"TOTAL","count":6,"amount":3244.0}},{"entityName":"794105","metric":{"type":"TOTAL","count":5,"amount":4268.0}}]},"responseTimestamp":1692611017037}