{"success":true,"code":"SUCCESS","data":{"states":null,"districts":[{"entityName":"east khasi hills","metric":{"type":"TOTAL","count":52,"amount":83975.0}},{"entityName":"west garo hills","metric":{"type":"TOTAL","count":30,"amount":34620.0}},{"entityName":"ribhoi","metric":{"type":"TOTAL","count":24,"amount":48286.0}},{"entityName":"east jaintia hills","metric":{"type":"TOTAL","count":15,"amount":15522.0}},{"entityName":"east garo hills","metric":{"type":"TOTAL","count":7,"amount":19560.0}},{"entityName":"south west garo hills","metric":{"type":"TOTAL","count":5,"amount":1646.0}},{"entityName":"west jaintia hills","metric":{"type":"TOTAL","count":3,"amount":1851.0}},{"entityName":"south garo hills","metric":{"type":"TOTAL","count":1,"amount":5505.0}},{"entityName":"north garo hills","metric":{"type":"TOTAL","count":1,"amount":3541.0}},{"entityName":"south west khasi hills","metric":{"type":"TOTAL","count":1,"amount":48.0}}],"pincodes":[{"entityName":"793001","metric":{"type":"TOTAL","count":19,"amount":25607.0}},{"entityName":"793210","metric":{"type":"TOTAL","count":12,"amount":6428.0}},{"entityName":"793102","metric":{"type":"TOTAL","count":8,"amount":29567.0}},{"entityName":"793101","metric":{"type":"TOTAL","count":8,"amount":14644.0}},{"entityName":"793002","metric":{"type":"TOTAL","count":7,"amount":6349.0}},{"entityName":"794101","metric":{"type":"TOTAL","count":7,"amount":10309.0}},{"entityName":"794104","metric":{"type":"TOTAL","count":7,"amount":5642.0}},{"entityName":"794105","metric":{"type":"TOTAL","count":7,"amount":3422.0}},{"entityName":"794001","metric":{"type":"TOTAL","count":5,"amount":3716.0}},{"entityName":"793007","metric":{"type":"TOTAL","count":5,"amount":1686.0}}]},"responseTimestamp":1692611069075}