{"success":true,"code":"SUCCESS","data":{"states":null,"districts":[{"entityName":"east khasi hills","metric":{"type":"TOTAL","count":132,"amount":226912.0}},{"entityName":"ribhoi","metric":{"type":"TOTAL","count":44,"amount":89673.0}},{"entityName":"west garo hills","metric":{"type":"TOTAL","count":34,"amount":57545.0}},{"entityName":"east garo hills","metric":{"type":"TOTAL","count":17,"amount":23121.0}},{"entityName":"east jaintia hills","metric":{"type":"TOTAL","count":14,"amount":22910.0}},{"entityName":"west khasi hills","metric":{"type":"TOTAL","count":8,"amount":11428.0}},{"entityName":"west jaintia hills","metric":{"type":"TOTAL","count":5,"amount":4459.0}},{"entityName":"north garo hills","metric":{"type":"TOTAL","count":4,"amount":11746.0}},{"entityName":"south west garo hills","metric":{"type":"TOTAL","count":3,"amount":2258.0}},{"entityName":"south garo hills","metric":{"type":"TOTAL","count":2,"amount":1560.0}}],"pincodes":[{"entityName":"793001","metric":{"type":"TOTAL","count":42,"amount":68228.0}},{"entityName":"793004","metric":{"type":"TOTAL","count":22,"amount":26993.0}},{"entityName":"793102","metric":{"type":"TOTAL","count":19,"amount":41706.0}},{"entityName":"793101","metric":{"type":"TOTAL","count":18,"amount":32546.0}},{"entityName":"793002","metric":{"type":"TOTAL","count":13,"amount":18924.0}},{"entityName":"794001","metric":{"type":"TOTAL","count":12,"amount":21535.0}},{"entityName":"793210","metric":{"type":"TOTAL","count":11,"amount":16785.0}},{"entityName":"793003","metric":{"type":"TOTAL","count":10,"amount":49219.0}},{"entityName":"794110","metric":{"type":"TOTAL","count":10,"amount":9599.0}},{"entityName":"794104","metric":{"type":"TOTAL","count":8,"amount":16631.0}}]},"responseTimestamp":1692611120520}