{"success":true,"code":"SUCCESS","data":{"states":null,"districts":[{"entityName":"pune","metric":{"type":"TOTAL","count":24852,"amount":3.738815E7}},{"entityName":"thane","metric":{"type":"TOTAL","count":18419,"amount":2.3430698E7}},{"entityName":"mumbai suburban","metric":{"type":"TOTAL","count":14976,"amount":1.7928673E7}},{"entityName":"nagpur","metric":{"type":"TOTAL","count":8255,"amount":1.1655922E7}},{"entityName":"mumbai","metric":{"type":"TOTAL","count":5742,"amount":6476060.0}},{"entityName":"raigad","metric":{"type":"TOTAL","count":4414,"amount":6867288.0}},{"entityName":"nashik","metric":{"type":"TOTAL","count":4297,"amount":8048628.0}},{"entityName":"solapur","metric":{"type":"TOTAL","count":4226,"amount":5931789.0}},{"entityName":"palghar","metric":{"type":"TOTAL","count":3830,"amount":5308543.0}},{"entityName":"aurangabad","metric":{"type":"TOTAL","count":2195,"amount":3540538.0}}],"pincodes":[{"entityName":"411057","metric":{"type":"TOTAL","count":1914,"amount":2708878.0}},{"entityName":"421302","metric":{"type":"TOTAL","count":1756,"amount":1982201.0}},{"entityName":"410206","metric":{"type":"TOTAL","count":1421,"amount":2021889.0}},{"entityName":"411033","metric":{"type":"TOTAL","count":1324,"amount":1882866.0}},{"entityName":"421201","metric":{"type":"TOTAL","count":1283,"amount":1536250.0}},{"entityName":"421301","metric":{"type":"TOTAL","count":1261,"amount":1419597.0}},{"entityName":"411014","metric":{"type":"TOTAL","count":1154,"amount":1728681.0}},{"entityName":"410501","metric":{"type":"TOTAL","count":1052,"amount":1220619.0}},{"entityName":"413002","metric":{"type":"TOTAL","count":949,"amount":1057566.0}},{"entityName":"412105","metric":{"type":"TOTAL","count":947,"amount":1413231.0}}]},"responseTimestamp":1692619166047}