{"success":true,"code":"SUCCESS","data":{"states":null,"districts":[{"entityName":"pune","metric":{"type":"TOTAL","count":25943,"amount":3.9373541E7}},{"entityName":"thane","metric":{"type":"TOTAL","count":15403,"amount":2.044202E7}},{"entityName":"mumbai suburban","metric":{"type":"TOTAL","count":12717,"amount":1.5575502E7}},{"entityName":"nagpur","metric":{"type":"TOTAL","count":6951,"amount":1.0373645E7}},{"entityName":"mumbai","metric":{"type":"TOTAL","count":4859,"amount":6032079.0}},{"entityName":"nashik","metric":{"type":"TOTAL","count":4343,"amount":8234879.0}},{"entityName":"raigad","metric":{"type":"TOTAL","count":4134,"amount":6846437.0}},{"entityName":"palghar","metric":{"type":"TOTAL","count":3310,"amount":4531574.0}},{"entityName":"solapur","metric":{"type":"TOTAL","count":3078,"amount":4848042.0}},{"entityName":"aurangabad","metric":{"type":"TOTAL","count":2161,"amount":3446846.0}}],"pincodes":[{"entityName":"411057","metric":{"type":"TOTAL","count":1944,"amount":2581267.0}},{"entityName":"411014","metric":{"type":"TOTAL","count":1667,"amount":2260529.0}},{"entityName":"421302","metric":{"type":"TOTAL","count":1426,"amount":1878446.0}},{"entityName":"411033","metric":{"type":"TOTAL","count":1373,"amount":1830790.0}},{"entityName":"410206","metric":{"type":"TOTAL","count":1196,"amount":1712530.0}},{"entityName":"421301","metric":{"type":"TOTAL","count":995,"amount":1244964.0}},{"entityName":"421201","metric":{"type":"TOTAL","count":961,"amount":1146866.0}},{"entityName":"410501","metric":{"type":"TOTAL","count":944,"amount":1139942.0}},{"entityName":"412105","metric":{"type":"TOTAL","count":934,"amount":1354194.0}},{"entityName":"411028","metric":{"type":"TOTAL","count":885,"amount":1479108.0}}]},"responseTimestamp":1692619347767}