{"success":true,"code":"SUCCESS","data":{"states":null,"districts":[{"entityName":"pune","metric":{"type":"TOTAL","count":25053,"amount":3.6210265E7}},{"entityName":"thane","metric":{"type":"TOTAL","count":14544,"amount":1.8428928E7}},{"entityName":"mumbai suburban","metric":{"type":"TOTAL","count":12754,"amount":1.4762376E7}},{"entityName":"nagpur","metric":{"type":"TOTAL","count":8273,"amount":1.1430159E7}},{"entityName":"mumbai","metric":{"type":"TOTAL","count":5009,"amount":5630520.0}},{"entityName":"nashik","metric":{"type":"TOTAL","count":4482,"amount":7981205.0}},{"entityName":"raigad","metric":{"type":"TOTAL","count":3785,"amount":5770377.0}},{"entityName":"palghar","metric":{"type":"TOTAL","count":3581,"amount":4781323.0}},{"entityName":"solapur","metric":{"type":"TOTAL","count":3358,"amount":4879560.0}},{"entityName":"aurangabad","metric":{"type":"TOTAL","count":2500,"amount":3718193.0}}],"pincodes":[{"entityName":"411057","metric":{"type":"TOTAL","count":2098,"amount":2821693.0}},{"entityName":"411014","metric":{"type":"TOTAL","count":1435,"amount":1820440.0}},{"entityName":"421302","metric":{"type":"TOTAL","count":1334,"amount":1424893.0}},{"entityName":"411033","metric":{"type":"TOTAL","count":1273,"amount":1580213.0}},{"entityName":"410206","metric":{"type":"TOTAL","count":1151,"amount":1553050.0}},{"entityName":"410501","metric":{"type":"TOTAL","count":989,"amount":1195129.0}},{"entityName":"412105","metric":{"type":"TOTAL","count":939,"amount":1400642.0}},{"entityName":"421301","metric":{"type":"TOTAL","count":925,"amount":1149583.0}},{"entityName":"401208","metric":{"type":"TOTAL","count":898,"amount":1030798.0}},{"entityName":"421201","metric":{"type":"TOTAL","count":880,"amount":964009.0}}]},"responseTimestamp":1697612184363}