{"success":true,"code":"SUCCESS","data":{"states":null,"districts":[{"entityName":"pune","metric":{"type":"TOTAL","count":30243,"amount":5.0492209E7}},{"entityName":"thane","metric":{"type":"TOTAL","count":21339,"amount":2.8481783E7}},{"entityName":"mumbai suburban","metric":{"type":"TOTAL","count":18186,"amount":2.2723247E7}},{"entityName":"nagpur","metric":{"type":"TOTAL","count":9371,"amount":1.4419994E7}},{"entityName":"mumbai","metric":{"type":"TOTAL","count":6225,"amount":7624827.0}},{"entityName":"nashik","metric":{"type":"TOTAL","count":5985,"amount":1.13624E7}},{"entityName":"raigad","metric":{"type":"TOTAL","count":5393,"amount":8827335.0}},{"entityName":"palghar","metric":{"type":"TOTAL","count":4551,"amount":6750732.0}},{"entityName":"solapur","metric":{"type":"TOTAL","count":4432,"amount":7196371.0}},{"entityName":"aurangabad","metric":{"type":"TOTAL","count":3047,"amount":5151528.0}}],"pincodes":[{"entityName":"411057","metric":{"type":"TOTAL","count":2574,"amount":4010497.0}},{"entityName":"421302","metric":{"type":"TOTAL","count":1992,"amount":2396959.0}},{"entityName":"411033","metric":{"type":"TOTAL","count":1635,"amount":2582879.0}},{"entityName":"410206","metric":{"type":"TOTAL","count":1523,"amount":2335436.0}},{"entityName":"411014","metric":{"type":"TOTAL","count":1435,"amount":2325924.0}},{"entityName":"421201","metric":{"type":"TOTAL","count":1435,"amount":1800835.0}},{"entityName":"421301","metric":{"type":"TOTAL","count":1412,"amount":1934379.0}},{"entityName":"410501","metric":{"type":"TOTAL","count":1221,"amount":1436052.0}},{"entityName":"401208","metric":{"type":"TOTAL","count":1062,"amount":1326638.0}},{"entityName":"400072","metric":{"type":"TOTAL","count":1021,"amount":1156261.0}}]},"responseTimestamp":1706092840946}