{"success":true,"code":"SUCCESS","data":{"states":null,"districts":[{"entityName":"ahmadabad","metric":{"type":"TOTAL","count":6393,"amount":7847666.0}},{"entityName":"surat","metric":{"type":"TOTAL","count":4674,"amount":5433634.0}},{"entityName":"vadodara","metric":{"type":"TOTAL","count":1414,"amount":2085056.0}},{"entityName":"valsad","metric":{"type":"TOTAL","count":1138,"amount":1398820.0}},{"entityName":"bharuch","metric":{"type":"TOTAL","count":934,"amount":1363523.0}},{"entityName":"kachchh","metric":{"type":"TOTAL","count":923,"amount":1288962.0}},{"entityName":"gandhinagar","metric":{"type":"TOTAL","count":914,"amount":1703161.0}},{"entityName":"rajkot","metric":{"type":"TOTAL","count":840,"amount":1218172.0}},{"entityName":"bhavnagar","metric":{"type":"TOTAL","count":494,"amount":599549.0}},{"entityName":"banas kantha","metric":{"type":"TOTAL","count":485,"amount":634204.0}}],"pincodes":[{"entityName":"394210","metric":{"type":"TOTAL","count":582,"amount":603510.0}},{"entityName":"395010","metric":{"type":"TOTAL","count":453,"amount":442586.0}},{"entityName":"396191","metric":{"type":"TOTAL","count":322,"amount":394832.0}},{"entityName":"382350","metric":{"type":"TOTAL","count":316,"amount":429910.0}},{"entityName":"395006","metric":{"type":"TOTAL","count":316,"amount":381085.0}},{"entityName":"382415","metric":{"type":"TOTAL","count":293,"amount":400080.0}},{"entityName":"395003","metric":{"type":"TOTAL","count":271,"amount":307876.0}},{"entityName":"380001","metric":{"type":"TOTAL","count":271,"amount":245454.0}},{"entityName":"382330","metric":{"type":"TOTAL","count":262,"amount":363970.0}},{"entityName":"380013","metric":{"type":"TOTAL","count":250,"amount":323052.0}}]},"responseTimestamp":1692611194012}