{"success":true,"code":"SUCCESS","data":{"states":null,"districts":[{"entityName":"ahmadabad","metric":{"type":"TOTAL","count":6962,"amount":8565312.0}},{"entityName":"surat","metric":{"type":"TOTAL","count":6127,"amount":6420167.0}},{"entityName":"vadodara","metric":{"type":"TOTAL","count":1538,"amount":2192046.0}},{"entityName":"valsad","metric":{"type":"TOTAL","count":1079,"amount":1455802.0}},{"entityName":"kachchh","metric":{"type":"TOTAL","count":1071,"amount":1371510.0}},{"entityName":"gandhinagar","metric":{"type":"TOTAL","count":985,"amount":1513678.0}},{"entityName":"rajkot","metric":{"type":"TOTAL","count":879,"amount":1248141.0}},{"entityName":"bharuch","metric":{"type":"TOTAL","count":848,"amount":1226599.0}},{"entityName":"bhavnagar","metric":{"type":"TOTAL","count":601,"amount":696335.0}},{"entityName":"banas kantha","metric":{"type":"TOTAL","count":597,"amount":724979.0}}],"pincodes":[{"entityName":"394210","metric":{"type":"TOTAL","count":676,"amount":652988.0}},{"entityName":"395010","metric":{"type":"TOTAL","count":544,"amount":488709.0}},{"entityName":"395006","metric":{"type":"TOTAL","count":497,"amount":432554.0}},{"entityName":"395003","metric":{"type":"TOTAL","count":395,"amount":390059.0}},{"entityName":"382415","metric":{"type":"TOTAL","count":369,"amount":407746.0}},{"entityName":"396191","metric":{"type":"TOTAL","count":359,"amount":478286.0}},{"entityName":"395002","metric":{"type":"TOTAL","count":352,"amount":340006.0}},{"entityName":"395007","metric":{"type":"TOTAL","count":350,"amount":398670.0}},{"entityName":"382350","metric":{"type":"TOTAL","count":315,"amount":320718.0}},{"entityName":"394221","metric":{"type":"TOTAL","count":290,"amount":249427.0}}]},"responseTimestamp":1692611245384}