{"success":true,"code":"SUCCESS","data":{"states":null,"districts":[{"entityName":"ahmadabad","metric":{"type":"TOTAL","count":8499,"amount":9788819.0}},{"entityName":"surat","metric":{"type":"TOTAL","count":7447,"amount":7491198.0}},{"entityName":"vadodara","metric":{"type":"TOTAL","count":1983,"amount":2630678.0}},{"entityName":"kachchh","metric":{"type":"TOTAL","count":1501,"amount":1786596.0}},{"entityName":"gandhinagar","metric":{"type":"TOTAL","count":1356,"amount":1828271.0}},{"entityName":"valsad","metric":{"type":"TOTAL","count":1327,"amount":1699968.0}},{"entityName":"rajkot","metric":{"type":"TOTAL","count":1093,"amount":1436547.0}},{"entityName":"bharuch","metric":{"type":"TOTAL","count":1082,"amount":1429310.0}},{"entityName":"banas kantha","metric":{"type":"TOTAL","count":735,"amount":893785.0}},{"entityName":"bhavnagar","metric":{"type":"TOTAL","count":696,"amount":791631.0}}],"pincodes":[{"entityName":"395010","metric":{"type":"TOTAL","count":807,"amount":684259.0}},{"entityName":"394210","metric":{"type":"TOTAL","count":730,"amount":709066.0}},{"entityName":"395006","metric":{"type":"TOTAL","count":687,"amount":601557.0}},{"entityName":"382415","metric":{"type":"TOTAL","count":480,"amount":558917.0}},{"entityName":"395003","metric":{"type":"TOTAL","count":477,"amount":440524.0}},{"entityName":"395007","metric":{"type":"TOTAL","count":453,"amount":499763.0}},{"entityName":"396191","metric":{"type":"TOTAL","count":430,"amount":508247.0}},{"entityName":"382350","metric":{"type":"TOTAL","count":427,"amount":459141.0}},{"entityName":"395002","metric":{"type":"TOTAL","count":408,"amount":363643.0}},{"entityName":"382481","metric":{"type":"TOTAL","count":349,"amount":410861.0}}]},"responseTimestamp":1692611297104}