{"success":true,"code":"SUCCESS","data":{"states":null,"districts":[{"entityName":"ahmadabad","metric":{"type":"TOTAL","count":9650,"amount":1.2572383E7}},{"entityName":"surat","metric":{"type":"TOTAL","count":7288,"amount":8864843.0}},{"entityName":"vadodara","metric":{"type":"TOTAL","count":2574,"amount":3669216.0}},{"entityName":"kachchh","metric":{"type":"TOTAL","count":1696,"amount":2267368.0}},{"entityName":"gandhinagar","metric":{"type":"TOTAL","count":1681,"amount":2507697.0}},{"entityName":"valsad","metric":{"type":"TOTAL","count":1666,"amount":2409645.0}},{"entityName":"bharuch","metric":{"type":"TOTAL","count":1522,"amount":2134893.0}},{"entityName":"rajkot","metric":{"type":"TOTAL","count":1428,"amount":2034588.0}},{"entityName":"mahesana","metric":{"type":"TOTAL","count":837,"amount":1221962.0}},{"entityName":"banas kantha","metric":{"type":"TOTAL","count":806,"amount":1117875.0}}],"pincodes":[{"entityName":"394210","metric":{"type":"TOTAL","count":773,"amount":769818.0}},{"entityName":"395010","metric":{"type":"TOTAL","count":681,"amount":732250.0}},{"entityName":"396191","metric":{"type":"TOTAL","count":597,"amount":842130.0}},{"entityName":"395006","metric":{"type":"TOTAL","count":566,"amount":690879.0}},{"entityName":"382415","metric":{"type":"TOTAL","count":477,"amount":535626.0}},{"entityName":"395003","metric":{"type":"TOTAL","count":432,"amount":437321.0}},{"entityName":"382350","metric":{"type":"TOTAL","count":420,"amount":632516.0}},{"entityName":"382481","metric":{"type":"TOTAL","count":412,"amount":628046.0}},{"entityName":"382330","metric":{"type":"TOTAL","count":391,"amount":538358.0}},{"entityName":"380058","metric":{"type":"TOTAL","count":387,"amount":503890.0}}]},"responseTimestamp":1692611348999}