{"success":true,"code":"SUCCESS","data":{"states":null,"districts":[{"entityName":"north goa","metric":{"type":"TOTAL","count":2803,"amount":4037155.0}},{"entityName":"south goa","metric":{"type":"TOTAL","count":2422,"amount":3490938.0}}],"pincodes":[{"entityName":"403601","metric":{"type":"TOTAL","count":402,"amount":475167.0}},{"entityName":"403401","metric":{"type":"TOTAL","count":282,"amount":383351.0}},{"entityName":"403001","metric":{"type":"TOTAL","count":266,"amount":395765.0}},{"entityName":"403507","metric":{"type":"TOTAL","count":236,"amount":312632.0}},{"entityName":"403722","metric":{"type":"TOTAL","count":227,"amount":297156.0}},{"entityName":"403802","metric":{"type":"TOTAL","count":217,"amount":256084.0}},{"entityName":"403516","metric":{"type":"TOTAL","count":173,"amount":277801.0}},{"entityName":"403801","metric":{"type":"TOTAL","count":169,"amount":239617.0}},{"entityName":"403521","metric":{"type":"TOTAL","count":140,"amount":184778.0}},{"entityName":"403710","metric":{"type":"TOTAL","count":129,"amount":195662.0}}]},"responseTimestamp":1714727767163}