{"success":true,"code":"SUCCESS","data":{"states":null,"districts":[{"entityName":"north goa","metric":{"type":"TOTAL","count":2752,"amount":4045983.0}},{"entityName":"south goa","metric":{"type":"TOTAL","count":2269,"amount":3132575.0}}],"pincodes":[{"entityName":"403601","metric":{"type":"TOTAL","count":384,"amount":557999.0}},{"entityName":"403507","metric":{"type":"TOTAL","count":267,"amount":367357.0}},{"entityName":"403001","metric":{"type":"TOTAL","count":266,"amount":414095.0}},{"entityName":"403401","metric":{"type":"TOTAL","count":256,"amount":349903.0}},{"entityName":"403802","metric":{"type":"TOTAL","count":238,"amount":257762.0}},{"entityName":"403801","metric":{"type":"TOTAL","count":190,"amount":203598.0}},{"entityName":"403722","metric":{"type":"TOTAL","count":186,"amount":232886.0}},{"entityName":"403516","metric":{"type":"TOTAL","count":175,"amount":281171.0}},{"entityName":"403521","metric":{"type":"TOTAL","count":138,"amount":249722.0}},{"entityName":"403512","metric":{"type":"TOTAL","count":130,"amount":190337.0}}]},"responseTimestamp":1722517899320}