{"success":true,"code":"SUCCESS","data":{"states":null,"districts":[{"entityName":"south goa","metric":{"type":"TOTAL","count":2836,"amount":4097331.0}},{"entityName":"north goa","metric":{"type":"TOTAL","count":2518,"amount":3954359.0}}],"pincodes":[{"entityName":"403601","metric":{"type":"TOTAL","count":367,"amount":454922.0}},{"entityName":"403802","metric":{"type":"TOTAL","count":323,"amount":411663.0}},{"entityName":"403507","metric":{"type":"TOTAL","count":296,"amount":538940.0}},{"entityName":"403001","metric":{"type":"TOTAL","count":244,"amount":349995.0}},{"entityName":"403401","metric":{"type":"TOTAL","count":226,"amount":295934.0}},{"entityName":"403516","metric":{"type":"TOTAL","count":216,"amount":427117.0}},{"entityName":"403722","metric":{"type":"TOTAL","count":208,"amount":250598.0}},{"entityName":"403501","metric":{"type":"TOTAL","count":141,"amount":193739.0}},{"entityName":"403602","metric":{"type":"TOTAL","count":128,"amount":218402.0}},{"entityName":"403707","metric":{"type":"TOTAL","count":126,"amount":209003.0}}]},"responseTimestamp":1739974424758}