{"success":true,"code":"SUCCESS","data":{"states":null,"districts":[{"entityName":"south goa","metric":{"type":"TOTAL","count":3426,"amount":4867109.0}},{"entityName":"north goa","metric":{"type":"TOTAL","count":3236,"amount":5036265.0}}],"pincodes":[{"entityName":"403601","metric":{"type":"TOTAL","count":416,"amount":549414.0}},{"entityName":"403507","metric":{"type":"TOTAL","count":359,"amount":465694.0}},{"entityName":"403802","metric":{"type":"TOTAL","count":344,"amount":480595.0}},{"entityName":"403401","metric":{"type":"TOTAL","count":313,"amount":467674.0}},{"entityName":"403516","metric":{"type":"TOTAL","count":300,"amount":556300.0}},{"entityName":"403001","metric":{"type":"TOTAL","count":283,"amount":441785.0}},{"entityName":"403722","metric":{"type":"TOTAL","count":276,"amount":278667.0}},{"entityName":"403501","metric":{"type":"TOTAL","count":187,"amount":278367.0}},{"entityName":"403710","metric":{"type":"TOTAL","count":155,"amount":164681.0}},{"entityName":"403801","metric":{"type":"TOTAL","count":155,"amount":188217.0}}]},"responseTimestamp":1739974646926}