{"success":true,"code":"SUCCESS","data":{"states":null,"districts":[{"entityName":"dadra and nagar haveli","metric":{"type":"TOTAL","count":598,"amount":810733.0}},{"entityName":"daman","metric":{"type":"TOTAL","count":185,"amount":348075.0}},{"entityName":"diu","metric":{"type":"TOTAL","count":16,"amount":56360.0}}],"pincodes":[{"entityName":"396230","metric":{"type":"TOTAL","count":459,"amount":650192.0}},{"entityName":"396235","metric":{"type":"TOTAL","count":139,"amount":160541.0}},{"entityName":"396210","metric":{"type":"TOTAL","count":130,"amount":236935.0}},{"entityName":"396215","metric":{"type":"TOTAL","count":51,"amount":99157.0}},{"entityName":"362520","metric":{"type":"TOTAL","count":8,"amount":39200.0}},{"entityName":"362571","metric":{"type":"TOTAL","count":7,"amount":17089.0}},{"entityName":"396220","metric":{"type":"TOTAL","count":4,"amount":11983.0}},{"entityName":"362540","metric":{"type":"TOTAL","count":1,"amount":71.0}}]},"responseTimestamp":1692619171478}