{"success":true,"code":"SUCCESS","data":{"states":null,"districts":[{"entityName":"dadra and nagar haveli","metric":{"type":"TOTAL","count":492,"amount":621719.0}},{"entityName":"daman","metric":{"type":"TOTAL","count":175,"amount":350870.0}},{"entityName":"diu","metric":{"type":"TOTAL","count":27,"amount":86164.0}}],"pincodes":[{"entityName":"396230","metric":{"type":"TOTAL","count":377,"amount":483708.0}},{"entityName":"396210","metric":{"type":"TOTAL","count":134,"amount":264315.0}},{"entityName":"396235","metric":{"type":"TOTAL","count":115,"amount":138011.0}},{"entityName":"396215","metric":{"type":"TOTAL","count":38,"amount":83998.0}},{"entityName":"362520","metric":{"type":"TOTAL","count":16,"amount":52282.0}},{"entityName":"362571","metric":{"type":"TOTAL","count":6,"amount":25713.0}},{"entityName":"362540","metric":{"type":"TOTAL","count":5,"amount":8169.0}},{"entityName":"396220","metric":{"type":"TOTAL","count":3,"amount":2557.0}}]},"responseTimestamp":1692619353184}