{"success":true,"code":"SUCCESS","data":{"states":null,"districts":[{"entityName":"dadra and nagar haveli","metric":{"type":"TOTAL","count":600,"amount":777222.0}},{"entityName":"daman","metric":{"type":"TOTAL","count":349,"amount":511452.0}},{"entityName":"diu","metric":{"type":"TOTAL","count":20,"amount":44429.0}}],"pincodes":[{"entityName":"396230","metric":{"type":"TOTAL","count":461,"amount":615237.0}},{"entityName":"396210","metric":{"type":"TOTAL","count":238,"amount":341809.0}},{"entityName":"396235","metric":{"type":"TOTAL","count":139,"amount":161985.0}},{"entityName":"396215","metric":{"type":"TOTAL","count":107,"amount":164338.0}},{"entityName":"362520","metric":{"type":"TOTAL","count":9,"amount":18233.0}},{"entityName":"362540","metric":{"type":"TOTAL","count":6,"amount":6170.0}},{"entityName":"396220","metric":{"type":"TOTAL","count":4,"amount":5305.0}},{"entityName":"362571","metric":{"type":"TOTAL","count":3,"amount":2940.0}},{"entityName":"362570","metric":{"type":"TOTAL","count":2,"amount":17086.0}}]},"responseTimestamp":1697612190649}