{"success":true,"code":"SUCCESS","data":{"states":null,"districts":[{"entityName":"dadra and nagar haveli","metric":{"type":"TOTAL","count":833,"amount":1306915.0}},{"entityName":"daman","metric":{"type":"TOTAL","count":360,"amount":601684.0}},{"entityName":"diu","metric":{"type":"TOTAL","count":14,"amount":65268.0}}],"pincodes":[{"entityName":"396230","metric":{"type":"TOTAL","count":626,"amount":1009363.0}},{"entityName":"396210","metric":{"type":"TOTAL","count":235,"amount":376257.0}},{"entityName":"396235","metric":{"type":"TOTAL","count":207,"amount":297552.0}},{"entityName":"396215","metric":{"type":"TOTAL","count":117,"amount":205211.0}},{"entityName":"362520","metric":{"type":"TOTAL","count":9,"amount":38940.0}},{"entityName":"396220","metric":{"type":"TOTAL","count":8,"amount":20216.0}},{"entityName":"362571","metric":{"type":"TOTAL","count":4,"amount":12324.0}},{"entityName":"362540","metric":{"type":"TOTAL","count":1,"amount":14004.0}}]},"responseTimestamp":1706092846775}