{"success":true,"code":"SUCCESS","data":{"states":null,"districts":[{"entityName":"patna","metric":{"type":"TOTAL","count":4444,"amount":5436425.0}},{"entityName":"muzaffarpur","metric":{"type":"TOTAL","count":1211,"amount":1664652.0}},{"entityName":"vaishali","metric":{"type":"TOTAL","count":900,"amount":1300490.0}},{"entityName":"samastipur","metric":{"type":"TOTAL","count":846,"amount":1134330.0}},{"entityName":"bhagalpur","metric":{"type":"TOTAL","count":790,"amount":1009817.0}},{"entityName":"darbhanga","metric":{"type":"TOTAL","count":716,"amount":958014.0}},{"entityName":"gaya","metric":{"type":"TOTAL","count":710,"amount":986298.0}},{"entityName":"saran","metric":{"type":"TOTAL","count":698,"amount":1079022.0}},{"entityName":"begusarai","metric":{"type":"TOTAL","count":665,"amount":982309.0}},{"entityName":"munger","metric":{"type":"TOTAL","count":652,"amount":604211.0}}],"pincodes":[{"entityName":"800001","metric":{"type":"TOTAL","count":704,"amount":796836.0}},{"entityName":"800020","metric":{"type":"TOTAL","count":479,"amount":448683.0}},{"entityName":"801503","metric":{"type":"TOTAL","count":311,"amount":467728.0}},{"entityName":"811213","metric":{"type":"TOTAL","count":306,"amount":141104.0}},{"entityName":"800006","metric":{"type":"TOTAL","count":294,"amount":294999.0}},{"entityName":"812001","metric":{"type":"TOTAL","count":243,"amount":284667.0}},{"entityName":"800007","metric":{"type":"TOTAL","count":215,"amount":234583.0}},{"entityName":"842001","metric":{"type":"TOTAL","count":210,"amount":230416.0}},{"entityName":"800026","metric":{"type":"TOTAL","count":188,"amount":223104.0}},{"entityName":"842002","metric":{"type":"TOTAL","count":184,"amount":257733.0}}]},"responseTimestamp":1692611186019}