{"success":true,"code":"SUCCESS","data":{"states":null,"districts":[{"entityName":"patna","metric":{"type":"TOTAL","count":4980,"amount":5796863.0}},{"entityName":"muzaffarpur","metric":{"type":"TOTAL","count":1312,"amount":1527583.0}},{"entityName":"vaishali","metric":{"type":"TOTAL","count":1030,"amount":1332752.0}},{"entityName":"munger","metric":{"type":"TOTAL","count":869,"amount":685212.0}},{"entityName":"samastipur","metric":{"type":"TOTAL","count":866,"amount":1140296.0}},{"entityName":"saran","metric":{"type":"TOTAL","count":831,"amount":1134410.0}},{"entityName":"darbhanga","metric":{"type":"TOTAL","count":823,"amount":901618.0}},{"entityName":"bhagalpur","metric":{"type":"TOTAL","count":806,"amount":1158286.0}},{"entityName":"gaya","metric":{"type":"TOTAL","count":781,"amount":1127943.0}},{"entityName":"begusarai","metric":{"type":"TOTAL","count":734,"amount":980380.0}}],"pincodes":[{"entityName":"800001","metric":{"type":"TOTAL","count":798,"amount":849952.0}},{"entityName":"800020","metric":{"type":"TOTAL","count":568,"amount":534170.0}},{"entityName":"811213","metric":{"type":"TOTAL","count":499,"amount":220452.0}},{"entityName":"800006","metric":{"type":"TOTAL","count":364,"amount":351545.0}},{"entityName":"801503","metric":{"type":"TOTAL","count":321,"amount":368015.0}},{"entityName":"812001","metric":{"type":"TOTAL","count":251,"amount":332849.0}},{"entityName":"846004","metric":{"type":"TOTAL","count":250,"amount":213376.0}},{"entityName":"842001","metric":{"type":"TOTAL","count":224,"amount":259723.0}},{"entityName":"800002","metric":{"type":"TOTAL","count":222,"amount":254627.0}},{"entityName":"800007","metric":{"type":"TOTAL","count":216,"amount":255536.0}}]},"responseTimestamp":1692611237258}