{"success":true,"code":"SUCCESS","data":{"states":null,"districts":[{"entityName":"patna","metric":{"type":"TOTAL","count":6711,"amount":7663832.0}},{"entityName":"muzaffarpur","metric":{"type":"TOTAL","count":1848,"amount":2047804.0}},{"entityName":"vaishali","metric":{"type":"TOTAL","count":1495,"amount":1738699.0}},{"entityName":"gaya","metric":{"type":"TOTAL","count":1052,"amount":1275154.0}},{"entityName":"samastipur","metric":{"type":"TOTAL","count":1037,"amount":1446763.0}},{"entityName":"bhagalpur","metric":{"type":"TOTAL","count":1030,"amount":1287137.0}},{"entityName":"saran","metric":{"type":"TOTAL","count":1013,"amount":1475793.0}},{"entityName":"begusarai","metric":{"type":"TOTAL","count":1010,"amount":1185869.0}},{"entityName":"darbhanga","metric":{"type":"TOTAL","count":978,"amount":1175895.0}},{"entityName":"nalanda","metric":{"type":"TOTAL","count":802,"amount":1007554.0}}],"pincodes":[{"entityName":"800001","metric":{"type":"TOTAL","count":1202,"amount":1329988.0}},{"entityName":"800020","metric":{"type":"TOTAL","count":714,"amount":796800.0}},{"entityName":"800006","metric":{"type":"TOTAL","count":461,"amount":443836.0}},{"entityName":"801503","metric":{"type":"TOTAL","count":439,"amount":495181.0}},{"entityName":"844101","metric":{"type":"TOTAL","count":351,"amount":360663.0}},{"entityName":"842001","metric":{"type":"TOTAL","count":325,"amount":346019.0}},{"entityName":"812001","metric":{"type":"TOTAL","count":318,"amount":338120.0}},{"entityName":"800002","metric":{"type":"TOTAL","count":304,"amount":316510.0}},{"entityName":"800007","metric":{"type":"TOTAL","count":302,"amount":360011.0}},{"entityName":"845401","metric":{"type":"TOTAL","count":266,"amount":264953.0}}]},"responseTimestamp":1692611288958}