{"success":true,"code":"SUCCESS","data":{"states":null,"districts":[{"entityName":"patna","metric":{"type":"TOTAL","count":7741,"amount":8886520.0}},{"entityName":"muzaffarpur","metric":{"type":"TOTAL","count":2305,"amount":2622512.0}},{"entityName":"vaishali","metric":{"type":"TOTAL","count":1553,"amount":1950312.0}},{"entityName":"samastipur","metric":{"type":"TOTAL","count":1371,"amount":1741058.0}},{"entityName":"bhagalpur","metric":{"type":"TOTAL","count":1277,"amount":1839829.0}},{"entityName":"saran","metric":{"type":"TOTAL","count":1260,"amount":1760294.0}},{"entityName":"darbhanga","metric":{"type":"TOTAL","count":1183,"amount":1530684.0}},{"entityName":"gaya","metric":{"type":"TOTAL","count":1156,"amount":1515312.0}},{"entityName":"begusarai","metric":{"type":"TOTAL","count":1065,"amount":1313395.0}},{"entityName":"nalanda","metric":{"type":"TOTAL","count":944,"amount":1190812.0}}],"pincodes":[{"entityName":"800001","metric":{"type":"TOTAL","count":1363,"amount":1554670.0}},{"entityName":"800020","metric":{"type":"TOTAL","count":775,"amount":796486.0}},{"entityName":"800006","metric":{"type":"TOTAL","count":578,"amount":565278.0}},{"entityName":"801503","metric":{"type":"TOTAL","count":443,"amount":583895.0}},{"entityName":"800007","metric":{"type":"TOTAL","count":411,"amount":362730.0}},{"entityName":"842001","metric":{"type":"TOTAL","count":404,"amount":458688.0}},{"entityName":"842002","metric":{"type":"TOTAL","count":353,"amount":387096.0}},{"entityName":"800002","metric":{"type":"TOTAL","count":343,"amount":433027.0}},{"entityName":"812001","metric":{"type":"TOTAL","count":318,"amount":406355.0}},{"entityName":"844101","metric":{"type":"TOTAL","count":306,"amount":318919.0}}]},"responseTimestamp":1692611340811}