{"success":true,"code":"SUCCESS","data":{"states":null,"districts":[{"entityName":"aizawl","metric":{"type":"TOTAL","count":374,"amount":268255.0}},{"entityName":"champhai","metric":{"type":"TOTAL","count":16,"amount":10334.0}},{"entityName":"mamit","metric":{"type":"TOTAL","count":9,"amount":9501.0}},{"entityName":"lunglei","metric":{"type":"TOTAL","count":6,"amount":6233.0}},{"entityName":"lawngtlai","metric":{"type":"TOTAL","count":4,"amount":2213.0}},{"entityName":"kolasib","metric":{"type":"TOTAL","count":3,"amount":2659.0}},{"entityName":"saiha","metric":{"type":"TOTAL","count":2,"amount":3613.0}},{"entityName":"serchhip","metric":{"type":"TOTAL","count":1,"amount":33.0}}],"pincodes":[{"entityName":"796014","metric":{"type":"TOTAL","count":318,"amount":210495.0}},{"entityName":"796017","metric":{"type":"TOTAL","count":29,"amount":35257.0}},{"entityName":"796310","metric":{"type":"TOTAL","count":13,"amount":9887.0}},{"entityName":"796009","metric":{"type":"TOTAL","count":11,"amount":4975.0}},{"entityName":"796005","metric":{"type":"TOTAL","count":8,"amount":7955.0}},{"entityName":"796471","metric":{"type":"TOTAL","count":5,"amount":6877.0}},{"entityName":"796012","metric":{"type":"TOTAL","count":4,"amount":3704.0}},{"entityName":"796901","metric":{"type":"TOTAL","count":2,"amount":3613.0}},{"entityName":"796441","metric":{"type":"TOTAL","count":2,"amount":2558.0}},{"entityName":"796701","metric":{"type":"TOTAL","count":2,"amount":4263.0}}]},"responseTimestamp":1692610993241}