{"success":true,"code":"SUCCESS","data":{"states":null,"districts":[{"entityName":"aizawl","metric":{"type":"TOTAL","count":149,"amount":105527.0}},{"entityName":"lawngtlai","metric":{"type":"TOTAL","count":9,"amount":1913.0}},{"entityName":"lunglei","metric":{"type":"TOTAL","count":9,"amount":2272.0}},{"entityName":"champhai","metric":{"type":"TOTAL","count":8,"amount":2921.0}},{"entityName":"mamit","metric":{"type":"TOTAL","count":4,"amount":6121.0}},{"entityName":"kolasib","metric":{"type":"TOTAL","count":4,"amount":188.0}},{"entityName":"saiha","metric":{"type":"TOTAL","count":2,"amount":5052.0}},{"entityName":"serchhip","metric":{"type":"TOTAL","count":2,"amount":811.0}}],"pincodes":[{"entityName":"796014","metric":{"type":"TOTAL","count":101,"amount":70071.0}},{"entityName":"796005","metric":{"type":"TOTAL","count":20,"amount":14967.0}},{"entityName":"796012","metric":{"type":"TOTAL","count":10,"amount":4235.0}},{"entityName":"796009","metric":{"type":"TOTAL","count":9,"amount":3240.0}},{"entityName":"796017","metric":{"type":"TOTAL","count":7,"amount":7534.0}},{"entityName":"796321","metric":{"type":"TOTAL","count":5,"amount":421.0}},{"entityName":"796772","metric":{"type":"TOTAL","count":5,"amount":175.0}},{"entityName":"796751","metric":{"type":"TOTAL","count":4,"amount":792.0}},{"entityName":"796310","metric":{"type":"TOTAL","count":3,"amount":2500.0}},{"entityName":"796891","metric":{"type":"TOTAL","count":3,"amount":1528.0}}]},"responseTimestamp":1692611045463}