{"success":true,"code":"SUCCESS","data":{"states":null,"districts":[{"entityName":"aizawl","metric":{"type":"TOTAL","count":58,"amount":66033.0}},{"entityName":"lunglei","metric":{"type":"TOTAL","count":6,"amount":2258.0}},{"entityName":"mamit","metric":{"type":"TOTAL","count":5,"amount":5242.0}},{"entityName":"lawngtlai","metric":{"type":"TOTAL","count":4,"amount":1076.0}},{"entityName":"serchhip","metric":{"type":"TOTAL","count":4,"amount":2795.0}},{"entityName":"kolasib","metric":{"type":"TOTAL","count":2,"amount":982.0}},{"entityName":"champhai","metric":{"type":"TOTAL","count":2,"amount":5255.0}}],"pincodes":[{"entityName":"796014","metric":{"type":"TOTAL","count":28,"amount":20083.0}},{"entityName":"796012","metric":{"type":"TOTAL","count":8,"amount":8722.0}},{"entityName":"796005","metric":{"type":"TOTAL","count":7,"amount":4007.0}},{"entityName":"796009","metric":{"type":"TOTAL","count":7,"amount":7315.0}},{"entityName":"796008","metric":{"type":"TOTAL","count":4,"amount":19509.0}},{"entityName":"796181","metric":{"type":"TOTAL","count":4,"amount":2795.0}},{"entityName":"796025","metric":{"type":"TOTAL","count":3,"amount":4885.0}},{"entityName":"796571","metric":{"type":"TOTAL","count":3,"amount":1229.0}},{"entityName":"796770","metric":{"type":"TOTAL","count":2,"amount":94.0}},{"entityName":"796751","metric":{"type":"TOTAL","count":2,"amount":981.0}}]},"responseTimestamp":1692611097130}