{"success":true,"code":"SUCCESS","data":{"states":null,"districts":[{"entityName":"aizawl","metric":{"type":"TOTAL","count":58,"amount":91842.0}},{"entityName":"lunglei","metric":{"type":"TOTAL","count":12,"amount":23824.0}},{"entityName":"mamit","metric":{"type":"TOTAL","count":10,"amount":14175.0}},{"entityName":"lawngtlai","metric":{"type":"TOTAL","count":6,"amount":15826.0}},{"entityName":"kolasib","metric":{"type":"TOTAL","count":5,"amount":8865.0}},{"entityName":"serchhip","metric":{"type":"TOTAL","count":4,"amount":8840.0}},{"entityName":"saiha","metric":{"type":"TOTAL","count":4,"amount":9864.0}},{"entityName":"champhai","metric":{"type":"TOTAL","count":1,"amount":2611.0}}],"pincodes":[{"entityName":"796005","metric":{"type":"TOTAL","count":20,"amount":28366.0}},{"entityName":"796009","metric":{"type":"TOTAL","count":12,"amount":14565.0}},{"entityName":"796012","metric":{"type":"TOTAL","count":11,"amount":10492.0}},{"entityName":"796751","metric":{"type":"TOTAL","count":6,"amount":17060.0}},{"entityName":"796441","metric":{"type":"TOTAL","count":5,"amount":2559.0}},{"entityName":"796008","metric":{"type":"TOTAL","count":5,"amount":10551.0}},{"entityName":"796017","metric":{"type":"TOTAL","count":4,"amount":8729.0}},{"entityName":"796471","metric":{"type":"TOTAL","count":4,"amount":8139.0}},{"entityName":"796691","metric":{"type":"TOTAL","count":3,"amount":2868.0}},{"entityName":"796901","metric":{"type":"TOTAL","count":3,"amount":3580.0}}]},"responseTimestamp":1692611148584}