{"success":true,"code":"SUCCESS","data":{"states":null,"districts":[{"entityName":"gurugram","metric":{"type":"TOTAL","count":6642,"amount":8138262.0}},{"entityName":"faridabad","metric":{"type":"TOTAL","count":3517,"amount":4282216.0}},{"entityName":"rewari","metric":{"type":"TOTAL","count":1254,"amount":1910239.0}},{"entityName":"sonipat","metric":{"type":"TOTAL","count":1178,"amount":1965399.0}},{"entityName":"jhajjar","metric":{"type":"TOTAL","count":869,"amount":1532926.0}},{"entityName":"hisar","metric":{"type":"TOTAL","count":855,"amount":1334248.0}},{"entityName":"karnal","metric":{"type":"TOTAL","count":850,"amount":1119397.0}},{"entityName":"rohtak","metric":{"type":"TOTAL","count":836,"amount":1302980.0}},{"entityName":"panipat","metric":{"type":"TOTAL","count":806,"amount":1239244.0}},{"entityName":"mahendragarh","metric":{"type":"TOTAL","count":675,"amount":1004950.0}}],"pincodes":[{"entityName":"122001","metric":{"type":"TOTAL","count":1252,"amount":1456298.0}},{"entityName":"122006","metric":{"type":"TOTAL","count":874,"amount":930112.0}},{"entityName":"121003","metric":{"type":"TOTAL","count":832,"amount":923924.0}},{"entityName":"121004","metric":{"type":"TOTAL","count":795,"amount":959640.0}},{"entityName":"123401","metric":{"type":"TOTAL","count":602,"amount":850949.0}},{"entityName":"122002","metric":{"type":"TOTAL","count":594,"amount":743202.0}},{"entityName":"121001","metric":{"type":"TOTAL","count":589,"amount":685111.0}},{"entityName":"122003","metric":{"type":"TOTAL","count":578,"amount":577598.0}},{"entityName":"124001","metric":{"type":"TOTAL","count":511,"amount":669372.0}},{"entityName":"132001","metric":{"type":"TOTAL","count":478,"amount":469015.0}}]},"responseTimestamp":1692611172901}