{"success":true,"code":"SUCCESS","data":{"states":null,"districts":[{"entityName":"gurugram","metric":{"type":"TOTAL","count":6554,"amount":7627997.0}},{"entityName":"faridabad","metric":{"type":"TOTAL","count":3527,"amount":4157319.0}},{"entityName":"rewari","metric":{"type":"TOTAL","count":1449,"amount":2050909.0}},{"entityName":"sonipat","metric":{"type":"TOTAL","count":1227,"amount":2016582.0}},{"entityName":"hisar","metric":{"type":"TOTAL","count":1141,"amount":1695856.0}},{"entityName":"panipat","metric":{"type":"TOTAL","count":1030,"amount":1355321.0}},{"entityName":"jhajjar","metric":{"type":"TOTAL","count":987,"amount":1449163.0}},{"entityName":"bhiwani","metric":{"type":"TOTAL","count":931,"amount":1348492.0}},{"entityName":"rohtak","metric":{"type":"TOTAL","count":908,"amount":1318503.0}},{"entityName":"karnal","metric":{"type":"TOTAL","count":901,"amount":1294206.0}}],"pincodes":[{"entityName":"122001","metric":{"type":"TOTAL","count":1236,"amount":1366070.0}},{"entityName":"121004","metric":{"type":"TOTAL","count":903,"amount":1132802.0}},{"entityName":"121003","metric":{"type":"TOTAL","count":801,"amount":920669.0}},{"entityName":"122006","metric":{"type":"TOTAL","count":800,"amount":833884.0}},{"entityName":"123401","metric":{"type":"TOTAL","count":734,"amount":979383.0}},{"entityName":"121001","metric":{"type":"TOTAL","count":592,"amount":694788.0}},{"entityName":"122002","metric":{"type":"TOTAL","count":528,"amount":550754.0}},{"entityName":"124001","metric":{"type":"TOTAL","count":494,"amount":651675.0}},{"entityName":"124507","metric":{"type":"TOTAL","count":475,"amount":636675.0}},{"entityName":"122003","metric":{"type":"TOTAL","count":460,"amount":542526.0}}]},"responseTimestamp":1692611224188}