{"success":true,"code":"SUCCESS","data":{"states":null,"districts":[{"entityName":"gurugram","metric":{"type":"TOTAL","count":10085,"amount":1.0744733E7}},{"entityName":"faridabad","metric":{"type":"TOTAL","count":4789,"amount":5313116.0}},{"entityName":"rewari","metric":{"type":"TOTAL","count":1838,"amount":2341723.0}},{"entityName":"sonipat","metric":{"type":"TOTAL","count":1657,"amount":2565808.0}},{"entityName":"hisar","metric":{"type":"TOTAL","count":1516,"amount":2224226.0}},{"entityName":"jhajjar","metric":{"type":"TOTAL","count":1451,"amount":2211785.0}},{"entityName":"panipat","metric":{"type":"TOTAL","count":1432,"amount":1773022.0}},{"entityName":"rohtak","metric":{"type":"TOTAL","count":1242,"amount":1806212.0}},{"entityName":"karnal","metric":{"type":"TOTAL","count":1150,"amount":1799811.0}},{"entityName":"bhiwani","metric":{"type":"TOTAL","count":1147,"amount":1597842.0}}],"pincodes":[{"entityName":"122001","metric":{"type":"TOTAL","count":1932,"amount":1913882.0}},{"entityName":"121004","metric":{"type":"TOTAL","count":1142,"amount":1320600.0}},{"entityName":"122006","metric":{"type":"TOTAL","count":1053,"amount":1047031.0}},{"entityName":"121003","metric":{"type":"TOTAL","count":932,"amount":996105.0}},{"entityName":"122002","metric":{"type":"TOTAL","count":864,"amount":878354.0}},{"entityName":"121001","metric":{"type":"TOTAL","count":842,"amount":887224.0}},{"entityName":"123401","metric":{"type":"TOTAL","count":829,"amount":1001676.0}},{"entityName":"122003","metric":{"type":"TOTAL","count":758,"amount":894200.0}},{"entityName":"124507","metric":{"type":"TOTAL","count":748,"amount":1040956.0}},{"entityName":"124001","metric":{"type":"TOTAL","count":669,"amount":912291.0}}]},"responseTimestamp":1692611275781}