{"success":true,"code":"SUCCESS","data":{"states":null,"districts":[{"entityName":"gurugram","metric":{"type":"TOTAL","count":11347,"amount":1.4333166E7}},{"entityName":"faridabad","metric":{"type":"TOTAL","count":5980,"amount":7492688.0}},{"entityName":"rewari","metric":{"type":"TOTAL","count":1987,"amount":2881000.0}},{"entityName":"sonipat","metric":{"type":"TOTAL","count":1969,"amount":3340650.0}},{"entityName":"jhajjar","metric":{"type":"TOTAL","count":1582,"amount":2713177.0}},{"entityName":"hisar","metric":{"type":"TOTAL","count":1413,"amount":2309773.0}},{"entityName":"panipat","metric":{"type":"TOTAL","count":1375,"amount":2059529.0}},{"entityName":"rohtak","metric":{"type":"TOTAL","count":1355,"amount":2305432.0}},{"entityName":"mahendragarh","metric":{"type":"TOTAL","count":1211,"amount":1666096.0}},{"entityName":"karnal","metric":{"type":"TOTAL","count":1113,"amount":2024575.0}}],"pincodes":[{"entityName":"122001","metric":{"type":"TOTAL","count":2037,"amount":2580157.0}},{"entityName":"122006","metric":{"type":"TOTAL","count":1296,"amount":1631296.0}},{"entityName":"121004","metric":{"type":"TOTAL","count":1268,"amount":1632199.0}},{"entityName":"121003","metric":{"type":"TOTAL","count":1207,"amount":1379347.0}},{"entityName":"121001","metric":{"type":"TOTAL","count":1163,"amount":1419330.0}},{"entityName":"122002","metric":{"type":"TOTAL","count":1034,"amount":1234183.0}},{"entityName":"123401","metric":{"type":"TOTAL","count":940,"amount":1389120.0}},{"entityName":"124507","metric":{"type":"TOTAL","count":803,"amount":1207860.0}},{"entityName":"122003","metric":{"type":"TOTAL","count":747,"amount":922953.0}},{"entityName":"124001","metric":{"type":"TOTAL","count":732,"amount":1086393.0}}]},"responseTimestamp":1692611327588}