{"success":true,"code":"SUCCESS","data":{"states":null,"districts":[{"entityName":"dimapur","metric":{"type":"TOTAL","count":366,"amount":617926.0}},{"entityName":"kohima","metric":{"type":"TOTAL","count":45,"amount":69026.0}},{"entityName":"mokokchung","metric":{"type":"TOTAL","count":35,"amount":95063.0}},{"entityName":"mon","metric":{"type":"TOTAL","count":33,"amount":60598.0}},{"entityName":"wokha","metric":{"type":"TOTAL","count":11,"amount":28222.0}},{"entityName":"tuensang","metric":{"type":"TOTAL","count":10,"amount":26106.0}},{"entityName":"phek","metric":{"type":"TOTAL","count":8,"amount":8334.0}},{"entityName":"zunheboto","metric":{"type":"TOTAL","count":8,"amount":11865.0}},{"entityName":"peren","metric":{"type":"TOTAL","count":6,"amount":5503.0}},{"entityName":"longleng","metric":{"type":"TOTAL","count":2,"amount":92.0}}],"pincodes":[{"entityName":"797112","metric":{"type":"TOTAL","count":172,"amount":254434.0}},{"entityName":"797115","metric":{"type":"TOTAL","count":53,"amount":91486.0}},{"entityName":"797103","metric":{"type":"TOTAL","count":39,"amount":85787.0}},{"entityName":"797117","metric":{"type":"TOTAL","count":29,"amount":38864.0}},{"entityName":"797113","metric":{"type":"TOTAL","count":26,"amount":52306.0}},{"entityName":"797116","metric":{"type":"TOTAL","count":19,"amount":43827.0}},{"entityName":"797001","metric":{"type":"TOTAL","count":19,"amount":18904.0}},{"entityName":"798601","metric":{"type":"TOTAL","count":18,"amount":53813.0}},{"entityName":"797118","metric":{"type":"TOTAL","count":17,"amount":30916.0}},{"entityName":"797120","metric":{"type":"TOTAL","count":15,"amount":20271.0}}]},"responseTimestamp":1714727759721}