{"success":true,"code":"SUCCESS","data":{"states":null,"districts":[{"entityName":"dimapur","metric":{"type":"TOTAL","count":307,"amount":474960.0}},{"entityName":"kohima","metric":{"type":"TOTAL","count":40,"amount":84571.0}},{"entityName":"mokokchung","metric":{"type":"TOTAL","count":20,"amount":54012.0}},{"entityName":"wokha","metric":{"type":"TOTAL","count":14,"amount":16186.0}},{"entityName":"mon","metric":{"type":"TOTAL","count":12,"amount":26395.0}},{"entityName":"tuensang","metric":{"type":"TOTAL","count":8,"amount":9360.0}},{"entityName":"peren","metric":{"type":"TOTAL","count":7,"amount":5924.0}},{"entityName":"zunheboto","metric":{"type":"TOTAL","count":4,"amount":5546.0}},{"entityName":"phek","metric":{"type":"TOTAL","count":3,"amount":6214.0}},{"entityName":"longleng","metric":{"type":"TOTAL","count":2,"amount":2093.0}}],"pincodes":[{"entityName":"797112","metric":{"type":"TOTAL","count":140,"amount":220161.0}},{"entityName":"797115","metric":{"type":"TOTAL","count":47,"amount":88792.0}},{"entityName":"797103","metric":{"type":"TOTAL","count":35,"amount":41217.0}},{"entityName":"797117","metric":{"type":"TOTAL","count":22,"amount":30556.0}},{"entityName":"797113","metric":{"type":"TOTAL","count":21,"amount":22740.0}},{"entityName":"797116","metric":{"type":"TOTAL","count":21,"amount":44892.0}},{"entityName":"797001","metric":{"type":"TOTAL","count":20,"amount":38855.0}},{"entityName":"797118","metric":{"type":"TOTAL","count":16,"amount":20520.0}},{"entityName":"798601","metric":{"type":"TOTAL","count":13,"amount":31825.0}},{"entityName":"797120","metric":{"type":"TOTAL","count":10,"amount":30124.0}}]},"responseTimestamp":1722517890715}