{"success":true,"code":"SUCCESS","data":{"states":null,"districts":[{"entityName":"dimapur","metric":{"type":"TOTAL","count":226,"amount":374605.0}},{"entityName":"chumoukedima","metric":{"type":"TOTAL","count":58,"amount":89152.0}},{"entityName":"kohima","metric":{"type":"TOTAL","count":42,"amount":96907.0}},{"entityName":"mokokchung","metric":{"type":"TOTAL","count":27,"amount":100538.0}},{"entityName":"mon","metric":{"type":"TOTAL","count":16,"amount":44388.0}},{"entityName":"wokha","metric":{"type":"TOTAL","count":12,"amount":36145.0}},{"entityName":"phek","metric":{"type":"TOTAL","count":8,"amount":28926.0}},{"entityName":"peren","metric":{"type":"TOTAL","count":5,"amount":8897.0}},{"entityName":"kiphire","metric":{"type":"TOTAL","count":3,"amount":4164.0}},{"entityName":"noklak","metric":{"type":"TOTAL","count":3,"amount":3291.0}}],"pincodes":[{"entityName":"797112","metric":{"type":"TOTAL","count":164,"amount":272183.0}},{"entityName":"797103","metric":{"type":"TOTAL","count":32,"amount":57111.0}},{"entityName":"797115","metric":{"type":"TOTAL","count":23,"amount":28025.0}},{"entityName":"797118","metric":{"type":"TOTAL","count":22,"amount":34105.0}},{"entityName":"797117","metric":{"type":"TOTAL","count":20,"amount":36509.0}},{"entityName":"797001","metric":{"type":"TOTAL","count":15,"amount":29277.0}},{"entityName":"798601","metric":{"type":"TOTAL","count":13,"amount":56761.0}},{"entityName":"797106","metric":{"type":"TOTAL","count":11,"amount":19233.0}},{"entityName":"797113","metric":{"type":"TOTAL","count":10,"amount":10884.0}},{"entityName":"797111","metric":{"type":"TOTAL","count":9,"amount":21540.0}}]},"responseTimestamp":1739974416539}