{"success":true,"code":"SUCCESS","data":{"states":null,"districts":[{"entityName":"dimapur","metric":{"type":"TOTAL","count":298,"amount":571656.0}},{"entityName":"chumoukedima","metric":{"type":"TOTAL","count":94,"amount":182390.0}},{"entityName":"kohima","metric":{"type":"TOTAL","count":60,"amount":114999.0}},{"entityName":"mon","metric":{"type":"TOTAL","count":28,"amount":75471.0}},{"entityName":"mokokchung","metric":{"type":"TOTAL","count":25,"amount":104897.0}},{"entityName":"tuensang","metric":{"type":"TOTAL","count":14,"amount":24874.0}},{"entityName":"phek","metric":{"type":"TOTAL","count":10,"amount":34870.0}},{"entityName":"peren","metric":{"type":"TOTAL","count":10,"amount":10346.0}},{"entityName":"kiphire","metric":{"type":"TOTAL","count":10,"amount":293.0}},{"entityName":"wokha","metric":{"type":"TOTAL","count":9,"amount":19766.0}}],"pincodes":[{"entityName":"797112","metric":{"type":"TOTAL","count":203,"amount":352764.0}},{"entityName":"797115","metric":{"type":"TOTAL","count":62,"amount":131243.0}},{"entityName":"797103","metric":{"type":"TOTAL","count":34,"amount":89609.0}},{"entityName":"797117","metric":{"type":"TOTAL","count":30,"amount":58304.0}},{"entityName":"797001","metric":{"type":"TOTAL","count":28,"amount":49689.0}},{"entityName":"797118","metric":{"type":"TOTAL","count":23,"amount":29950.0}},{"entityName":"797113","metric":{"type":"TOTAL","count":20,"amount":41990.0}},{"entityName":"798612","metric":{"type":"TOTAL","count":15,"amount":25927.0}},{"entityName":"797120","metric":{"type":"TOTAL","count":11,"amount":36775.0}},{"entityName":"798621","metric":{"type":"TOTAL","count":11,"amount":37821.0}}]},"responseTimestamp":1739974638543}