{"success":true,"code":"SUCCESS","data":{"states":null,"districts":[{"entityName":"indore","metric":{"type":"TOTAL","count":9490,"amount":1.5586503E7}},{"entityName":"bhopal","metric":{"type":"TOTAL","count":5388,"amount":1.1329217E7}},{"entityName":"gwalior","metric":{"type":"TOTAL","count":3433,"amount":5623360.0}},{"entityName":"jabalpur","metric":{"type":"TOTAL","count":2549,"amount":4066952.0}},{"entityName":"rewa","metric":{"type":"TOTAL","count":1631,"amount":2471021.0}},{"entityName":"ujjain","metric":{"type":"TOTAL","count":1518,"amount":2343292.0}},{"entityName":"satna","metric":{"type":"TOTAL","count":1456,"amount":2062376.0}},{"entityName":"dhar","metric":{"type":"TOTAL","count":1389,"amount":1926999.0}},{"entityName":"chhindwara","metric":{"type":"TOTAL","count":1385,"amount":2251979.0}},{"entityName":"singrauli","metric":{"type":"TOTAL","count":1358,"amount":2129465.0}}],"pincodes":[{"entityName":"452010","metric":{"type":"TOTAL","count":1051,"amount":1765762.0}},{"entityName":"452001","metric":{"type":"TOTAL","count":765,"amount":1223173.0}},{"entityName":"452016","metric":{"type":"TOTAL","count":762,"amount":1507073.0}},{"entityName":"455001","metric":{"type":"TOTAL","count":681,"amount":1177698.0}},{"entityName":"482002","metric":{"type":"TOTAL","count":629,"amount":994409.0}},{"entityName":"474001","metric":{"type":"TOTAL","count":627,"amount":1050205.0}},{"entityName":"452009","metric":{"type":"TOTAL","count":622,"amount":977798.0}},{"entityName":"482001","metric":{"type":"TOTAL","count":586,"amount":1002226.0}},{"entityName":"452003","metric":{"type":"TOTAL","count":585,"amount":791184.0}},{"entityName":"452020","metric":{"type":"TOTAL","count":493,"amount":787801.0}}]},"responseTimestamp":1714727718336}