{"success":true,"code":"SUCCESS","data":{"states":null,"districts":[{"entityName":"indore","metric":{"type":"TOTAL","count":8230,"amount":1.4342486E7}},{"entityName":"bhopal","metric":{"type":"TOTAL","count":4787,"amount":1.0605399E7}},{"entityName":"gwalior","metric":{"type":"TOTAL","count":2602,"amount":4170026.0}},{"entityName":"jabalpur","metric":{"type":"TOTAL","count":2012,"amount":3801138.0}},{"entityName":"ujjain","metric":{"type":"TOTAL","count":1241,"amount":2152248.0}},{"entityName":"rewa","metric":{"type":"TOTAL","count":1205,"amount":2184457.0}},{"entityName":"singrauli","metric":{"type":"TOTAL","count":1125,"amount":2037202.0}},{"entityName":"satna","metric":{"type":"TOTAL","count":1077,"amount":1715112.0}},{"entityName":"dhar","metric":{"type":"TOTAL","count":1074,"amount":1524207.0}},{"entityName":"sagar","metric":{"type":"TOTAL","count":997,"amount":1834823.0}}],"pincodes":[{"entityName":"452010","metric":{"type":"TOTAL","count":908,"amount":1675496.0}},{"entityName":"452016","metric":{"type":"TOTAL","count":740,"amount":1546722.0}},{"entityName":"452001","metric":{"type":"TOTAL","count":713,"amount":1139489.0}},{"entityName":"452009","metric":{"type":"TOTAL","count":585,"amount":986895.0}},{"entityName":"455001","metric":{"type":"TOTAL","count":555,"amount":1156759.0}},{"entityName":"482002","metric":{"type":"TOTAL","count":521,"amount":1075055.0}},{"entityName":"452020","metric":{"type":"TOTAL","count":479,"amount":888149.0}},{"entityName":"462022","metric":{"type":"TOTAL","count":476,"amount":957931.0}},{"entityName":"482001","metric":{"type":"TOTAL","count":462,"amount":909588.0}},{"entityName":"452003","metric":{"type":"TOTAL","count":442,"amount":591557.0}}]},"responseTimestamp":1722517842557}