{"success":true,"code":"SUCCESS","data":{"states":null,"districts":[{"entityName":"indore","metric":{"type":"TOTAL","count":9351,"amount":1.6156973E7}},{"entityName":"bhopal","metric":{"type":"TOTAL","count":5361,"amount":1.0874148E7}},{"entityName":"gwalior","metric":{"type":"TOTAL","count":2819,"amount":4482119.0}},{"entityName":"jabalpur","metric":{"type":"TOTAL","count":2324,"amount":4387540.0}},{"entityName":"ujjain","metric":{"type":"TOTAL","count":1345,"amount":2229400.0}},{"entityName":"dhar","metric":{"type":"TOTAL","count":1125,"amount":1876194.0}},{"entityName":"singrauli","metric":{"type":"TOTAL","count":1013,"amount":1721022.0}},{"entityName":"sagar","metric":{"type":"TOTAL","count":994,"amount":1800213.0}},{"entityName":"rewa","metric":{"type":"TOTAL","count":994,"amount":1672916.0}},{"entityName":"dewas","metric":{"type":"TOTAL","count":947,"amount":1734088.0}}],"pincodes":[{"entityName":"452001","metric":{"type":"TOTAL","count":1801,"amount":3028209.0}},{"entityName":"452010","metric":{"type":"TOTAL","count":980,"amount":1726929.0}},{"entityName":"452016","metric":{"type":"TOTAL","count":930,"amount":1884758.0}},{"entityName":"474001","metric":{"type":"TOTAL","count":622,"amount":1049284.0}},{"entityName":"482002","metric":{"type":"TOTAL","count":617,"amount":1166993.0}},{"entityName":"455001","metric":{"type":"TOTAL","count":606,"amount":1174795.0}},{"entityName":"452006","metric":{"type":"TOTAL","count":586,"amount":840673.0}},{"entityName":"482001","metric":{"type":"TOTAL","count":528,"amount":1044724.0}},{"entityName":"462001","metric":{"type":"TOTAL","count":520,"amount":1027218.0}},{"entityName":"486001","metric":{"type":"TOTAL","count":517,"amount":894726.0}}]},"responseTimestamp":1739974369414}