{"success":true,"code":"SUCCESS","data":{"states":null,"districts":[{"entityName":"indore","metric":{"type":"TOTAL","count":12551,"amount":2.0489191E7}},{"entityName":"bhopal","metric":{"type":"TOTAL","count":6824,"amount":1.3581645E7}},{"entityName":"gwalior","metric":{"type":"TOTAL","count":3295,"amount":5826629.0}},{"entityName":"jabalpur","metric":{"type":"TOTAL","count":2990,"amount":5021258.0}},{"entityName":"ujjain","metric":{"type":"TOTAL","count":1912,"amount":2998654.0}},{"entityName":"dhar","metric":{"type":"TOTAL","count":1715,"amount":2324249.0}},{"entityName":"dewas","metric":{"type":"TOTAL","count":1461,"amount":2413920.0}},{"entityName":"rewa","metric":{"type":"TOTAL","count":1410,"amount":2486511.0}},{"entityName":"singrauli","metric":{"type":"TOTAL","count":1388,"amount":2396658.0}},{"entityName":"sagar","metric":{"type":"TOTAL","count":1367,"amount":2395068.0}}],"pincodes":[{"entityName":"452001","metric":{"type":"TOTAL","count":2301,"amount":3507377.0}},{"entityName":"452010","metric":{"type":"TOTAL","count":1394,"amount":2386628.0}},{"entityName":"452016","metric":{"type":"TOTAL","count":1202,"amount":2377995.0}},{"entityName":"455001","metric":{"type":"TOTAL","count":961,"amount":1567609.0}},{"entityName":"482002","metric":{"type":"TOTAL","count":749,"amount":1212291.0}},{"entityName":"452006","metric":{"type":"TOTAL","count":722,"amount":1043398.0}},{"entityName":"474001","metric":{"type":"TOTAL","count":722,"amount":1334621.0}},{"entityName":"486001","metric":{"type":"TOTAL","count":679,"amount":1225860.0}},{"entityName":"452011","metric":{"type":"TOTAL","count":640,"amount":919763.0}},{"entityName":"452007","metric":{"type":"TOTAL","count":639,"amount":912956.0}}]},"responseTimestamp":1739974591412}