{"success":true,"code":"SUCCESS","data":{"states":null,"districts":[{"entityName":"jammu","metric":{"type":"TOTAL","count":1657,"amount":3092481.0}},{"entityName":"srinagar","metric":{"type":"TOTAL","count":470,"amount":1055223.0}},{"entityName":"samba","metric":{"type":"TOTAL","count":277,"amount":599467.0}},{"entityName":"anantnag","metric":{"type":"TOTAL","count":250,"amount":657402.0}},{"entityName":"udhampur","metric":{"type":"TOTAL","count":238,"amount":544808.0}},{"entityName":"kathua","metric":{"type":"TOTAL","count":224,"amount":506261.0}},{"entityName":"budgam","metric":{"type":"TOTAL","count":201,"amount":561024.0}},{"entityName":"pulwama","metric":{"type":"TOTAL","count":148,"amount":381535.0}},{"entityName":"baramulla","metric":{"type":"TOTAL","count":147,"amount":422741.0}},{"entityName":"reasi","metric":{"type":"TOTAL","count":120,"amount":277347.0}}],"pincodes":[{"entityName":"180001","metric":{"type":"TOTAL","count":127,"amount":176240.0}},{"entityName":"182101","metric":{"type":"TOTAL","count":120,"amount":248261.0}},{"entityName":"180020","metric":{"type":"TOTAL","count":115,"amount":212550.0}},{"entityName":"180004","metric":{"type":"TOTAL","count":105,"amount":145700.0}},{"entityName":"180003","metric":{"type":"TOTAL","count":104,"amount":148559.0}},{"entityName":"180012","metric":{"type":"TOTAL","count":100,"amount":176781.0}},{"entityName":"181221","metric":{"type":"TOTAL","count":82,"amount":152966.0}},{"entityName":"181133","metric":{"type":"TOTAL","count":78,"amount":153260.0}},{"entityName":"180005","metric":{"type":"TOTAL","count":73,"amount":132226.0}},{"entityName":"190001","metric":{"type":"TOTAL","count":72,"amount":128201.0}}]},"responseTimestamp":1692619201319}