{"success":true,"code":"SUCCESS","data":{"states":null,"districts":[{"entityName":"jammu","metric":{"type":"TOTAL","count":1710,"amount":3178077.0}},{"entityName":"srinagar","metric":{"type":"TOTAL","count":683,"amount":1303991.0}},{"entityName":"samba","metric":{"type":"TOTAL","count":332,"amount":644903.0}},{"entityName":"udhampur","metric":{"type":"TOTAL","count":276,"amount":517843.0}},{"entityName":"budgam","metric":{"type":"TOTAL","count":275,"amount":617323.0}},{"entityName":"kathua","metric":{"type":"TOTAL","count":263,"amount":596557.0}},{"entityName":"anantnag","metric":{"type":"TOTAL","count":219,"amount":549864.0}},{"entityName":"baramulla","metric":{"type":"TOTAL","count":215,"amount":592287.0}},{"entityName":"pulwama","metric":{"type":"TOTAL","count":170,"amount":435195.0}},{"entityName":"kupwara","metric":{"type":"TOTAL","count":145,"amount":354982.0}}],"pincodes":[{"entityName":"182101","metric":{"type":"TOTAL","count":161,"amount":317428.0}},{"entityName":"180001","metric":{"type":"TOTAL","count":148,"amount":272303.0}},{"entityName":"190001","metric":{"type":"TOTAL","count":126,"amount":234340.0}},{"entityName":"181133","metric":{"type":"TOTAL","count":124,"amount":167980.0}},{"entityName":"180005","metric":{"type":"TOTAL","count":118,"amount":182866.0}},{"entityName":"180003","metric":{"type":"TOTAL","count":103,"amount":170832.0}},{"entityName":"180020","metric":{"type":"TOTAL","count":99,"amount":147123.0}},{"entityName":"180012","metric":{"type":"TOTAL","count":91,"amount":117997.0}},{"entityName":"180002","metric":{"type":"TOTAL","count":80,"amount":139952.0}},{"entityName":"190011","metric":{"type":"TOTAL","count":79,"amount":152324.0}}]},"responseTimestamp":1692619382580}