{"success":true,"code":"SUCCESS","data":{"states":null,"districts":[{"entityName":"jammu","metric":{"type":"TOTAL","count":1802,"amount":2956782.0}},{"entityName":"srinagar","metric":{"type":"TOTAL","count":583,"amount":1097144.0}},{"entityName":"kathua","metric":{"type":"TOTAL","count":332,"amount":661848.0}},{"entityName":"udhampur","metric":{"type":"TOTAL","count":321,"amount":537296.0}},{"entityName":"budgam","metric":{"type":"TOTAL","count":316,"amount":636758.0}},{"entityName":"samba","metric":{"type":"TOTAL","count":289,"amount":642825.0}},{"entityName":"anantnag","metric":{"type":"TOTAL","count":232,"amount":614771.0}},{"entityName":"baramulla","metric":{"type":"TOTAL","count":197,"amount":510511.0}},{"entityName":"pulwama","metric":{"type":"TOTAL","count":176,"amount":445019.0}},{"entityName":"rajouri","metric":{"type":"TOTAL","count":163,"amount":355757.0}}],"pincodes":[{"entityName":"182101","metric":{"type":"TOTAL","count":195,"amount":277567.0}},{"entityName":"180005","metric":{"type":"TOTAL","count":127,"amount":136599.0}},{"entityName":"180020","metric":{"type":"TOTAL","count":121,"amount":137497.0}},{"entityName":"180001","metric":{"type":"TOTAL","count":121,"amount":164546.0}},{"entityName":"190001","metric":{"type":"TOTAL","count":107,"amount":216652.0}},{"entityName":"181133","metric":{"type":"TOTAL","count":104,"amount":156733.0}},{"entityName":"180003","metric":{"type":"TOTAL","count":104,"amount":195293.0}},{"entityName":"180004","metric":{"type":"TOTAL","count":97,"amount":139551.0}},{"entityName":"180011","metric":{"type":"TOTAL","count":92,"amount":155255.0}},{"entityName":"190007","metric":{"type":"TOTAL","count":91,"amount":170104.0}}]},"responseTimestamp":1697612230354}