{"success":true,"code":"SUCCESS","data":{"states":null,"districts":[{"entityName":"jammu","metric":{"type":"TOTAL","count":2185,"amount":4418006.0}},{"entityName":"srinagar","metric":{"type":"TOTAL","count":537,"amount":1200208.0}},{"entityName":"udhampur","metric":{"type":"TOTAL","count":450,"amount":883613.0}},{"entityName":"kathua","metric":{"type":"TOTAL","count":445,"amount":915976.0}},{"entityName":"samba","metric":{"type":"TOTAL","count":402,"amount":894382.0}},{"entityName":"budgam","metric":{"type":"TOTAL","count":278,"amount":678542.0}},{"entityName":"rajouri","metric":{"type":"TOTAL","count":226,"amount":468990.0}},{"entityName":"anantnag","metric":{"type":"TOTAL","count":223,"amount":695092.0}},{"entityName":"baramulla","metric":{"type":"TOTAL","count":197,"amount":547589.0}},{"entityName":"doda","metric":{"type":"TOTAL","count":189,"amount":409244.0}}],"pincodes":[{"entityName":"182101","metric":{"type":"TOTAL","count":252,"amount":474854.0}},{"entityName":"180001","metric":{"type":"TOTAL","count":157,"amount":255473.0}},{"entityName":"180012","metric":{"type":"TOTAL","count":142,"amount":227940.0}},{"entityName":"180005","metric":{"type":"TOTAL","count":135,"amount":225359.0}},{"entityName":"190001","metric":{"type":"TOTAL","count":116,"amount":245611.0}},{"entityName":"180003","metric":{"type":"TOTAL","count":115,"amount":242766.0}},{"entityName":"180011","metric":{"type":"TOTAL","count":113,"amount":272162.0}},{"entityName":"181201","metric":{"type":"TOTAL","count":113,"amount":217790.0}},{"entityName":"181133","metric":{"type":"TOTAL","count":112,"amount":258272.0}},{"entityName":"180020","metric":{"type":"TOTAL","count":109,"amount":184216.0}}]},"responseTimestamp":1706092884157}