{"success":true,"code":"SUCCESS","data":{"states":null,"districts":[{"entityName":"dimapur","metric":{"type":"TOTAL","count":27,"amount":6065.0}},{"entityName":"kohima","metric":{"type":"TOTAL","count":6,"amount":1832.0}},{"entityName":"phek","metric":{"type":"TOTAL","count":2,"amount":457.0}},{"entityName":"tuensang","metric":{"type":"TOTAL","count":2,"amount":462.0}},{"entityName":"wokha","metric":{"type":"TOTAL","count":1,"amount":231.0}},{"entityName":"peren","metric":{"type":"TOTAL","count":1,"amount":231.0}},{"entityName":"mon","metric":{"type":"TOTAL","count":1,"amount":231.0}},{"entityName":"kiphire","metric":{"type":"TOTAL","count":1,"amount":282.0}}],"pincodes":[{"entityName":"797112","metric":{"type":"TOTAL","count":19,"amount":3940.0}},{"entityName":"797001","metric":{"type":"TOTAL","count":3,"amount":595.0}},{"entityName":"797115","metric":{"type":"TOTAL","count":3,"amount":683.0}},{"entityName":"797117","metric":{"type":"TOTAL","count":2,"amount":580.0}},{"entityName":"797107","metric":{"type":"TOTAL","count":1,"amount":231.0}},{"entityName":"797111","metric":{"type":"TOTAL","count":1,"amount":231.0}},{"entityName":"797108","metric":{"type":"TOTAL","count":1,"amount":226.0}},{"entityName":"798621","metric":{"type":"TOTAL","count":1,"amount":231.0}},{"entityName":"797101","metric":{"type":"TOTAL","count":1,"amount":231.0}},{"entityName":"798612","metric":{"type":"TOTAL","count":1,"amount":231.0}}]},"responseTimestamp":1692610830974}