{"success":true,"code":"SUCCESS","data":{"states":null,"districts":[{"entityName":"dimapur","metric":{"type":"TOTAL","count":57,"amount":11587.0}},{"entityName":"kohima","metric":{"type":"TOTAL","count":17,"amount":5607.0}},{"entityName":"mon","metric":{"type":"TOTAL","count":4,"amount":938.0}},{"entityName":"wokha","metric":{"type":"TOTAL","count":4,"amount":868.0}},{"entityName":"tuensang","metric":{"type":"TOTAL","count":3,"amount":949.0}},{"entityName":"phek","metric":{"type":"TOTAL","count":2,"amount":783.0}},{"entityName":"longleng","metric":{"type":"TOTAL","count":1,"amount":33.0}},{"entityName":"zunheboto","metric":{"type":"TOTAL","count":1,"amount":33.0}}],"pincodes":[{"entityName":"797112","metric":{"type":"TOTAL","count":24,"amount":3461.0}},{"entityName":"797113","metric":{"type":"TOTAL","count":13,"amount":3429.0}},{"entityName":"797117","metric":{"type":"TOTAL","count":7,"amount":926.0}},{"entityName":"797103","metric":{"type":"TOTAL","count":5,"amount":1276.0}},{"entityName":"797121","metric":{"type":"TOTAL","count":5,"amount":1924.0}},{"entityName":"797001","metric":{"type":"TOTAL","count":4,"amount":1679.0}},{"entityName":"797120","metric":{"type":"TOTAL","count":4,"amount":1110.0}},{"entityName":"797111","metric":{"type":"TOTAL","count":4,"amount":868.0}},{"entityName":"797106","metric":{"type":"TOTAL","count":3,"amount":1058.0}},{"entityName":"798621","metric":{"type":"TOTAL","count":3,"amount":657.0}}]},"responseTimestamp":1692610883856}