{"success":true,"code":"SUCCESS","data":{"states":null,"districts":[{"entityName":"dimapur","metric":{"type":"TOTAL","count":34,"amount":25648.0}},{"entityName":"mokokchung","metric":{"type":"TOTAL","count":9,"amount":2370.0}},{"entityName":"kohima","metric":{"type":"TOTAL","count":5,"amount":1333.0}},{"entityName":"zunheboto","metric":{"type":"TOTAL","count":3,"amount":1179.0}},{"entityName":"mon","metric":{"type":"TOTAL","count":3,"amount":3729.0}},{"entityName":"wokha","metric":{"type":"TOTAL","count":2,"amount":397.0}},{"entityName":"phek","metric":{"type":"TOTAL","count":2,"amount":65.0}},{"entityName":"tuensang","metric":{"type":"TOTAL","count":2,"amount":198.0}},{"entityName":"longleng","metric":{"type":"TOTAL","count":1,"amount":3884.0}},{"entityName":"kiphire","metric":{"type":"TOTAL","count":1,"amount":33.0}}],"pincodes":[{"entityName":"797112","metric":{"type":"TOTAL","count":15,"amount":14108.0}},{"entityName":"798618","metric":{"type":"TOTAL","count":8,"amount":6056.0}},{"entityName":"797115","metric":{"type":"TOTAL","count":6,"amount":7812.0}},{"entityName":"797103","metric":{"type":"TOTAL","count":4,"amount":556.0}},{"entityName":"797116","metric":{"type":"TOTAL","count":4,"amount":2450.0}},{"entityName":"797113","metric":{"type":"TOTAL","count":4,"amount":690.0}},{"entityName":"798620","metric":{"type":"TOTAL","count":3,"amount":1179.0}},{"entityName":"797120","metric":{"type":"TOTAL","count":3,"amount":1233.0}},{"entityName":"798621","metric":{"type":"TOTAL","count":2,"amount":691.0}},{"entityName":"797111","metric":{"type":"TOTAL","count":2,"amount":397.0}}]},"responseTimestamp":1692610935522}