{"success":true,"code":"SUCCESS","data":{"states":null,"districts":[{"entityName":"dadra and nagar haveli","metric":{"type":"TOTAL","count":595,"amount":90317.0}},{"entityName":"daman","metric":{"type":"TOTAL","count":52,"amount":9916.0}},{"entityName":"diu","metric":{"type":"TOTAL","count":4,"amount":796.0}}],"pincodes":[{"entityName":"396230","metric":{"type":"TOTAL","count":471,"amount":69757.0}},{"entityName":"396235","metric":{"type":"TOTAL","count":124,"amount":20560.0}},{"entityName":"396210","metric":{"type":"TOTAL","count":44,"amount":8084.0}},{"entityName":"396215","metric":{"type":"TOTAL","count":8,"amount":1832.0}},{"entityName":"362520","metric":{"type":"TOTAL","count":4,"amount":796.0}}]},"responseTimestamp":1692610808011}