{"success":true,"code":"SUCCESS","data":{"states":null,"districts":[{"entityName":"dadra and nagar haveli","metric":{"type":"TOTAL","count":167,"amount":44815.0}},{"entityName":"daman","metric":{"type":"TOTAL","count":87,"amount":20588.0}},{"entityName":"diu","metric":{"type":"TOTAL","count":3,"amount":101.0}}],"pincodes":[{"entityName":"396230","metric":{"type":"TOTAL","count":143,"amount":41073.0}},{"entityName":"396210","metric":{"type":"TOTAL","count":62,"amount":13868.0}},{"entityName":"396215","metric":{"type":"TOTAL","count":25,"amount":6720.0}},{"entityName":"396235","metric":{"type":"TOTAL","count":24,"amount":3742.0}},{"entityName":"362520","metric":{"type":"TOTAL","count":3,"amount":101.0}}]},"responseTimestamp":1692610859378}