{"success":true,"code":"SUCCESS","data":{"states":null,"districts":[{"entityName":"daman","metric":{"type":"TOTAL","count":115,"amount":95653.0}},{"entityName":"dadra and nagar haveli","metric":{"type":"TOTAL","count":111,"amount":52122.0}},{"entityName":"diu","metric":{"type":"TOTAL","count":6,"amount":1738.0}}],"pincodes":[{"entityName":"396230","metric":{"type":"TOTAL","count":93,"amount":42215.0}},{"entityName":"396210","metric":{"type":"TOTAL","count":80,"amount":72419.0}},{"entityName":"396215","metric":{"type":"TOTAL","count":34,"amount":21693.0}},{"entityName":"396235","metric":{"type":"TOTAL","count":18,"amount":9907.0}},{"entityName":"362571","metric":{"type":"TOTAL","count":2,"amount":195.0}},{"entityName":"362520","metric":{"type":"TOTAL","count":2,"amount":66.0}},{"entityName":"362540","metric":{"type":"TOTAL","count":2,"amount":1477.0}},{"entityName":"396220","metric":{"type":"TOTAL","count":1,"amount":1541.0}}]},"responseTimestamp":1692610912403}