{"success":true,"code":"SUCCESS","data":{"states":null,"districts":[{"entityName":"north goa","metric":{"type":"TOTAL","count":1369,"amount":2131215.0}},{"entityName":"south goa","metric":{"type":"TOTAL","count":1265,"amount":1734030.0}}],"pincodes":[{"entityName":"403601","metric":{"type":"TOTAL","count":223,"amount":260595.0}},{"entityName":"403802","metric":{"type":"TOTAL","count":160,"amount":151665.0}},{"entityName":"403401","metric":{"type":"TOTAL","count":159,"amount":226170.0}},{"entityName":"403001","metric":{"type":"TOTAL","count":154,"amount":168984.0}},{"entityName":"403507","metric":{"type":"TOTAL","count":132,"amount":174418.0}},{"entityName":"403722","metric":{"type":"TOTAL","count":107,"amount":149976.0}},{"entityName":"403801","metric":{"type":"TOTAL","count":89,"amount":89472.0}},{"entityName":"403521","metric":{"type":"TOTAL","count":68,"amount":83359.0}},{"entityName":"403516","metric":{"type":"TOTAL","count":63,"amount":88689.0}},{"entityName":"403602","metric":{"type":"TOTAL","count":59,"amount":71594.0}}]},"responseTimestamp":1692611201357}