{"success":true,"code":"SUCCESS","data":{"states":null,"districts":[{"entityName":"north goa","metric":{"type":"TOTAL","count":2018,"amount":3006451.0}},{"entityName":"south goa","metric":{"type":"TOTAL","count":1506,"amount":2087059.0}}],"pincodes":[{"entityName":"403001","metric":{"type":"TOTAL","count":257,"amount":321819.0}},{"entityName":"403601","metric":{"type":"TOTAL","count":255,"amount":310957.0}},{"entityName":"403401","metric":{"type":"TOTAL","count":239,"amount":259002.0}},{"entityName":"403507","metric":{"type":"TOTAL","count":183,"amount":244914.0}},{"entityName":"403802","metric":{"type":"TOTAL","count":168,"amount":184975.0}},{"entityName":"403801","metric":{"type":"TOTAL","count":137,"amount":156676.0}},{"entityName":"403722","metric":{"type":"TOTAL","count":127,"amount":158173.0}},{"entityName":"403516","metric":{"type":"TOTAL","count":114,"amount":225662.0}},{"entityName":"403521","metric":{"type":"TOTAL","count":105,"amount":136042.0}},{"entityName":"403512","metric":{"type":"TOTAL","count":84,"amount":193606.0}}]},"responseTimestamp":1692611252720}