{"success":true,"code":"SUCCESS","data":{"states":null,"districts":[{"entityName":"north goa","metric":{"type":"TOTAL","count":1669,"amount":2298586.0}},{"entityName":"south goa","metric":{"type":"TOTAL","count":1488,"amount":1843522.0}}],"pincodes":[{"entityName":"403601","metric":{"type":"TOTAL","count":261,"amount":313674.0}},{"entityName":"403401","metric":{"type":"TOTAL","count":179,"amount":233899.0}},{"entityName":"403001","metric":{"type":"TOTAL","count":177,"amount":195007.0}},{"entityName":"403802","metric":{"type":"TOTAL","count":172,"amount":162127.0}},{"entityName":"403507","metric":{"type":"TOTAL","count":162,"amount":229440.0}},{"entityName":"403722","metric":{"type":"TOTAL","count":137,"amount":124075.0}},{"entityName":"403521","metric":{"type":"TOTAL","count":97,"amount":95744.0}},{"entityName":"403801","metric":{"type":"TOTAL","count":90,"amount":101543.0}},{"entityName":"403516","metric":{"type":"TOTAL","count":87,"amount":138379.0}},{"entityName":"403602","metric":{"type":"TOTAL","count":79,"amount":70585.0}}]},"responseTimestamp":1692611304504}