{"success":true,"code":"SUCCESS","data":{"states":null,"districts":[{"entityName":"north goa","metric":{"type":"TOTAL","count":2517,"amount":3662258.0}},{"entityName":"south goa","metric":{"type":"TOTAL","count":1871,"amount":2528411.0}}],"pincodes":[{"entityName":"403401","metric":{"type":"TOTAL","count":270,"amount":429318.0}},{"entityName":"403601","metric":{"type":"TOTAL","count":270,"amount":345017.0}},{"entityName":"403001","metric":{"type":"TOTAL","count":257,"amount":309359.0}},{"entityName":"403802","metric":{"type":"TOTAL","count":241,"amount":267682.0}},{"entityName":"403507","metric":{"type":"TOTAL","count":215,"amount":294146.0}},{"entityName":"403722","metric":{"type":"TOTAL","count":185,"amount":196731.0}},{"entityName":"403521","metric":{"type":"TOTAL","count":142,"amount":208866.0}},{"entityName":"403516","metric":{"type":"TOTAL","count":141,"amount":221272.0}},{"entityName":"403801","metric":{"type":"TOTAL","count":113,"amount":137988.0}},{"entityName":"403512","metric":{"type":"TOTAL","count":104,"amount":158913.0}}]},"responseTimestamp":1692611356472}