{"success":true,"code":"SUCCESS","data":{"states":null,"districts":[{"entityName":"bengaluru urban","metric":{"type":"TOTAL","count":20040,"amount":3301769.0}},{"entityName":"mysuru","metric":{"type":"TOTAL","count":767,"amount":144997.0}},{"entityName":"dharwad","metric":{"type":"TOTAL","count":656,"amount":119671.0}},{"entityName":"ballari","metric":{"type":"TOTAL","count":611,"amount":120952.0}},{"entityName":"belagavi","metric":{"type":"TOTAL","count":590,"amount":111501.0}},{"entityName":"bengaluru rural","metric":{"type":"TOTAL","count":416,"amount":83476.0}},{"entityName":"dakshina kannada","metric":{"type":"TOTAL","count":380,"amount":80252.0}},{"entityName":"tumakuru","metric":{"type":"TOTAL","count":372,"amount":75362.0}},{"entityName":"davanagere","metric":{"type":"TOTAL","count":309,"amount":59794.0}},{"entityName":"ramanagara","metric":{"type":"TOTAL","count":259,"amount":54476.0}}],"pincodes":[{"entityName":"560068","metric":{"type":"TOTAL","count":1076,"amount":168415.0}},{"entityName":"560037","metric":{"type":"TOTAL","count":1034,"amount":155914.0}},{"entityName":"560076","metric":{"type":"TOTAL","count":802,"amount":124790.0}},{"entityName":"560078","metric":{"type":"TOTAL","count":742,"amount":119673.0}},{"entityName":"560100","metric":{"type":"TOTAL","count":651,"amount":103528.0}},{"entityName":"560079","metric":{"type":"TOTAL","count":494,"amount":79188.0}},{"entityName":"560066","metric":{"type":"TOTAL","count":485,"amount":74094.0}},{"entityName":"560064","metric":{"type":"TOTAL","count":480,"amount":86646.0}},{"entityName":"560043","metric":{"type":"TOTAL","count":476,"amount":78043.0}},{"entityName":"560040","metric":{"type":"TOTAL","count":392,"amount":63016.0}}]},"responseTimestamp":1692610823222}