{"success":true,"code":"SUCCESS","data":{"states":null,"districts":[{"entityName":"bengaluru urban","metric":{"type":"TOTAL","count":32192,"amount":6940765.0}},{"entityName":"mysuru","metric":{"type":"TOTAL","count":2128,"amount":558128.0}},{"entityName":"belagavi","metric":{"type":"TOTAL","count":2016,"amount":533172.0}},{"entityName":"dharwad","metric":{"type":"TOTAL","count":1606,"amount":358476.0}},{"entityName":"dakshina kannada","metric":{"type":"TOTAL","count":1271,"amount":330557.0}},{"entityName":"tumakuru","metric":{"type":"TOTAL","count":1236,"amount":311665.0}},{"entityName":"ballari","metric":{"type":"TOTAL","count":1213,"amount":306386.0}},{"entityName":"bengaluru rural","metric":{"type":"TOTAL","count":1068,"amount":267171.0}},{"entityName":"shivamogga","metric":{"type":"TOTAL","count":781,"amount":200079.0}},{"entityName":"vijayapura","metric":{"type":"TOTAL","count":768,"amount":175988.0}}],"pincodes":[{"entityName":"560068","metric":{"type":"TOTAL","count":1603,"amount":340876.0}},{"entityName":"560076","metric":{"type":"TOTAL","count":1148,"amount":250474.0}},{"entityName":"560078","metric":{"type":"TOTAL","count":1124,"amount":243443.0}},{"entityName":"560037","metric":{"type":"TOTAL","count":923,"amount":202431.0}},{"entityName":"560079","metric":{"type":"TOTAL","count":904,"amount":183362.0}},{"entityName":"560043","metric":{"type":"TOTAL","count":842,"amount":188522.0}},{"entityName":"560058","metric":{"type":"TOTAL","count":802,"amount":159563.0}},{"entityName":"560091","metric":{"type":"TOTAL","count":768,"amount":161814.0}},{"entityName":"560100","metric":{"type":"TOTAL","count":765,"amount":158888.0}},{"entityName":"560085","metric":{"type":"TOTAL","count":712,"amount":156512.0}}]},"responseTimestamp":1692610874795}