{"success":true,"code":"SUCCESS","data":{"states":null,"districts":[{"entityName":"bengaluru urban","metric":{"type":"TOTAL","count":18485,"amount":1.5922383E7}},{"entityName":"belagavi","metric":{"type":"TOTAL","count":1586,"amount":924521.0}},{"entityName":"mysuru","metric":{"type":"TOTAL","count":1109,"amount":1073388.0}},{"entityName":"ballari","metric":{"type":"TOTAL","count":863,"amount":690500.0}},{"entityName":"dharwad","metric":{"type":"TOTAL","count":819,"amount":552794.0}},{"entityName":"tumakuru","metric":{"type":"TOTAL","count":751,"amount":718936.0}},{"entityName":"bengaluru rural","metric":{"type":"TOTAL","count":661,"amount":759279.0}},{"entityName":"dakshina kannada","metric":{"type":"TOTAL","count":557,"amount":445633.0}},{"entityName":"vijayapura","metric":{"type":"TOTAL","count":493,"amount":393668.0}},{"entityName":"kolar","metric":{"type":"TOTAL","count":482,"amount":516354.0}}],"pincodes":[{"entityName":"560068","metric":{"type":"TOTAL","count":849,"amount":653177.0}},{"entityName":"560079","metric":{"type":"TOTAL","count":565,"amount":461758.0}},{"entityName":"560078","metric":{"type":"TOTAL","count":536,"amount":398681.0}},{"entityName":"560076","metric":{"type":"TOTAL","count":525,"amount":495928.0}},{"entityName":"560037","metric":{"type":"TOTAL","count":511,"amount":384244.0}},{"entityName":"560043","metric":{"type":"TOTAL","count":495,"amount":437875.0}},{"entityName":"560058","metric":{"type":"TOTAL","count":454,"amount":338439.0}},{"entityName":"560091","metric":{"type":"TOTAL","count":452,"amount":406737.0}},{"entityName":"560064","metric":{"type":"TOTAL","count":402,"amount":440784.0}},{"entityName":"560066","metric":{"type":"TOTAL","count":370,"amount":298409.0}}]},"responseTimestamp":1692610927407}