{"success":true,"code":"SUCCESS","data":{"states":null,"districts":[{"entityName":"north goa","metric":{"type":"TOTAL","count":514,"amount":464207.0}},{"entityName":"south goa","metric":{"type":"TOTAL","count":365,"amount":363177.0}}],"pincodes":[{"entityName":"403601","metric":{"type":"TOTAL","count":64,"amount":59277.0}},{"entityName":"403001","metric":{"type":"TOTAL","count":61,"amount":38372.0}},{"entityName":"403507","metric":{"type":"TOTAL","count":49,"amount":67516.0}},{"entityName":"403722","metric":{"type":"TOTAL","count":48,"amount":24971.0}},{"entityName":"403401","metric":{"type":"TOTAL","count":46,"amount":36200.0}},{"entityName":"403516","metric":{"type":"TOTAL","count":35,"amount":25012.0}},{"entityName":"403802","metric":{"type":"TOTAL","count":30,"amount":21472.0}},{"entityName":"403509","metric":{"type":"TOTAL","count":29,"amount":27152.0}},{"entityName":"403707","metric":{"type":"TOTAL","count":27,"amount":29584.0}},{"entityName":"403801","metric":{"type":"TOTAL","count":23,"amount":31877.0}}]},"responseTimestamp":1692610994490}