{"success":true,"code":"SUCCESS","data":{"states":null,"districts":[{"entityName":"north goa","metric":{"type":"TOTAL","count":561,"amount":531664.0}},{"entityName":"south goa","metric":{"type":"TOTAL","count":455,"amount":496675.0}}],"pincodes":[{"entityName":"403601","metric":{"type":"TOTAL","count":77,"amount":73045.0}},{"entityName":"403401","metric":{"type":"TOTAL","count":70,"amount":71540.0}},{"entityName":"403802","metric":{"type":"TOTAL","count":45,"amount":64758.0}},{"entityName":"403001","metric":{"type":"TOTAL","count":42,"amount":35277.0}},{"entityName":"403507","metric":{"type":"TOTAL","count":41,"amount":32351.0}},{"entityName":"403722","metric":{"type":"TOTAL","count":34,"amount":26192.0}},{"entityName":"403005","metric":{"type":"TOTAL","count":32,"amount":29269.0}},{"entityName":"403710","metric":{"type":"TOTAL","count":31,"amount":22519.0}},{"entityName":"403602","metric":{"type":"TOTAL","count":29,"amount":29561.0}},{"entityName":"403801","metric":{"type":"TOTAL","count":27,"amount":19593.0}}]},"responseTimestamp":1692611046806}