{"success":true,"code":"SUCCESS","data":{"states":null,"districts":[{"entityName":"north goa","metric":{"type":"TOTAL","count":668,"amount":825408.0}},{"entityName":"south goa","metric":{"type":"TOTAL","count":546,"amount":560578.0}}],"pincodes":[{"entityName":"403601","metric":{"type":"TOTAL","count":86,"amount":65102.0}},{"entityName":"403401","metric":{"type":"TOTAL","count":80,"amount":89579.0}},{"entityName":"403507","metric":{"type":"TOTAL","count":67,"amount":107297.0}},{"entityName":"403722","metric":{"type":"TOTAL","count":64,"amount":68391.0}},{"entityName":"403001","metric":{"type":"TOTAL","count":61,"amount":53010.0}},{"entityName":"403802","metric":{"type":"TOTAL","count":49,"amount":29680.0}},{"entityName":"403703","metric":{"type":"TOTAL","count":45,"amount":48099.0}},{"entityName":"403521","metric":{"type":"TOTAL","count":44,"amount":43980.0}},{"entityName":"403602","metric":{"type":"TOTAL","count":32,"amount":21482.0}},{"entityName":"403801","metric":{"type":"TOTAL","count":28,"amount":29648.0}}]},"responseTimestamp":1692611098284}