{"success":true,"code":"SUCCESS","data":{"states":null,"districts":[{"entityName":"north goa","metric":{"type":"TOTAL","count":1203,"amount":1604306.0}},{"entityName":"south goa","metric":{"type":"TOTAL","count":884,"amount":1133010.0}}],"pincodes":[{"entityName":"403001","metric":{"type":"TOTAL","count":146,"amount":139568.0}},{"entityName":"403601","metric":{"type":"TOTAL","count":124,"amount":145790.0}},{"entityName":"403401","metric":{"type":"TOTAL","count":116,"amount":160474.0}},{"entityName":"403802","metric":{"type":"TOTAL","count":108,"amount":100303.0}},{"entityName":"403722","metric":{"type":"TOTAL","count":101,"amount":101050.0}},{"entityName":"403507","metric":{"type":"TOTAL","count":73,"amount":86071.0}},{"entityName":"403521","metric":{"type":"TOTAL","count":62,"amount":76678.0}},{"entityName":"403710","metric":{"type":"TOTAL","count":53,"amount":50539.0}},{"entityName":"403005","metric":{"type":"TOTAL","count":51,"amount":50386.0}},{"entityName":"403801","metric":{"type":"TOTAL","count":50,"amount":52381.0}}]},"responseTimestamp":1692611149798}