{"success":true,"code":"SUCCESS","data":{"states":null,"districts":[{"entityName":"dhanbad","metric":{"type":"TOTAL","count":741,"amount":134652.0}},{"entityName":"ranchi","metric":{"type":"TOTAL","count":376,"amount":71618.0}},{"entityName":"east singhbhum","metric":{"type":"TOTAL","count":283,"amount":56879.0}},{"entityName":"bokaro","metric":{"type":"TOTAL","count":175,"amount":35999.0}},{"entityName":"saraikela kharsawan","metric":{"type":"TOTAL","count":69,"amount":13249.0}},{"entityName":"hazaribagh","metric":{"type":"TOTAL","count":59,"amount":12131.0}},{"entityName":"ramgarh","metric":{"type":"TOTAL","count":44,"amount":9554.0}},{"entityName":"palamu","metric":{"type":"TOTAL","count":43,"amount":9949.0}},{"entityName":"deoghar","metric":{"type":"TOTAL","count":42,"amount":8257.0}},{"entityName":"giridih","metric":{"type":"TOTAL","count":40,"amount":9051.0}}],"pincodes":[{"entityName":"826124","metric":{"type":"TOTAL","count":307,"amount":51877.0}},{"entityName":"828122","metric":{"type":"TOTAL","count":171,"amount":30316.0}},{"entityName":"834001","metric":{"type":"TOTAL","count":115,"amount":19706.0}},{"entityName":"834002","metric":{"type":"TOTAL","count":50,"amount":8237.0}},{"entityName":"827013","metric":{"type":"TOTAL","count":39,"amount":7822.0}},{"entityName":"831001","metric":{"type":"TOTAL","count":37,"amount":7434.0}},{"entityName":"828107","metric":{"type":"TOTAL","count":36,"amount":6726.0}},{"entityName":"834005","metric":{"type":"TOTAL","count":35,"amount":6027.0}},{"entityName":"826001","metric":{"type":"TOTAL","count":34,"amount":7265.0}},{"entityName":"831013","metric":{"type":"TOTAL","count":32,"amount":5775.0}}]},"responseTimestamp":1692610816353}