{"success":true,"code":"SUCCESS","data":{"states":null,"districts":[{"entityName":"dhanbad","metric":{"type":"TOTAL","count":1459,"amount":365170.0}},{"entityName":"ranchi","metric":{"type":"TOTAL","count":1123,"amount":283853.0}},{"entityName":"east singhbhum","metric":{"type":"TOTAL","count":698,"amount":168697.0}},{"entityName":"bokaro","metric":{"type":"TOTAL","count":412,"amount":118920.0}},{"entityName":"hazaribagh","metric":{"type":"TOTAL","count":238,"amount":63439.0}},{"entityName":"ramgarh","metric":{"type":"TOTAL","count":199,"amount":60283.0}},{"entityName":"saraikela kharsawan","metric":{"type":"TOTAL","count":185,"amount":42177.0}},{"entityName":"giridih","metric":{"type":"TOTAL","count":144,"amount":32688.0}},{"entityName":"palamu","metric":{"type":"TOTAL","count":121,"amount":24683.0}},{"entityName":"deoghar","metric":{"type":"TOTAL","count":97,"amount":20112.0}}],"pincodes":[{"entityName":"826124","metric":{"type":"TOTAL","count":378,"amount":89931.0}},{"entityName":"828122","metric":{"type":"TOTAL","count":282,"amount":66524.0}},{"entityName":"834001","metric":{"type":"TOTAL","count":220,"amount":55456.0}},{"entityName":"826001","metric":{"type":"TOTAL","count":191,"amount":48500.0}},{"entityName":"834002","metric":{"type":"TOTAL","count":138,"amount":32254.0}},{"entityName":"834009","metric":{"type":"TOTAL","count":112,"amount":32455.0}},{"entityName":"834005","metric":{"type":"TOTAL","count":94,"amount":20849.0}},{"entityName":"834008","metric":{"type":"TOTAL","count":90,"amount":22174.0}},{"entityName":"831001","metric":{"type":"TOTAL","count":89,"amount":20924.0}},{"entityName":"832108","metric":{"type":"TOTAL","count":73,"amount":15996.0}}]},"responseTimestamp":1692610867772}