{"success":true,"code":"SUCCESS","data":{"states":null,"districts":[{"entityName":"ranchi","metric":{"type":"TOTAL","count":670,"amount":559639.0}},{"entityName":"dhanbad","metric":{"type":"TOTAL","count":553,"amount":360209.0}},{"entityName":"east singhbhum","metric":{"type":"TOTAL","count":426,"amount":349290.0}},{"entityName":"bokaro","metric":{"type":"TOTAL","count":296,"amount":231406.0}},{"entityName":"palamu","metric":{"type":"TOTAL","count":216,"amount":179548.0}},{"entityName":"hazaribagh","metric":{"type":"TOTAL","count":201,"amount":137221.0}},{"entityName":"ramgarh","metric":{"type":"TOTAL","count":172,"amount":123911.0}},{"entityName":"giridih","metric":{"type":"TOTAL","count":138,"amount":92474.0}},{"entityName":"saraikela kharsawan","metric":{"type":"TOTAL","count":133,"amount":103772.0}},{"entityName":"garhwa","metric":{"type":"TOTAL","count":121,"amount":99467.0}}],"pincodes":[{"entityName":"834001","metric":{"type":"TOTAL","count":176,"amount":143529.0}},{"entityName":"826001","metric":{"type":"TOTAL","count":77,"amount":42393.0}},{"entityName":"831001","metric":{"type":"TOTAL","count":59,"amount":33463.0}},{"entityName":"828122","metric":{"type":"TOTAL","count":55,"amount":24151.0}},{"entityName":"827013","metric":{"type":"TOTAL","count":53,"amount":57004.0}},{"entityName":"831012","metric":{"type":"TOTAL","count":50,"amount":36582.0}},{"entityName":"834002","metric":{"type":"TOTAL","count":46,"amount":34930.0}},{"entityName":"825301","metric":{"type":"TOTAL","count":46,"amount":39863.0}},{"entityName":"826124","metric":{"type":"TOTAL","count":45,"amount":18768.0}},{"entityName":"834009","metric":{"type":"TOTAL","count":43,"amount":37917.0}}]},"responseTimestamp":1692610920668}