{"success":true,"code":"SUCCESS","data":{"states":null,"districts":[{"entityName":"ahmadabad","metric":{"type":"TOTAL","count":10018,"amount":1.4364566E7}},{"entityName":"surat","metric":{"type":"TOTAL","count":9277,"amount":1.0645109E7}},{"entityName":"vadodara","metric":{"type":"TOTAL","count":2674,"amount":4324591.0}},{"entityName":"rajkot","metric":{"type":"TOTAL","count":2612,"amount":3794409.0}},{"entityName":"kachchh","metric":{"type":"TOTAL","count":2270,"amount":2841893.0}},{"entityName":"valsad","metric":{"type":"TOTAL","count":2218,"amount":3196463.0}},{"entityName":"bharuch","metric":{"type":"TOTAL","count":2022,"amount":3022124.0}},{"entityName":"gandhinagar","metric":{"type":"TOTAL","count":1991,"amount":3417398.0}},{"entityName":"banas kantha","metric":{"type":"TOTAL","count":1155,"amount":1457558.0}},{"entityName":"mahesana","metric":{"type":"TOTAL","count":1088,"amount":1661780.0}}],"pincodes":[{"entityName":"394210","metric":{"type":"TOTAL","count":948,"amount":948851.0}},{"entityName":"395010","metric":{"type":"TOTAL","count":858,"amount":920109.0}},{"entityName":"395006","metric":{"type":"TOTAL","count":678,"amount":741317.0}},{"entityName":"396191","metric":{"type":"TOTAL","count":668,"amount":900153.0}},{"entityName":"395003","metric":{"type":"TOTAL","count":556,"amount":561440.0}},{"entityName":"394230","metric":{"type":"TOTAL","count":502,"amount":453830.0}},{"entityName":"395007","metric":{"type":"TOTAL","count":491,"amount":634417.0}},{"entityName":"395002","metric":{"type":"TOTAL","count":488,"amount":499075.0}},{"entityName":"394221","metric":{"type":"TOTAL","count":467,"amount":418678.0}},{"entityName":"382415","metric":{"type":"TOTAL","count":464,"amount":599601.0}}]},"responseTimestamp":1714727758325}