{"success":true,"code":"SUCCESS","data":{"states":null,"districts":[{"entityName":"ahmadabad","metric":{"type":"TOTAL","count":10341,"amount":1.5547955E7}},{"entityName":"surat","metric":{"type":"TOTAL","count":9120,"amount":1.1220662E7}},{"entityName":"rajkot","metric":{"type":"TOTAL","count":3116,"amount":4171290.0}},{"entityName":"vadodara","metric":{"type":"TOTAL","count":2706,"amount":4644588.0}},{"entityName":"kachchh","metric":{"type":"TOTAL","count":2146,"amount":2785372.0}},{"entityName":"gandhinagar","metric":{"type":"TOTAL","count":1985,"amount":3217376.0}},{"entityName":"valsad","metric":{"type":"TOTAL","count":1967,"amount":3083166.0}},{"entityName":"bharuch","metric":{"type":"TOTAL","count":1711,"amount":2452287.0}},{"entityName":"bhavnagar","metric":{"type":"TOTAL","count":1110,"amount":1430220.0}},{"entityName":"banas kantha","metric":{"type":"TOTAL","count":1075,"amount":1816483.0}}],"pincodes":[{"entityName":"394210","metric":{"type":"TOTAL","count":969,"amount":1148145.0}},{"entityName":"395010","metric":{"type":"TOTAL","count":829,"amount":1001171.0}},{"entityName":"395006","metric":{"type":"TOTAL","count":769,"amount":861618.0}},{"entityName":"396191","metric":{"type":"TOTAL","count":652,"amount":934430.0}},{"entityName":"382415","metric":{"type":"TOTAL","count":584,"amount":881580.0}},{"entityName":"360004","metric":{"type":"TOTAL","count":523,"amount":688481.0}},{"entityName":"395007","metric":{"type":"TOTAL","count":493,"amount":701580.0}},{"entityName":"382350","metric":{"type":"TOTAL","count":481,"amount":845310.0}},{"entityName":"382481","metric":{"type":"TOTAL","count":478,"amount":877628.0}},{"entityName":"395003","metric":{"type":"TOTAL","count":461,"amount":550802.0}}]},"responseTimestamp":1722517889036}