{"success":true,"code":"SUCCESS","data":{"states":null,"districts":[{"entityName":"ahmedabad","metric":{"type":"TOTAL","count":12184,"amount":1.7553288E7}},{"entityName":"surat","metric":{"type":"TOTAL","count":9244,"amount":1.1486994E7}},{"entityName":"rajkot","metric":{"type":"TOTAL","count":2935,"amount":4371113.0}},{"entityName":"vadodara","metric":{"type":"TOTAL","count":2679,"amount":4369142.0}},{"entityName":"gandhinagar","metric":{"type":"TOTAL","count":2386,"amount":4058142.0}},{"entityName":"kachchh","metric":{"type":"TOTAL","count":2218,"amount":3200203.0}},{"entityName":"valsad","metric":{"type":"TOTAL","count":1905,"amount":2794216.0}},{"entityName":"bharuch","metric":{"type":"TOTAL","count":1768,"amount":2801543.0}},{"entityName":"bhavnagar","metric":{"type":"TOTAL","count":1168,"amount":1635336.0}},{"entityName":"mahesana","metric":{"type":"TOTAL","count":1087,"amount":1969857.0}}],"pincodes":[{"entityName":"394210","metric":{"type":"TOTAL","count":952,"amount":1031350.0}},{"entityName":"395010","metric":{"type":"TOTAL","count":844,"amount":971105.0}},{"entityName":"395006","metric":{"type":"TOTAL","count":711,"amount":852008.0}},{"entityName":"382415","metric":{"type":"TOTAL","count":673,"amount":919818.0}},{"entityName":"382330","metric":{"type":"TOTAL","count":614,"amount":913827.0}},{"entityName":"382445","metric":{"type":"TOTAL","count":541,"amount":740466.0}},{"entityName":"380001","metric":{"type":"TOTAL","count":531,"amount":683726.0}},{"entityName":"395002","metric":{"type":"TOTAL","count":529,"amount":574809.0}},{"entityName":"382350","metric":{"type":"TOTAL","count":528,"amount":772153.0}},{"entityName":"360004","metric":{"type":"TOTAL","count":471,"amount":668172.0}}]},"responseTimestamp":1739974414946}