{"success":true,"code":"SUCCESS","data":{"states":null,"districts":[{"entityName":"ahmedabad","metric":{"type":"TOTAL","count":18268,"amount":2.516509E7}},{"entityName":"surat","metric":{"type":"TOTAL","count":11616,"amount":1.4897974E7}},{"entityName":"rajkot","metric":{"type":"TOTAL","count":3682,"amount":5459568.0}},{"entityName":"vadodara","metric":{"type":"TOTAL","count":3482,"amount":5748869.0}},{"entityName":"gandhinagar","metric":{"type":"TOTAL","count":3082,"amount":5330046.0}},{"entityName":"valsad","metric":{"type":"TOTAL","count":2601,"amount":4056897.0}},{"entityName":"kachchh","metric":{"type":"TOTAL","count":2511,"amount":3190903.0}},{"entityName":"bharuch","metric":{"type":"TOTAL","count":2348,"amount":3655512.0}},{"entityName":"bhavnagar","metric":{"type":"TOTAL","count":1544,"amount":1903033.0}},{"entityName":"mahesana","metric":{"type":"TOTAL","count":1458,"amount":2462736.0}}],"pincodes":[{"entityName":"394210","metric":{"type":"TOTAL","count":1224,"amount":1368815.0}},{"entityName":"395010","metric":{"type":"TOTAL","count":1094,"amount":1385731.0}},{"entityName":"382415","metric":{"type":"TOTAL","count":990,"amount":1369467.0}},{"entityName":"380001","metric":{"type":"TOTAL","count":913,"amount":1093880.0}},{"entityName":"382330","metric":{"type":"TOTAL","count":850,"amount":1439945.0}},{"entityName":"395006","metric":{"type":"TOTAL","count":847,"amount":1081777.0}},{"entityName":"382445","metric":{"type":"TOTAL","count":803,"amount":1076629.0}},{"entityName":"382350","metric":{"type":"TOTAL","count":724,"amount":1080837.0}},{"entityName":"395002","metric":{"type":"TOTAL","count":680,"amount":749953.0}},{"entityName":"396191","metric":{"type":"TOTAL","count":662,"amount":1031965.0}}]},"responseTimestamp":1739974636750}