{"success":true,"code":"SUCCESS","data":{"states":null,"districts":[{"entityName":"south andaman","metric":{"type":"TOTAL","count":1190,"amount":1657627.0}},{"entityName":"north and middle andaman","metric":{"type":"TOTAL","count":125,"amount":229226.0}},{"entityName":"nicobars","metric":{"type":"TOTAL","count":56,"amount":77703.0}}],"pincodes":[{"entityName":"744103","metric":{"type":"TOTAL","count":302,"amount":456306.0}},{"entityName":"744105","metric":{"type":"TOTAL","count":249,"amount":331342.0}},{"entityName":"744101","metric":{"type":"TOTAL","count":223,"amount":287339.0}},{"entityName":"744102","metric":{"type":"TOTAL","count":141,"amount":182213.0}},{"entityName":"744202","metric":{"type":"TOTAL","count":59,"amount":110482.0}},{"entityName":"744104","metric":{"type":"TOTAL","count":59,"amount":84757.0}},{"entityName":"744112","metric":{"type":"TOTAL","count":52,"amount":62867.0}},{"entityName":"744107","metric":{"type":"TOTAL","count":52,"amount":73449.0}},{"entityName":"744207","metric":{"type":"TOTAL","count":40,"amount":62007.0}},{"entityName":"744205","metric":{"type":"TOTAL","count":28,"amount":38204.0}}]},"responseTimestamp":1714727733476}