{"success":true,"code":"SUCCESS","data":{"states":null,"districts":[{"entityName":"south andaman","metric":{"type":"TOTAL","count":974,"amount":1513489.0}},{"entityName":"north and middle andaman","metric":{"type":"TOTAL","count":74,"amount":164686.0}},{"entityName":"nicobars","metric":{"type":"TOTAL","count":49,"amount":66519.0}}],"pincodes":[{"entityName":"744103","metric":{"type":"TOTAL","count":285,"amount":438830.0}},{"entityName":"744105","metric":{"type":"TOTAL","count":199,"amount":276393.0}},{"entityName":"744101","metric":{"type":"TOTAL","count":157,"amount":251503.0}},{"entityName":"744102","metric":{"type":"TOTAL","count":133,"amount":203605.0}},{"entityName":"744112","metric":{"type":"TOTAL","count":49,"amount":77583.0}},{"entityName":"744104","metric":{"type":"TOTAL","count":49,"amount":91213.0}},{"entityName":"744107","metric":{"type":"TOTAL","count":34,"amount":52311.0}},{"entityName":"744202","metric":{"type":"TOTAL","count":28,"amount":41210.0}},{"entityName":"744211","metric":{"type":"TOTAL","count":28,"amount":43685.0}},{"entityName":"744302","metric":{"type":"TOTAL","count":27,"amount":37685.0}}]},"responseTimestamp":1722517859909}