{"success":true,"code":"SUCCESS","data":{"states":null,"districts":[{"entityName":"south andaman","metric":{"type":"TOTAL","count":1044,"amount":1530179.0}},{"entityName":"north and middle andaman","metric":{"type":"TOTAL","count":95,"amount":151791.0}},{"entityName":"nicobar","metric":{"type":"TOTAL","count":51,"amount":68638.0}},{"entityName":"nicobars","metric":{"type":"TOTAL","count":1,"amount":2192.0}}],"pincodes":[{"entityName":"744103","metric":{"type":"TOTAL","count":359,"amount":554559.0}},{"entityName":"744102","metric":{"type":"TOTAL","count":196,"amount":248439.0}},{"entityName":"744105","metric":{"type":"TOTAL","count":151,"amount":221959.0}},{"entityName":"744104","metric":{"type":"TOTAL","count":95,"amount":128652.0}},{"entityName":"744101","metric":{"type":"TOTAL","count":92,"amount":145811.0}},{"entityName":"744106","metric":{"type":"TOTAL","count":54,"amount":84623.0}},{"entityName":"744202","metric":{"type":"TOTAL","count":45,"amount":67769.0}},{"entityName":"744207","metric":{"type":"TOTAL","count":25,"amount":27399.0}},{"entityName":"744302","metric":{"type":"TOTAL","count":24,"amount":28210.0}},{"entityName":"744301","metric":{"type":"TOTAL","count":20,"amount":28067.0}}]},"responseTimestamp":1739974386313}