{"success":true,"code":"SUCCESS","data":{"states":null,"districts":[{"entityName":"south andaman","metric":{"type":"TOTAL","count":1085,"amount":1670015.0}},{"entityName":"north and middle andaman","metric":{"type":"TOTAL","count":131,"amount":219770.0}},{"entityName":"nicobar","metric":{"type":"TOTAL","count":77,"amount":136595.0}}],"pincodes":[{"entityName":"744103","metric":{"type":"TOTAL","count":369,"amount":521509.0}},{"entityName":"744102","metric":{"type":"TOTAL","count":165,"amount":228528.0}},{"entityName":"744105","metric":{"type":"TOTAL","count":161,"amount":268432.0}},{"entityName":"744104","metric":{"type":"TOTAL","count":129,"amount":250205.0}},{"entityName":"744101","metric":{"type":"TOTAL","count":90,"amount":117544.0}},{"entityName":"744202","metric":{"type":"TOTAL","count":65,"amount":107445.0}},{"entityName":"744106","metric":{"type":"TOTAL","count":53,"amount":90277.0}},{"entityName":"744301","metric":{"type":"TOTAL","count":50,"amount":86256.0}},{"entityName":"744107","metric":{"type":"TOTAL","count":26,"amount":55695.0}},{"entityName":"744204","metric":{"type":"TOTAL","count":24,"amount":45960.0}}]},"responseTimestamp":1739974608297}