{"success":true,"code":"SUCCESS","data":{"states":null,"districts":[{"entityName":"visakhapatnam","metric":{"type":"TOTAL","count":9034,"amount":1.2016206E7}},{"entityName":"krishna","metric":{"type":"TOTAL","count":5888,"amount":7907881.0}},{"entityName":"east godavari","metric":{"type":"TOTAL","count":5344,"amount":6899327.0}},{"entityName":"chittoor","metric":{"type":"TOTAL","count":4784,"amount":6901394.0}},{"entityName":"guntur","metric":{"type":"TOTAL","count":4613,"amount":5985992.0}},{"entityName":"spsr nellore","metric":{"type":"TOTAL","count":2931,"amount":3961012.0}},{"entityName":"west godavari","metric":{"type":"TOTAL","count":2808,"amount":4029842.0}},{"entityName":"anantapur","metric":{"type":"TOTAL","count":2194,"amount":3722783.0}},{"entityName":"ysr","metric":{"type":"TOTAL","count":1935,"amount":2972264.0}},{"entityName":"kurnool","metric":{"type":"TOTAL","count":1916,"amount":2727094.0}}],"pincodes":[{"entityName":"530016","metric":{"type":"TOTAL","count":548,"amount":763795.0}},{"entityName":"517507","metric":{"type":"TOTAL","count":531,"amount":915457.0}},{"entityName":"517501","metric":{"type":"TOTAL","count":494,"amount":749467.0}},{"entityName":"520010","metric":{"type":"TOTAL","count":480,"amount":529119.0}},{"entityName":"530026","metric":{"type":"TOTAL","count":466,"amount":524957.0}},{"entityName":"517326","metric":{"type":"TOTAL","count":439,"amount":244562.0}},{"entityName":"520007","metric":{"type":"TOTAL","count":432,"amount":691745.0}},{"entityName":"524002","metric":{"type":"TOTAL","count":428,"amount":666708.0}},{"entityName":"530046","metric":{"type":"TOTAL","count":386,"amount":614874.0}},{"entityName":"520011","metric":{"type":"TOTAL","count":372,"amount":445394.0}}]},"responseTimestamp":1714727724186}