{"success":true,"code":"SUCCESS","data":{"states":null,"districts":[{"entityName":"visakhapatnam","metric":{"type":"TOTAL","count":9077,"amount":1.2170419E7}},{"entityName":"krishna","metric":{"type":"TOTAL","count":5321,"amount":7539878.0}},{"entityName":"east godavari","metric":{"type":"TOTAL","count":4730,"amount":6812370.0}},{"entityName":"guntur","metric":{"type":"TOTAL","count":3946,"amount":6093685.0}},{"entityName":"chittoor","metric":{"type":"TOTAL","count":3925,"amount":6646337.0}},{"entityName":"spsr nellore","metric":{"type":"TOTAL","count":2708,"amount":4456805.0}},{"entityName":"west godavari","metric":{"type":"TOTAL","count":2505,"amount":3448213.0}},{"entityName":"prakasam","metric":{"type":"TOTAL","count":2008,"amount":2858214.0}},{"entityName":"anantapur","metric":{"type":"TOTAL","count":1868,"amount":3445825.0}},{"entityName":"kurnool","metric":{"type":"TOTAL","count":1664,"amount":2836292.0}}],"pincodes":[{"entityName":"530016","metric":{"type":"TOTAL","count":567,"amount":878988.0}},{"entityName":"517507","metric":{"type":"TOTAL","count":515,"amount":883412.0}},{"entityName":"517501","metric":{"type":"TOTAL","count":467,"amount":775196.0}},{"entityName":"530014","metric":{"type":"TOTAL","count":418,"amount":347441.0}},{"entityName":"524002","metric":{"type":"TOTAL","count":412,"amount":646264.0}},{"entityName":"530026","metric":{"type":"TOTAL","count":406,"amount":395729.0}},{"entityName":"520010","metric":{"type":"TOTAL","count":402,"amount":511790.0}},{"entityName":"530046","metric":{"type":"TOTAL","count":376,"amount":611203.0}},{"entityName":"524004","metric":{"type":"TOTAL","count":363,"amount":574695.0}},{"entityName":"520007","metric":{"type":"TOTAL","count":354,"amount":541505.0}}]},"responseTimestamp":1722517848515}