{"success":true,"code":"SUCCESS","data":{"states":null,"districts":[{"entityName":"visakhapatnam","metric":{"type":"TOTAL","count":8553,"amount":1.2088761E7}},{"entityName":"ntr","metric":{"type":"TOTAL","count":4856,"amount":6761184.0}},{"entityName":"guntur","metric":{"type":"TOTAL","count":3703,"amount":5419362.0}},{"entityName":"tirupati","metric":{"type":"TOTAL","count":3517,"amount":5808106.0}},{"entityName":"sri potti sriramulu nellore","metric":{"type":"TOTAL","count":2386,"amount":3626372.0}},{"entityName":"kakinada","metric":{"type":"TOTAL","count":2269,"amount":3477318.0}},{"entityName":"east godavari","metric":{"type":"TOTAL","count":2001,"amount":3116536.0}},{"entityName":"anakapalli","metric":{"type":"TOTAL","count":1792,"amount":2253638.0}},{"entityName":"vizianagaram","metric":{"type":"TOTAL","count":1608,"amount":2223183.0}},{"entityName":"chittoor","metric":{"type":"TOTAL","count":1432,"amount":2748351.0}}],"pincodes":[{"entityName":"517501","metric":{"type":"TOTAL","count":868,"amount":1419641.0}},{"entityName":"520007","metric":{"type":"TOTAL","count":661,"amount":985453.0}},{"entityName":"530016","metric":{"type":"TOTAL","count":628,"amount":845789.0}},{"entityName":"530026","metric":{"type":"TOTAL","count":598,"amount":723683.0}},{"entityName":"520003","metric":{"type":"TOTAL","count":580,"amount":699162.0}},{"entityName":"520010","metric":{"type":"TOTAL","count":570,"amount":767188.0}},{"entityName":"533005","metric":{"type":"TOTAL","count":499,"amount":834104.0}},{"entityName":"524002","metric":{"type":"TOTAL","count":475,"amount":590274.0}},{"entityName":"530046","metric":{"type":"TOTAL","count":452,"amount":675824.0}},{"entityName":"517507","metric":{"type":"TOTAL","count":424,"amount":701647.0}}]},"responseTimestamp":1739974375293}