{"success":true,"code":"SUCCESS","data":{"states":null,"districts":[{"entityName":"visakhapatnam","metric":{"type":"TOTAL","count":9897,"amount":1.3254184E7}},{"entityName":"ntr","metric":{"type":"TOTAL","count":7077,"amount":8504106.0}},{"entityName":"tirupati","metric":{"type":"TOTAL","count":4169,"amount":6081241.0}},{"entityName":"guntur","metric":{"type":"TOTAL","count":4159,"amount":5517638.0}},{"entityName":"sri potti sriramulu nellore","metric":{"type":"TOTAL","count":3193,"amount":4050293.0}},{"entityName":"kakinada","metric":{"type":"TOTAL","count":2905,"amount":3879273.0}},{"entityName":"east godavari","metric":{"type":"TOTAL","count":2499,"amount":3119010.0}},{"entityName":"prakasam","metric":{"type":"TOTAL","count":2499,"amount":2645564.0}},{"entityName":"anakapalli","metric":{"type":"TOTAL","count":2018,"amount":2214934.0}},{"entityName":"vizianagaram","metric":{"type":"TOTAL","count":1926,"amount":1988306.0}}],"pincodes":[{"entityName":"517501","metric":{"type":"TOTAL","count":927,"amount":1356884.0}},{"entityName":"520010","metric":{"type":"TOTAL","count":875,"amount":1098456.0}},{"entityName":"520007","metric":{"type":"TOTAL","count":858,"amount":1109088.0}},{"entityName":"520003","metric":{"type":"TOTAL","count":855,"amount":829766.0}},{"entityName":"530026","metric":{"type":"TOTAL","count":731,"amount":867397.0}},{"entityName":"530016","metric":{"type":"TOTAL","count":712,"amount":880040.0}},{"entityName":"523001","metric":{"type":"TOTAL","count":634,"amount":752920.0}},{"entityName":"524002","metric":{"type":"TOTAL","count":626,"amount":807213.0}},{"entityName":"530046","metric":{"type":"TOTAL","count":556,"amount":794395.0}},{"entityName":"520001","metric":{"type":"TOTAL","count":540,"amount":521557.0}}]},"responseTimestamp":1739974597373}