{"success":true,"code":"SUCCESS","data":{"states":null,"districts":[{"entityName":"ranchi","metric":{"type":"TOTAL","count":2342,"amount":3350440.0}},{"entityName":"east singhbhum","metric":{"type":"TOTAL","count":1582,"amount":1994586.0}},{"entityName":"dhanbad","metric":{"type":"TOTAL","count":1203,"amount":1741406.0}},{"entityName":"bokaro","metric":{"type":"TOTAL","count":809,"amount":1231429.0}},{"entityName":"saraikela kharsawan","metric":{"type":"TOTAL","count":389,"amount":538634.0}},{"entityName":"palamu","metric":{"type":"TOTAL","count":379,"amount":664690.0}},{"entityName":"hazaribagh","metric":{"type":"TOTAL","count":322,"amount":588476.0}},{"entityName":"ramgarh","metric":{"type":"TOTAL","count":299,"amount":447478.0}},{"entityName":"deoghar","metric":{"type":"TOTAL","count":204,"amount":295711.0}},{"entityName":"giridih","metric":{"type":"TOTAL","count":202,"amount":298725.0}}],"pincodes":[{"entityName":"834001","metric":{"type":"TOTAL","count":622,"amount":804617.0}},{"entityName":"826001","metric":{"type":"TOTAL","count":274,"amount":298461.0}},{"entityName":"831001","metric":{"type":"TOTAL","count":273,"amount":307627.0}},{"entityName":"834002","metric":{"type":"TOTAL","count":234,"amount":316256.0}},{"entityName":"827013","metric":{"type":"TOTAL","count":205,"amount":323335.0}},{"entityName":"834008","metric":{"type":"TOTAL","count":170,"amount":262494.0}},{"entityName":"834009","metric":{"type":"TOTAL","count":156,"amount":192138.0}},{"entityName":"832110","metric":{"type":"TOTAL","count":156,"amount":201309.0}},{"entityName":"832108","metric":{"type":"TOTAL","count":151,"amount":211761.0}},{"entityName":"832107","metric":{"type":"TOTAL","count":144,"amount":190932.0}}]},"responseTimestamp":1692611180083}