{"success":true,"code":"SUCCESS","data":{"states":null,"districts":[{"entityName":"ranchi","metric":{"type":"TOTAL","count":2225,"amount":3046609.0}},{"entityName":"east singhbhum","metric":{"type":"TOTAL","count":1708,"amount":2091608.0}},{"entityName":"dhanbad","metric":{"type":"TOTAL","count":1262,"amount":1847695.0}},{"entityName":"bokaro","metric":{"type":"TOTAL","count":943,"amount":1351623.0}},{"entityName":"saraikela kharsawan","metric":{"type":"TOTAL","count":385,"amount":503592.0}},{"entityName":"palamu","metric":{"type":"TOTAL","count":335,"amount":452609.0}},{"entityName":"ramgarh","metric":{"type":"TOTAL","count":328,"amount":524659.0}},{"entityName":"hazaribagh","metric":{"type":"TOTAL","count":320,"amount":467770.0}},{"entityName":"giridih","metric":{"type":"TOTAL","count":287,"amount":459744.0}},{"entityName":"deoghar","metric":{"type":"TOTAL","count":244,"amount":332029.0}}],"pincodes":[{"entityName":"834001","metric":{"type":"TOTAL","count":641,"amount":681631.0}},{"entityName":"826001","metric":{"type":"TOTAL","count":380,"amount":440449.0}},{"entityName":"831001","metric":{"type":"TOTAL","count":342,"amount":396100.0}},{"entityName":"834002","metric":{"type":"TOTAL","count":199,"amount":263774.0}},{"entityName":"827013","metric":{"type":"TOTAL","count":193,"amount":268149.0}},{"entityName":"831012","metric":{"type":"TOTAL","count":160,"amount":171246.0}},{"entityName":"832110","metric":{"type":"TOTAL","count":153,"amount":175793.0}},{"entityName":"834008","metric":{"type":"TOTAL","count":148,"amount":175465.0}},{"entityName":"832108","metric":{"type":"TOTAL","count":146,"amount":169119.0}},{"entityName":"834005","metric":{"type":"TOTAL","count":145,"amount":174665.0}}]},"responseTimestamp":1692611231370}