{"success":true,"code":"SUCCESS","data":{"states":null,"districts":[{"entityName":"ranchi","metric":{"type":"TOTAL","count":3281,"amount":4087473.0}},{"entityName":"east singhbhum","metric":{"type":"TOTAL","count":2570,"amount":2947659.0}},{"entityName":"dhanbad","metric":{"type":"TOTAL","count":2278,"amount":2802748.0}},{"entityName":"bokaro","metric":{"type":"TOTAL","count":1368,"amount":1846969.0}},{"entityName":"saraikela kharsawan","metric":{"type":"TOTAL","count":575,"amount":658243.0}},{"entityName":"palamu","metric":{"type":"TOTAL","count":492,"amount":613354.0}},{"entityName":"ramgarh","metric":{"type":"TOTAL","count":475,"amount":754788.0}},{"entityName":"hazaribagh","metric":{"type":"TOTAL","count":439,"amount":596772.0}},{"entityName":"giridih","metric":{"type":"TOTAL","count":353,"amount":445260.0}},{"entityName":"deoghar","metric":{"type":"TOTAL","count":335,"amount":432550.0}}],"pincodes":[{"entityName":"834001","metric":{"type":"TOTAL","count":952,"amount":1088439.0}},{"entityName":"826001","metric":{"type":"TOTAL","count":656,"amount":658189.0}},{"entityName":"831001","metric":{"type":"TOTAL","count":498,"amount":539091.0}},{"entityName":"834002","metric":{"type":"TOTAL","count":330,"amount":317605.0}},{"entityName":"827013","metric":{"type":"TOTAL","count":287,"amount":353078.0}},{"entityName":"835302","metric":{"type":"TOTAL","count":261,"amount":168152.0}},{"entityName":"831012","metric":{"type":"TOTAL","count":251,"amount":275031.0}},{"entityName":"834008","metric":{"type":"TOTAL","count":248,"amount":336346.0}},{"entityName":"832110","metric":{"type":"TOTAL","count":234,"amount":286643.0}},{"entityName":"832108","metric":{"type":"TOTAL","count":233,"amount":240619.0}}]},"responseTimestamp":1692611282951}