{"success":true,"code":"SUCCESS","data":{"states":null,"districts":[{"entityName":"ranchi","metric":{"type":"TOTAL","count":3465,"amount":4954150.0}},{"entityName":"east singhbhum","metric":{"type":"TOTAL","count":2922,"amount":3742763.0}},{"entityName":"dhanbad","metric":{"type":"TOTAL","count":2647,"amount":3394523.0}},{"entityName":"bokaro","metric":{"type":"TOTAL","count":1438,"amount":2196150.0}},{"entityName":"palamu","metric":{"type":"TOTAL","count":836,"amount":1119095.0}},{"entityName":"saraikela kharsawan","metric":{"type":"TOTAL","count":821,"amount":1001690.0}},{"entityName":"ramgarh","metric":{"type":"TOTAL","count":508,"amount":731301.0}},{"entityName":"hazaribagh","metric":{"type":"TOTAL","count":489,"amount":820023.0}},{"entityName":"deoghar","metric":{"type":"TOTAL","count":446,"amount":699994.0}},{"entityName":"giridih","metric":{"type":"TOTAL","count":411,"amount":577270.0}}],"pincodes":[{"entityName":"834001","metric":{"type":"TOTAL","count":901,"amount":1096797.0}},{"entityName":"826001","metric":{"type":"TOTAL","count":675,"amount":746059.0}},{"entityName":"831001","metric":{"type":"TOTAL","count":502,"amount":642026.0}},{"entityName":"832108","metric":{"type":"TOTAL","count":363,"amount":434287.0}},{"entityName":"834002","metric":{"type":"TOTAL","count":361,"amount":505664.0}},{"entityName":"827013","metric":{"type":"TOTAL","count":316,"amount":501959.0}},{"entityName":"832110","metric":{"type":"TOTAL","count":302,"amount":330958.0}},{"entityName":"831012","metric":{"type":"TOTAL","count":282,"amount":299313.0}},{"entityName":"834008","metric":{"type":"TOTAL","count":275,"amount":437708.0}},{"entityName":"832107","metric":{"type":"TOTAL","count":273,"amount":401631.0}}]},"responseTimestamp":1692611334887}