{"success":true,"code":"SUCCESS","data":{"states":null,"districts":[{"entityName":"dimapur","metric":{"type":"TOTAL","count":137,"amount":296222.0}},{"entityName":"kohima","metric":{"type":"TOTAL","count":50,"amount":99600.0}},{"entityName":"wokha","metric":{"type":"TOTAL","count":19,"amount":24158.0}},{"entityName":"mokokchung","metric":{"type":"TOTAL","count":10,"amount":18633.0}},{"entityName":"mon","metric":{"type":"TOTAL","count":8,"amount":54277.0}},{"entityName":"peren","metric":{"type":"TOTAL","count":6,"amount":11251.0}},{"entityName":"phek","metric":{"type":"TOTAL","count":5,"amount":1771.0}},{"entityName":"zunheboto","metric":{"type":"TOTAL","count":4,"amount":12464.0}},{"entityName":"tuensang","metric":{"type":"TOTAL","count":2,"amount":8929.0}},{"entityName":"kiphire","metric":{"type":"TOTAL","count":1,"amount":1918.0}}],"pincodes":[{"entityName":"797112","metric":{"type":"TOTAL","count":71,"amount":118361.0}},{"entityName":"797001","metric":{"type":"TOTAL","count":32,"amount":64434.0}},{"entityName":"797099","metric":{"type":"TOTAL","count":18,"amount":24059.0}},{"entityName":"797113","metric":{"type":"TOTAL","count":16,"amount":44079.0}},{"entityName":"797117","metric":{"type":"TOTAL","count":15,"amount":29720.0}},{"entityName":"797103","metric":{"type":"TOTAL","count":11,"amount":21184.0}},{"entityName":"797120","metric":{"type":"TOTAL","count":11,"amount":21181.0}},{"entityName":"797115","metric":{"type":"TOTAL","count":10,"amount":19209.0}},{"entityName":"798621","metric":{"type":"TOTAL","count":7,"amount":48789.0}},{"entityName":"798623","metric":{"type":"TOTAL","count":6,"amount":6275.0}}]},"responseTimestamp":1692611194773}