{"success":true,"code":"SUCCESS","data":{"states":null,"districts":[{"entityName":"dimapur","metric":{"type":"TOTAL","count":104,"amount":204434.0}},{"entityName":"kohima","metric":{"type":"TOTAL","count":42,"amount":92317.0}},{"entityName":"mokokchung","metric":{"type":"TOTAL","count":11,"amount":32149.0}},{"entityName":"wokha","metric":{"type":"TOTAL","count":7,"amount":14423.0}},{"entityName":"mon","metric":{"type":"TOTAL","count":7,"amount":5614.0}},{"entityName":"phek","metric":{"type":"TOTAL","count":5,"amount":3985.0}},{"entityName":"peren","metric":{"type":"TOTAL","count":4,"amount":13035.0}},{"entityName":"zunheboto","metric":{"type":"TOTAL","count":3,"amount":7318.0}},{"entityName":"kiphire","metric":{"type":"TOTAL","count":2,"amount":7547.0}},{"entityName":"tuensang","metric":{"type":"TOTAL","count":1,"amount":56.0}}],"pincodes":[{"entityName":"797112","metric":{"type":"TOTAL","count":46,"amount":89303.0}},{"entityName":"797001","metric":{"type":"TOTAL","count":30,"amount":76056.0}},{"entityName":"797115","metric":{"type":"TOTAL","count":18,"amount":53682.0}},{"entityName":"797113","metric":{"type":"TOTAL","count":16,"amount":23597.0}},{"entityName":"797117","metric":{"type":"TOTAL","count":8,"amount":4161.0}},{"entityName":"797116","metric":{"type":"TOTAL","count":8,"amount":12462.0}},{"entityName":"797120","metric":{"type":"TOTAL","count":7,"amount":8685.0}},{"entityName":"797103","metric":{"type":"TOTAL","count":5,"amount":14819.0}},{"entityName":"798601","metric":{"type":"TOTAL","count":5,"amount":8828.0}},{"entityName":"798621","metric":{"type":"TOTAL","count":4,"amount":2111.0}}]},"responseTimestamp":1692611246102}