{"success":true,"code":"SUCCESS","data":{"states":null,"districts":[{"entityName":"dimapur","metric":{"type":"TOTAL","count":140,"amount":278631.0}},{"entityName":"kohima","metric":{"type":"TOTAL","count":21,"amount":31879.0}},{"entityName":"mokokchung","metric":{"type":"TOTAL","count":15,"amount":35162.0}},{"entityName":"mon","metric":{"type":"TOTAL","count":13,"amount":28116.0}},{"entityName":"wokha","metric":{"type":"TOTAL","count":8,"amount":15623.0}},{"entityName":"tuensang","metric":{"type":"TOTAL","count":4,"amount":23576.0}},{"entityName":"kiphire","metric":{"type":"TOTAL","count":3,"amount":13696.0}},{"entityName":"peren","metric":{"type":"TOTAL","count":2,"amount":3620.0}},{"entityName":"phek","metric":{"type":"TOTAL","count":2,"amount":8023.0}},{"entityName":"longleng","metric":{"type":"TOTAL","count":1,"amount":56.0}}],"pincodes":[{"entityName":"797112","metric":{"type":"TOTAL","count":66,"amount":98674.0}},{"entityName":"797103","metric":{"type":"TOTAL","count":17,"amount":69077.0}},{"entityName":"797117","metric":{"type":"TOTAL","count":14,"amount":17549.0}},{"entityName":"797118","metric":{"type":"TOTAL","count":13,"amount":14497.0}},{"entityName":"797115","metric":{"type":"TOTAL","count":11,"amount":37016.0}},{"entityName":"797116","metric":{"type":"TOTAL","count":9,"amount":27011.0}},{"entityName":"798623","metric":{"type":"TOTAL","count":7,"amount":19631.0}},{"entityName":"798621","metric":{"type":"TOTAL","count":7,"amount":20967.0}},{"entityName":"797001","metric":{"type":"TOTAL","count":7,"amount":9754.0}},{"entityName":"797106","metric":{"type":"TOTAL","count":6,"amount":6105.0}}]},"responseTimestamp":1692611297888}