{"success":true,"code":"SUCCESS","data":{"states":null,"districts":[{"entityName":"dimapur","metric":{"type":"TOTAL","count":254,"amount":442630.0}},{"entityName":"mokokchung","metric":{"type":"TOTAL","count":33,"amount":63375.0}},{"entityName":"kohima","metric":{"type":"TOTAL","count":27,"amount":61776.0}},{"entityName":"mon","metric":{"type":"TOTAL","count":15,"amount":56474.0}},{"entityName":"phek","metric":{"type":"TOTAL","count":8,"amount":19673.0}},{"entityName":"wokha","metric":{"type":"TOTAL","count":8,"amount":10913.0}},{"entityName":"zunheboto","metric":{"type":"TOTAL","count":7,"amount":5899.0}},{"entityName":"tuensang","metric":{"type":"TOTAL","count":6,"amount":13464.0}},{"entityName":"peren","metric":{"type":"TOTAL","count":5,"amount":12028.0}},{"entityName":"longleng","metric":{"type":"TOTAL","count":2,"amount":14520.0}}],"pincodes":[{"entityName":"797112","metric":{"type":"TOTAL","count":111,"amount":160079.0}},{"entityName":"797103","metric":{"type":"TOTAL","count":42,"amount":81436.0}},{"entityName":"797115","metric":{"type":"TOTAL","count":26,"amount":66009.0}},{"entityName":"798601","metric":{"type":"TOTAL","count":23,"amount":29550.0}},{"entityName":"797113","metric":{"type":"TOTAL","count":20,"amount":28277.0}},{"entityName":"797116","metric":{"type":"TOTAL","count":19,"amount":51345.0}},{"entityName":"797117","metric":{"type":"TOTAL","count":18,"amount":17793.0}},{"entityName":"797118","metric":{"type":"TOTAL","count":12,"amount":10934.0}},{"entityName":"797001","metric":{"type":"TOTAL","count":10,"amount":17207.0}},{"entityName":"798622","metric":{"type":"TOTAL","count":6,"amount":22550.0}}]},"responseTimestamp":1692611349834}