{"success":true,"code":"SUCCESS","data":{"states":null,"districts":[{"entityName":"bengaluru urban","metric":{"type":"TOTAL","count":21606,"amount":1.7636524E7}},{"entityName":"mysuru","metric":{"type":"TOTAL","count":1473,"amount":1099863.0}},{"entityName":"belagavi","metric":{"type":"TOTAL","count":1459,"amount":1055645.0}},{"entityName":"bengaluru rural","metric":{"type":"TOTAL","count":952,"amount":808005.0}},{"entityName":"dharwad","metric":{"type":"TOTAL","count":926,"amount":653411.0}},{"entityName":"tumakuru","metric":{"type":"TOTAL","count":921,"amount":782869.0}},{"entityName":"ballari","metric":{"type":"TOTAL","count":919,"amount":731673.0}},{"entityName":"dakshina kannada","metric":{"type":"TOTAL","count":680,"amount":560199.0}},{"entityName":"kalaburagi","metric":{"type":"TOTAL","count":665,"amount":465871.0}},{"entityName":"vijayapura","metric":{"type":"TOTAL","count":656,"amount":524451.0}}],"pincodes":[{"entityName":"560068","metric":{"type":"TOTAL","count":870,"amount":614123.0}},{"entityName":"560043","metric":{"type":"TOTAL","count":682,"amount":549677.0}},{"entityName":"560078","metric":{"type":"TOTAL","count":658,"amount":521459.0}},{"entityName":"560091","metric":{"type":"TOTAL","count":648,"amount":492850.0}},{"entityName":"560076","metric":{"type":"TOTAL","count":616,"amount":516089.0}},{"entityName":"560079","metric":{"type":"TOTAL","count":604,"amount":504737.0}},{"entityName":"560058","metric":{"type":"TOTAL","count":594,"amount":413435.0}},{"entityName":"560037","metric":{"type":"TOTAL","count":530,"amount":467727.0}},{"entityName":"560100","metric":{"type":"TOTAL","count":457,"amount":370259.0}},{"entityName":"560022","metric":{"type":"TOTAL","count":430,"amount":288082.0}}]},"responseTimestamp":1692610979945}