{"success":true,"code":"SUCCESS","data":{"states":null,"districts":[{"entityName":"bengaluru urban","metric":{"type":"TOTAL","count":21918,"amount":1.9572756E7}},{"entityName":"mysuru","metric":{"type":"TOTAL","count":1625,"amount":1609768.0}},{"entityName":"belagavi","metric":{"type":"TOTAL","count":1427,"amount":1253310.0}},{"entityName":"dharwad","metric":{"type":"TOTAL","count":1266,"amount":1334979.0}},{"entityName":"ballari","metric":{"type":"TOTAL","count":1133,"amount":1013072.0}},{"entityName":"tumakuru","metric":{"type":"TOTAL","count":1096,"amount":1102268.0}},{"entityName":"bengaluru rural","metric":{"type":"TOTAL","count":989,"amount":1099031.0}},{"entityName":"dakshina kannada","metric":{"type":"TOTAL","count":843,"amount":1051575.0}},{"entityName":"shivamogga","metric":{"type":"TOTAL","count":833,"amount":920816.0}},{"entityName":"kalaburagi","metric":{"type":"TOTAL","count":757,"amount":778234.0}}],"pincodes":[{"entityName":"560068","metric":{"type":"TOTAL","count":982,"amount":719927.0}},{"entityName":"560076","metric":{"type":"TOTAL","count":719,"amount":556220.0}},{"entityName":"560058","metric":{"type":"TOTAL","count":658,"amount":556256.0}},{"entityName":"560078","metric":{"type":"TOTAL","count":652,"amount":519156.0}},{"entityName":"560091","metric":{"type":"TOTAL","count":633,"amount":611281.0}},{"entityName":"560043","metric":{"type":"TOTAL","count":594,"amount":616422.0}},{"entityName":"560100","metric":{"type":"TOTAL","count":554,"amount":447886.0}},{"entityName":"560079","metric":{"type":"TOTAL","count":545,"amount":451693.0}},{"entityName":"560037","metric":{"type":"TOTAL","count":505,"amount":392580.0}},{"entityName":"560064","metric":{"type":"TOTAL","count":500,"amount":607631.0}}]},"responseTimestamp":1692611032022}