{"success":true,"code":"SUCCESS","data":{"states":null,"districts":[{"entityName":"bengaluru urban","metric":{"type":"TOTAL","count":27498,"amount":2.6210017E7}},{"entityName":"mysuru","metric":{"type":"TOTAL","count":1875,"amount":1959596.0}},{"entityName":"belagavi","metric":{"type":"TOTAL","count":1276,"amount":1203412.0}},{"entityName":"tumakuru","metric":{"type":"TOTAL","count":1275,"amount":1366567.0}},{"entityName":"ballari","metric":{"type":"TOTAL","count":1188,"amount":1290594.0}},{"entityName":"dharwad","metric":{"type":"TOTAL","count":1167,"amount":1189951.0}},{"entityName":"bengaluru rural","metric":{"type":"TOTAL","count":1092,"amount":1361844.0}},{"entityName":"dakshina kannada","metric":{"type":"TOTAL","count":1065,"amount":1124855.0}},{"entityName":"davanagere","metric":{"type":"TOTAL","count":830,"amount":908303.0}},{"entityName":"ramanagara","metric":{"type":"TOTAL","count":821,"amount":765577.0}}],"pincodes":[{"entityName":"560068","metric":{"type":"TOTAL","count":1126,"amount":984821.0}},{"entityName":"560058","metric":{"type":"TOTAL","count":841,"amount":725815.0}},{"entityName":"560043","metric":{"type":"TOTAL","count":800,"amount":743863.0}},{"entityName":"560078","metric":{"type":"TOTAL","count":796,"amount":722799.0}},{"entityName":"560076","metric":{"type":"TOTAL","count":765,"amount":680106.0}},{"entityName":"560091","metric":{"type":"TOTAL","count":717,"amount":651503.0}},{"entityName":"560079","metric":{"type":"TOTAL","count":704,"amount":595262.0}},{"entityName":"560037","metric":{"type":"TOTAL","count":657,"amount":683242.0}},{"entityName":"560100","metric":{"type":"TOTAL","count":594,"amount":576401.0}},{"entityName":"560064","metric":{"type":"TOTAL","count":584,"amount":619637.0}}]},"responseTimestamp":1692611083867}