{"success":true,"code":"SUCCESS","data":{"states":null,"districts":[{"entityName":"bengaluru urban","metric":{"type":"TOTAL","count":44650,"amount":5.0064816E7}},{"entityName":"mysuru","metric":{"type":"TOTAL","count":2999,"amount":4025182.0}},{"entityName":"belagavi","metric":{"type":"TOTAL","count":2268,"amount":2994132.0}},{"entityName":"dharwad","metric":{"type":"TOTAL","count":1998,"amount":2448037.0}},{"entityName":"dakshina kannada","metric":{"type":"TOTAL","count":1760,"amount":2383587.0}},{"entityName":"ballari","metric":{"type":"TOTAL","count":1705,"amount":2348052.0}},{"entityName":"bengaluru rural","metric":{"type":"TOTAL","count":1664,"amount":2301115.0}},{"entityName":"tumakuru","metric":{"type":"TOTAL","count":1540,"amount":2107437.0}},{"entityName":"kalaburagi","metric":{"type":"TOTAL","count":1364,"amount":1791618.0}},{"entityName":"shivamogga","metric":{"type":"TOTAL","count":1243,"amount":1666023.0}}],"pincodes":[{"entityName":"560068","metric":{"type":"TOTAL","count":1839,"amount":1905289.0}},{"entityName":"560078","metric":{"type":"TOTAL","count":1372,"amount":1472700.0}},{"entityName":"560076","metric":{"type":"TOTAL","count":1308,"amount":1508537.0}},{"entityName":"560043","metric":{"type":"TOTAL","count":1285,"amount":1483440.0}},{"entityName":"560058","metric":{"type":"TOTAL","count":1237,"amount":1231686.0}},{"entityName":"560091","metric":{"type":"TOTAL","count":1201,"amount":1265605.0}},{"entityName":"560079","metric":{"type":"TOTAL","count":1078,"amount":1196851.0}},{"entityName":"560037","metric":{"type":"TOTAL","count":1077,"amount":1261421.0}},{"entityName":"560064","metric":{"type":"TOTAL","count":906,"amount":1063872.0}},{"entityName":"560100","metric":{"type":"TOTAL","count":881,"amount":1001416.0}}]},"responseTimestamp":1692611135259}