{"success":true,"code":"SUCCESS","data":{"states":null,"districts":[{"entityName":"indore","metric":{"type":"TOTAL","count":1839,"amount":307509.0}},{"entityName":"bhopal","metric":{"type":"TOTAL","count":1085,"amount":192080.0}},{"entityName":"jabalpur","metric":{"type":"TOTAL","count":326,"amount":60929.0}},{"entityName":"gwalior","metric":{"type":"TOTAL","count":243,"amount":46280.0}},{"entityName":"ujjain","metric":{"type":"TOTAL","count":178,"amount":35526.0}},{"entityName":"dewas","metric":{"type":"TOTAL","count":155,"amount":32391.0}},{"entityName":"dhar","metric":{"type":"TOTAL","count":131,"amount":28292.0}},{"entityName":"sagar","metric":{"type":"TOTAL","count":131,"amount":28964.0}},{"entityName":"khargone","metric":{"type":"TOTAL","count":124,"amount":26301.0}},{"entityName":"betul","metric":{"type":"TOTAL","count":115,"amount":22406.0}}],"pincodes":[{"entityName":"452010","metric":{"type":"TOTAL","count":307,"amount":49500.0}},{"entityName":"452016","metric":{"type":"TOTAL","count":194,"amount":33757.0}},{"entityName":"452009","metric":{"type":"TOTAL","count":138,"amount":22215.0}},{"entityName":"482002","metric":{"type":"TOTAL","count":138,"amount":23754.0}},{"entityName":"452003","metric":{"type":"TOTAL","count":136,"amount":21513.0}},{"entityName":"462042","metric":{"type":"TOTAL","count":133,"amount":22810.0}},{"entityName":"452001","metric":{"type":"TOTAL","count":112,"amount":18692.0}},{"entityName":"455001","metric":{"type":"TOTAL","count":106,"amount":21365.0}},{"entityName":"462016","metric":{"type":"TOTAL","count":103,"amount":17755.0}},{"entityName":"462022","metric":{"type":"TOTAL","count":101,"amount":18478.0}}]},"responseTimestamp":1692610795360}