{"success":true,"code":"SUCCESS","data":{"states":null,"districts":[{"entityName":"indore","metric":{"type":"TOTAL","count":2651,"amount":650508.0}},{"entityName":"bhopal","metric":{"type":"TOTAL","count":1645,"amount":396267.0}},{"entityName":"jabalpur","metric":{"type":"TOTAL","count":849,"amount":232913.0}},{"entityName":"gwalior","metric":{"type":"TOTAL","count":786,"amount":197464.0}},{"entityName":"dewas","metric":{"type":"TOTAL","count":519,"amount":173166.0}},{"entityName":"dhar","metric":{"type":"TOTAL","count":466,"amount":102051.0}},{"entityName":"ujjain","metric":{"type":"TOTAL","count":435,"amount":99084.0}},{"entityName":"sagar","metric":{"type":"TOTAL","count":362,"amount":93543.0}},{"entityName":"chhindwara","metric":{"type":"TOTAL","count":329,"amount":83081.0}},{"entityName":"rewa","metric":{"type":"TOTAL","count":319,"amount":78774.0}}],"pincodes":[{"entityName":"455001","metric":{"type":"TOTAL","count":353,"amount":125258.0}},{"entityName":"452010","metric":{"type":"TOTAL","count":313,"amount":83167.0}},{"entityName":"482002","metric":{"type":"TOTAL","count":310,"amount":86008.0}},{"entityName":"452001","metric":{"type":"TOTAL","count":241,"amount":55376.0}},{"entityName":"452016","metric":{"type":"TOTAL","count":217,"amount":63111.0}},{"entityName":"452003","metric":{"type":"TOTAL","count":214,"amount":45704.0}},{"entityName":"452009","metric":{"type":"TOTAL","count":192,"amount":41887.0}},{"entityName":"482001","metric":{"type":"TOTAL","count":188,"amount":53790.0}},{"entityName":"456010","metric":{"type":"TOTAL","count":150,"amount":37486.0}},{"entityName":"457001","metric":{"type":"TOTAL","count":149,"amount":27856.0}}]},"responseTimestamp":1692610846806}