{"success":true,"code":"SUCCESS","data":{"states":null,"districts":[{"entityName":"indore","metric":{"type":"TOTAL","count":1712,"amount":912031.0}},{"entityName":"bhopal","metric":{"type":"TOTAL","count":1097,"amount":587203.0}},{"entityName":"gwalior","metric":{"type":"TOTAL","count":477,"amount":314023.0}},{"entityName":"jabalpur","metric":{"type":"TOTAL","count":455,"amount":263094.0}},{"entityName":"ujjain","metric":{"type":"TOTAL","count":397,"amount":170342.0}},{"entityName":"dhar","metric":{"type":"TOTAL","count":359,"amount":123734.0}},{"entityName":"chhindwara","metric":{"type":"TOTAL","count":304,"amount":115853.0}},{"entityName":"satna","metric":{"type":"TOTAL","count":284,"amount":149067.0}},{"entityName":"dewas","metric":{"type":"TOTAL","count":282,"amount":115156.0}},{"entityName":"betul","metric":{"type":"TOTAL","count":267,"amount":96761.0}}],"pincodes":[{"entityName":"452010","metric":{"type":"TOTAL","count":196,"amount":150894.0}},{"entityName":"455001","metric":{"type":"TOTAL","count":157,"amount":71794.0}},{"entityName":"452003","metric":{"type":"TOTAL","count":156,"amount":86077.0}},{"entityName":"452001","metric":{"type":"TOTAL","count":144,"amount":50408.0}},{"entityName":"456010","metric":{"type":"TOTAL","count":133,"amount":55661.0}},{"entityName":"482002","metric":{"type":"TOTAL","count":124,"amount":61819.0}},{"entityName":"452016","metric":{"type":"TOTAL","count":117,"amount":60180.0}},{"entityName":"482001","metric":{"type":"TOTAL","count":109,"amount":75771.0}},{"entityName":"480001","metric":{"type":"TOTAL","count":108,"amount":39012.0}},{"entityName":"452009","metric":{"type":"TOTAL","count":107,"amount":49284.0}}]},"responseTimestamp":1692610899971}