{"success":true,"code":"SUCCESS","data":{"states":null,"districts":[{"entityName":"leh ladakh","metric":{"type":"TOTAL","count":226,"amount":479065.0}},{"entityName":"kargil","metric":{"type":"TOTAL","count":65,"amount":135370.0}}],"pincodes":[{"entityName":"194104","metric":{"type":"TOTAL","count":68,"amount":107838.0}},{"entityName":"194101","metric":{"type":"TOTAL","count":49,"amount":111874.0}},{"entityName":"194201","metric":{"type":"TOTAL","count":42,"amount":95211.0}},{"entityName":"194401","metric":{"type":"TOTAL","count":25,"amount":59496.0}},{"entityName":"194107","metric":{"type":"TOTAL","count":22,"amount":59815.0}},{"entityName":"194105","metric":{"type":"TOTAL","count":20,"amount":50166.0}},{"entityName":"194103","metric":{"type":"TOTAL","count":16,"amount":45153.0}},{"entityName":"194703","metric":{"type":"TOTAL","count":12,"amount":15415.0}},{"entityName":"194404","metric":{"type":"TOTAL","count":12,"amount":32572.0}},{"entityName":"194102","metric":{"type":"TOTAL","count":11,"amount":17199.0}}]},"responseTimestamp":1714727740405}