{"success":true,"code":"SUCCESS","data":{"states":null,"districts":[{"entityName":"leh ladakh","metric":{"type":"TOTAL","count":316,"amount":660830.0}},{"entityName":"kargil","metric":{"type":"TOTAL","count":99,"amount":303519.0}}],"pincodes":[{"entityName":"194104","metric":{"type":"TOTAL","count":86,"amount":181186.0}},{"entityName":"194101","metric":{"type":"TOTAL","count":84,"amount":198993.0}},{"entityName":"194201","metric":{"type":"TOTAL","count":49,"amount":109629.0}},{"entityName":"194103","metric":{"type":"TOTAL","count":39,"amount":122699.0}},{"entityName":"194401","metric":{"type":"TOTAL","count":35,"amount":60363.0}},{"entityName":"194404","metric":{"type":"TOTAL","count":29,"amount":49555.0}},{"entityName":"194102","metric":{"type":"TOTAL","count":20,"amount":76933.0}},{"entityName":"194105","metric":{"type":"TOTAL","count":19,"amount":57911.0}},{"entityName":"194107","metric":{"type":"TOTAL","count":15,"amount":25706.0}},{"entityName":"194106","metric":{"type":"TOTAL","count":12,"amount":17805.0}}]},"responseTimestamp":1722517867722}