{"success":true,"code":"SUCCESS","data":{"states":null,"districts":[{"entityName":"leh ladakh","metric":{"type":"TOTAL","count":355,"amount":744927.0}},{"entityName":"kargil","metric":{"type":"TOTAL","count":91,"amount":233710.0}}],"pincodes":[{"entityName":"194101","metric":{"type":"TOTAL","count":104,"amount":263354.0}},{"entityName":"194104","metric":{"type":"TOTAL","count":79,"amount":158932.0}},{"entityName":"194201","metric":{"type":"TOTAL","count":48,"amount":64198.0}},{"entityName":"194401","metric":{"type":"TOTAL","count":47,"amount":80110.0}},{"entityName":"194404","metric":{"type":"TOTAL","count":39,"amount":103229.0}},{"entityName":"194103","metric":{"type":"TOTAL","count":32,"amount":70630.0}},{"entityName":"194107","metric":{"type":"TOTAL","count":26,"amount":35449.0}},{"entityName":"194102","metric":{"type":"TOTAL","count":21,"amount":72321.0}},{"entityName":"194703","metric":{"type":"TOTAL","count":17,"amount":47687.0}},{"entityName":"194105","metric":{"type":"TOTAL","count":10,"amount":25018.0}}]},"responseTimestamp":1739974394118}