{"success":true,"code":"SUCCESS","data":{"states":null,"districts":[{"entityName":"leh ladakh","metric":{"type":"TOTAL","count":335,"amount":739889.0}},{"entityName":"kargil","metric":{"type":"TOTAL","count":94,"amount":230445.0}}],"pincodes":[{"entityName":"194101","metric":{"type":"TOTAL","count":98,"amount":190063.0}},{"entityName":"194104","metric":{"type":"TOTAL","count":80,"amount":224345.0}},{"entityName":"194401","metric":{"type":"TOTAL","count":48,"amount":99684.0}},{"entityName":"194201","metric":{"type":"TOTAL","count":43,"amount":94401.0}},{"entityName":"194103","metric":{"type":"TOTAL","count":40,"amount":99928.0}},{"entityName":"194404","metric":{"type":"TOTAL","count":32,"amount":64369.0}},{"entityName":"194107","metric":{"type":"TOTAL","count":20,"amount":39766.0}},{"entityName":"194102","metric":{"type":"TOTAL","count":13,"amount":16677.0}},{"entityName":"194105","metric":{"type":"TOTAL","count":12,"amount":34066.0}},{"entityName":"194109","metric":{"type":"TOTAL","count":11,"amount":41878.0}}]},"responseTimestamp":1739974616128}