{"success":true,"code":"SUCCESS","data":{"states":null,"districts":[{"entityName":"dadra and nagar haveli","metric":{"type":"TOTAL","count":873,"amount":1200123.0}},{"entityName":"daman","metric":{"type":"TOTAL","count":417,"amount":686036.0}},{"entityName":"diu","metric":{"type":"TOTAL","count":5,"amount":22350.0}}],"pincodes":[{"entityName":"396230","metric":{"type":"TOTAL","count":645,"amount":931337.0}},{"entityName":"396210","metric":{"type":"TOTAL","count":279,"amount":466913.0}},{"entityName":"396235","metric":{"type":"TOTAL","count":228,"amount":268786.0}},{"entityName":"396215","metric":{"type":"TOTAL","count":137,"amount":217688.0}},{"entityName":"362520","metric":{"type":"TOTAL","count":4,"amount":20977.0}},{"entityName":"396220","metric":{"type":"TOTAL","count":1,"amount":1435.0}},{"entityName":"362540","metric":{"type":"TOTAL","count":1,"amount":1373.0}}]},"responseTimestamp":1714727732226}