{"success":true,"code":"SUCCESS","data":{"states":null,"districts":[{"entityName":"dadra and nagar haveli","metric":{"type":"TOTAL","count":640,"amount":869291.0}},{"entityName":"daman","metric":{"type":"TOTAL","count":344,"amount":461012.0}},{"entityName":"diu","metric":{"type":"TOTAL","count":24,"amount":36956.0}}],"pincodes":[{"entityName":"396230","metric":{"type":"TOTAL","count":468,"amount":656845.0}},{"entityName":"396210","metric":{"type":"TOTAL","count":216,"amount":325197.0}},{"entityName":"396235","metric":{"type":"TOTAL","count":172,"amount":212446.0}},{"entityName":"396215","metric":{"type":"TOTAL","count":128,"amount":135815.0}},{"entityName":"362520","metric":{"type":"TOTAL","count":16,"amount":29753.0}},{"entityName":"362540","metric":{"type":"TOTAL","count":4,"amount":2326.0}},{"entityName":"362571","metric":{"type":"TOTAL","count":3,"amount":3812.0}},{"entityName":"362570","metric":{"type":"TOTAL","count":1,"amount":1065.0}}]},"responseTimestamp":1722517858065}