{"success":true,"code":"SUCCESS","data":{"states":null,"districts":[{"entityName":"dadra and nagar haveli","metric":{"type":"TOTAL","count":689,"amount":926765.0}},{"entityName":"daman","metric":{"type":"TOTAL","count":341,"amount":611393.0}},{"entityName":"diu","metric":{"type":"TOTAL","count":22,"amount":64711.0}}],"pincodes":[{"entityName":"396230","metric":{"type":"TOTAL","count":424,"amount":606048.0}},{"entityName":"396210","metric":{"type":"TOTAL","count":195,"amount":377552.0}},{"entityName":"396215","metric":{"type":"TOTAL","count":142,"amount":216196.0}},{"entityName":"396235","metric":{"type":"TOTAL","count":105,"amount":117988.0}},{"entityName":"396193","metric":{"type":"TOTAL","count":100,"amount":130765.0}},{"entityName":"396240","metric":{"type":"TOTAL","count":60,"amount":71964.0}},{"entityName":"362520","metric":{"type":"TOTAL","count":11,"amount":26986.0}},{"entityName":"362570","metric":{"type":"TOTAL","count":10,"amount":35415.0}},{"entityName":"396220","metric":{"type":"TOTAL","count":4,"amount":17645.0}},{"entityName":"362540","metric":{"type":"TOTAL","count":1,"amount":2310.0}}]},"responseTimestamp":1739974384656}