{"success":true,"code":"SUCCESS","data":{"states":null,"districts":[{"entityName":"dadra and nagar haveli","metric":{"type":"TOTAL","count":1045,"amount":1494562.0}},{"entityName":"daman","metric":{"type":"TOTAL","count":437,"amount":748001.0}},{"entityName":"diu","metric":{"type":"TOTAL","count":21,"amount":49966.0}}],"pincodes":[{"entityName":"396230","metric":{"type":"TOTAL","count":648,"amount":981897.0}},{"entityName":"396210","metric":{"type":"TOTAL","count":227,"amount":449237.0}},{"entityName":"396215","metric":{"type":"TOTAL","count":205,"amount":290639.0}},{"entityName":"396235","metric":{"type":"TOTAL","count":150,"amount":192764.0}},{"entityName":"396193","metric":{"type":"TOTAL","count":146,"amount":178879.0}},{"entityName":"396240","metric":{"type":"TOTAL","count":101,"amount":141022.0}},{"entityName":"362520","metric":{"type":"TOTAL","count":14,"amount":36616.0}},{"entityName":"396220","metric":{"type":"TOTAL","count":5,"amount":8125.0}},{"entityName":"362540","metric":{"type":"TOTAL","count":4,"amount":7060.0}},{"entityName":"362570","metric":{"type":"TOTAL","count":3,"amount":6290.0}}]},"responseTimestamp":1739974606634}