{"success":true,"code":"SUCCESS","data":{"states":null,"districts":[{"entityName":"patna","metric":{"type":"TOTAL","count":2101,"amount":1349311.0}},{"entityName":"muzaffarpur","metric":{"type":"TOTAL","count":750,"amount":518615.0}},{"entityName":"gaya","metric":{"type":"TOTAL","count":597,"amount":370763.0}},{"entityName":"vaishali","metric":{"type":"TOTAL","count":534,"amount":460907.0}},{"entityName":"purbi champaran","metric":{"type":"TOTAL","count":505,"amount":265124.0}},{"entityName":"samastipur","metric":{"type":"TOTAL","count":500,"amount":393366.0}},{"entityName":"darbhanga","metric":{"type":"TOTAL","count":463,"amount":321486.0}},{"entityName":"saran","metric":{"type":"TOTAL","count":459,"amount":385969.0}},{"entityName":"madhubani","metric":{"type":"TOTAL","count":444,"amount":317538.0}},{"entityName":"pashchim champaran","metric":{"type":"TOTAL","count":415,"amount":255416.0}}],"pincodes":[{"entityName":"800001","metric":{"type":"TOTAL","count":393,"amount":228403.0}},{"entityName":"800020","metric":{"type":"TOTAL","count":286,"amount":161357.0}},{"entityName":"800006","metric":{"type":"TOTAL","count":203,"amount":86155.0}},{"entityName":"845401","metric":{"type":"TOTAL","count":148,"amount":69335.0}},{"entityName":"823001","metric":{"type":"TOTAL","count":145,"amount":82025.0}},{"entityName":"845438","metric":{"type":"TOTAL","count":118,"amount":65310.0}},{"entityName":"823002","metric":{"type":"TOTAL","count":117,"amount":66383.0}},{"entityName":"848101","metric":{"type":"TOTAL","count":111,"amount":93902.0}},{"entityName":"842001","metric":{"type":"TOTAL","count":110,"amount":63789.0}},{"entityName":"802301","metric":{"type":"TOTAL","count":108,"amount":70464.0}}]},"responseTimestamp":1692610979066}