{"success":true,"code":"SUCCESS","data":{"states":null,"districts":[{"entityName":"patna","metric":{"type":"TOTAL","count":2844,"amount":2420477.0}},{"entityName":"muzaffarpur","metric":{"type":"TOTAL","count":855,"amount":728324.0}},{"entityName":"vaishali","metric":{"type":"TOTAL","count":611,"amount":662818.0}},{"entityName":"gaya","metric":{"type":"TOTAL","count":565,"amount":575770.0}},{"entityName":"darbhanga","metric":{"type":"TOTAL","count":559,"amount":503233.0}},{"entityName":"samastipur","metric":{"type":"TOTAL","count":559,"amount":524394.0}},{"entityName":"saran","metric":{"type":"TOTAL","count":550,"amount":605534.0}},{"entityName":"purbi champaran","metric":{"type":"TOTAL","count":509,"amount":475116.0}},{"entityName":"begusarai","metric":{"type":"TOTAL","count":480,"amount":456120.0}},{"entityName":"bhagalpur","metric":{"type":"TOTAL","count":475,"amount":428330.0}}],"pincodes":[{"entityName":"800001","metric":{"type":"TOTAL","count":471,"amount":351926.0}},{"entityName":"800020","metric":{"type":"TOTAL","count":318,"amount":272869.0}},{"entityName":"800006","metric":{"type":"TOTAL","count":195,"amount":137348.0}},{"entityName":"801503","metric":{"type":"TOTAL","count":144,"amount":140382.0}},{"entityName":"812001","metric":{"type":"TOTAL","count":142,"amount":144147.0}},{"entityName":"845438","metric":{"type":"TOTAL","count":141,"amount":103042.0}},{"entityName":"800002","metric":{"type":"TOTAL","count":139,"amount":102063.0}},{"entityName":"842001","metric":{"type":"TOTAL","count":135,"amount":89214.0}},{"entityName":"845401","metric":{"type":"TOTAL","count":131,"amount":120903.0}},{"entityName":"843334","metric":{"type":"TOTAL","count":128,"amount":90410.0}}]},"responseTimestamp":1692611031144}