{"success":true,"code":"SUCCESS","data":{"states":null,"districts":[{"entityName":"patna","metric":{"type":"TOTAL","count":4025,"amount":3635269.0}},{"entityName":"muzaffarpur","metric":{"type":"TOTAL","count":1031,"amount":999940.0}},{"entityName":"vaishali","metric":{"type":"TOTAL","count":796,"amount":871661.0}},{"entityName":"begusarai","metric":{"type":"TOTAL","count":780,"amount":770780.0}},{"entityName":"samastipur","metric":{"type":"TOTAL","count":735,"amount":806958.0}},{"entityName":"gaya","metric":{"type":"TOTAL","count":660,"amount":613726.0}},{"entityName":"saran","metric":{"type":"TOTAL","count":640,"amount":671368.0}},{"entityName":"darbhanga","metric":{"type":"TOTAL","count":606,"amount":630720.0}},{"entityName":"bhagalpur","metric":{"type":"TOTAL","count":603,"amount":673714.0}},{"entityName":"purbi champaran","metric":{"type":"TOTAL","count":561,"amount":606304.0}}],"pincodes":[{"entityName":"800001","metric":{"type":"TOTAL","count":622,"amount":539872.0}},{"entityName":"800020","metric":{"type":"TOTAL","count":457,"amount":355333.0}},{"entityName":"800006","metric":{"type":"TOTAL","count":302,"amount":225173.0}},{"entityName":"801503","metric":{"type":"TOTAL","count":236,"amount":208188.0}},{"entityName":"821115","metric":{"type":"TOTAL","count":223,"amount":135165.0}},{"entityName":"851131","metric":{"type":"TOTAL","count":210,"amount":145635.0}},{"entityName":"800002","metric":{"type":"TOTAL","count":210,"amount":186550.0}},{"entityName":"812001","metric":{"type":"TOTAL","count":205,"amount":218249.0}},{"entityName":"845438","metric":{"type":"TOTAL","count":195,"amount":145376.0}},{"entityName":"800007","metric":{"type":"TOTAL","count":187,"amount":148603.0}}]},"responseTimestamp":1692611082979}