{"success":true,"code":"SUCCESS","data":{"states":null,"districts":[{"entityName":"patna","metric":{"type":"TOTAL","count":5114,"amount":5291931.0}},{"entityName":"muzaffarpur","metric":{"type":"TOTAL","count":1372,"amount":1563252.0}},{"entityName":"vaishali","metric":{"type":"TOTAL","count":1036,"amount":1200374.0}},{"entityName":"saran","metric":{"type":"TOTAL","count":880,"amount":1231657.0}},{"entityName":"samastipur","metric":{"type":"TOTAL","count":836,"amount":1098032.0}},{"entityName":"bhagalpur","metric":{"type":"TOTAL","count":818,"amount":990253.0}},{"entityName":"gaya","metric":{"type":"TOTAL","count":801,"amount":890348.0}},{"entityName":"darbhanga","metric":{"type":"TOTAL","count":793,"amount":870539.0}},{"entityName":"begusarai","metric":{"type":"TOTAL","count":719,"amount":859763.0}},{"entityName":"purbi champaran","metric":{"type":"TOTAL","count":667,"amount":874730.0}}],"pincodes":[{"entityName":"800001","metric":{"type":"TOTAL","count":766,"amount":735530.0}},{"entityName":"800020","metric":{"type":"TOTAL","count":700,"amount":613059.0}},{"entityName":"800006","metric":{"type":"TOTAL","count":369,"amount":298707.0}},{"entityName":"801503","metric":{"type":"TOTAL","count":278,"amount":363057.0}},{"entityName":"842001","metric":{"type":"TOTAL","count":255,"amount":269520.0}},{"entityName":"800002","metric":{"type":"TOTAL","count":250,"amount":276228.0}},{"entityName":"844101","metric":{"type":"TOTAL","count":241,"amount":214665.0}},{"entityName":"823001","metric":{"type":"TOTAL","count":233,"amount":211852.0}},{"entityName":"800007","metric":{"type":"TOTAL","count":225,"amount":190952.0}},{"entityName":"812001","metric":{"type":"TOTAL","count":223,"amount":211107.0}}]},"responseTimestamp":1692611134341}