{"success":true,"code":"SUCCESS","data":{"states":null,"districts":[{"entityName":"bengaluru urban","metric":{"type":"TOTAL","count":57549,"amount":7.1700148E7}},{"entityName":"mysuru","metric":{"type":"TOTAL","count":4256,"amount":6273651.0}},{"entityName":"dharwad","metric":{"type":"TOTAL","count":2629,"amount":3647319.0}},{"entityName":"belagavi","metric":{"type":"TOTAL","count":2565,"amount":4027564.0}},{"entityName":"dakshina kannada","metric":{"type":"TOTAL","count":2163,"amount":3326629.0}},{"entityName":"bengaluru rural","metric":{"type":"TOTAL","count":2133,"amount":3131559.0}},{"entityName":"tumakuru","metric":{"type":"TOTAL","count":2107,"amount":3270489.0}},{"entityName":"ballari","metric":{"type":"TOTAL","count":1982,"amount":2817568.0}},{"entityName":"davanagere","metric":{"type":"TOTAL","count":1774,"amount":2444546.0}},{"entityName":"shivamogga","metric":{"type":"TOTAL","count":1771,"amount":2717744.0}}],"pincodes":[{"entityName":"560068","metric":{"type":"TOTAL","count":2349,"amount":2922542.0}},{"entityName":"560076","metric":{"type":"TOTAL","count":1718,"amount":2181826.0}},{"entityName":"560043","metric":{"type":"TOTAL","count":1713,"amount":2402868.0}},{"entityName":"560058","metric":{"type":"TOTAL","count":1699,"amount":1800069.0}},{"entityName":"560078","metric":{"type":"TOTAL","count":1671,"amount":1970551.0}},{"entityName":"560091","metric":{"type":"TOTAL","count":1656,"amount":2065687.0}},{"entityName":"560079","metric":{"type":"TOTAL","count":1358,"amount":1534187.0}},{"entityName":"560064","metric":{"type":"TOTAL","count":1288,"amount":1709573.0}},{"entityName":"560037","metric":{"type":"TOTAL","count":1259,"amount":1593673.0}},{"entityName":"560100","metric":{"type":"TOTAL","count":1255,"amount":1555109.0}}]},"responseTimestamp":1692611186954}