{"success":true,"code":"SUCCESS","data":{"states":null,"districts":[{"entityName":"bengaluru urban","metric":{"type":"TOTAL","count":57934,"amount":6.9731242E7}},{"entityName":"mysuru","metric":{"type":"TOTAL","count":4122,"amount":5603711.0}},{"entityName":"belagavi","metric":{"type":"TOTAL","count":2609,"amount":3892332.0}},{"entityName":"dharwad","metric":{"type":"TOTAL","count":2393,"amount":3355104.0}},{"entityName":"bengaluru rural","metric":{"type":"TOTAL","count":2122,"amount":3278607.0}},{"entityName":"tumakuru","metric":{"type":"TOTAL","count":1926,"amount":3127331.0}},{"entityName":"dakshina kannada","metric":{"type":"TOTAL","count":1909,"amount":2849505.0}},{"entityName":"ballari","metric":{"type":"TOTAL","count":1763,"amount":2282676.0}},{"entityName":"shivamogga","metric":{"type":"TOTAL","count":1672,"amount":2643157.0}},{"entityName":"davanagere","metric":{"type":"TOTAL","count":1531,"amount":2021047.0}}],"pincodes":[{"entityName":"560068","metric":{"type":"TOTAL","count":2692,"amount":3077564.0}},{"entityName":"560037","metric":{"type":"TOTAL","count":1860,"amount":2052163.0}},{"entityName":"560078","metric":{"type":"TOTAL","count":1844,"amount":2105323.0}},{"entityName":"560076","metric":{"type":"TOTAL","count":1835,"amount":2129897.0}},{"entityName":"560043","metric":{"type":"TOTAL","count":1755,"amount":2171198.0}},{"entityName":"560091","metric":{"type":"TOTAL","count":1405,"amount":1565112.0}},{"entityName":"560100","metric":{"type":"TOTAL","count":1389,"amount":1710571.0}},{"entityName":"560058","metric":{"type":"TOTAL","count":1283,"amount":1422895.0}},{"entityName":"560103","metric":{"type":"TOTAL","count":1242,"amount":1520408.0}},{"entityName":"560079","metric":{"type":"TOTAL","count":1199,"amount":1284375.0}}]},"responseTimestamp":1692611238201}