{"success":true,"code":"SUCCESS","data":{"states":null,"districts":[{"entityName":"bengaluru urban","metric":{"type":"TOTAL","count":64593,"amount":7.930348E7}},{"entityName":"mysuru","metric":{"type":"TOTAL","count":5093,"amount":6718622.0}},{"entityName":"belagavi","metric":{"type":"TOTAL","count":2774,"amount":4182385.0}},{"entityName":"dharwad","metric":{"type":"TOTAL","count":2755,"amount":3667159.0}},{"entityName":"dakshina kannada","metric":{"type":"TOTAL","count":2545,"amount":3698741.0}},{"entityName":"ballari","metric":{"type":"TOTAL","count":2541,"amount":3202170.0}},{"entityName":"bengaluru rural","metric":{"type":"TOTAL","count":2448,"amount":3640101.0}},{"entityName":"tumakuru","metric":{"type":"TOTAL","count":2349,"amount":3662277.0}},{"entityName":"davanagere","metric":{"type":"TOTAL","count":2201,"amount":2787038.0}},{"entityName":"kalaburagi","metric":{"type":"TOTAL","count":1971,"amount":2659120.0}}],"pincodes":[{"entityName":"560068","metric":{"type":"TOTAL","count":2861,"amount":3528404.0}},{"entityName":"560037","metric":{"type":"TOTAL","count":2120,"amount":2606805.0}},{"entityName":"560043","metric":{"type":"TOTAL","count":2030,"amount":2571392.0}},{"entityName":"560076","metric":{"type":"TOTAL","count":1945,"amount":2478555.0}},{"entityName":"560078","metric":{"type":"TOTAL","count":1912,"amount":2228186.0}},{"entityName":"560058","metric":{"type":"TOTAL","count":1610,"amount":1917287.0}},{"entityName":"560091","metric":{"type":"TOTAL","count":1561,"amount":1858018.0}},{"entityName":"560100","metric":{"type":"TOTAL","count":1498,"amount":1875623.0}},{"entityName":"560064","metric":{"type":"TOTAL","count":1475,"amount":1808634.0}},{"entityName":"560079","metric":{"type":"TOTAL","count":1371,"amount":1635418.0}}]},"responseTimestamp":1692611289921}