{"success":true,"code":"SUCCESS","data":{"states":null,"districts":[{"entityName":"bengaluru urban","metric":{"type":"TOTAL","count":78817,"amount":1.01938016E8}},{"entityName":"mysuru","metric":{"type":"TOTAL","count":6820,"amount":9461969.0}},{"entityName":"belagavi","metric":{"type":"TOTAL","count":3857,"amount":5891225.0}},{"entityName":"dharwad","metric":{"type":"TOTAL","count":3751,"amount":5149958.0}},{"entityName":"dakshina kannada","metric":{"type":"TOTAL","count":3330,"amount":4869464.0}},{"entityName":"bengaluru rural","metric":{"type":"TOTAL","count":3125,"amount":4874888.0}},{"entityName":"ballari","metric":{"type":"TOTAL","count":2729,"amount":3502890.0}},{"entityName":"davanagere","metric":{"type":"TOTAL","count":2522,"amount":3414588.0}},{"entityName":"tumakuru","metric":{"type":"TOTAL","count":2515,"amount":4131381.0}},{"entityName":"shivamogga","metric":{"type":"TOTAL","count":2462,"amount":3798640.0}}],"pincodes":[{"entityName":"560068","metric":{"type":"TOTAL","count":3419,"amount":4310528.0}},{"entityName":"560043","metric":{"type":"TOTAL","count":2468,"amount":3499600.0}},{"entityName":"560037","metric":{"type":"TOTAL","count":2424,"amount":3146560.0}},{"entityName":"560076","metric":{"type":"TOTAL","count":2391,"amount":3129589.0}},{"entityName":"560078","metric":{"type":"TOTAL","count":2388,"amount":3105356.0}},{"entityName":"560058","metric":{"type":"TOTAL","count":1998,"amount":2274976.0}},{"entityName":"560091","metric":{"type":"TOTAL","count":1951,"amount":2472172.0}},{"entityName":"560100","metric":{"type":"TOTAL","count":1940,"amount":2354073.0}},{"entityName":"560064","metric":{"type":"TOTAL","count":1771,"amount":2371094.0}},{"entityName":"560066","metric":{"type":"TOTAL","count":1642,"amount":2074882.0}}]},"responseTimestamp":1692611341783}