{"success":true,"code":"SUCCESS","data":{"states":null,"districts":[{"entityName":"papum pare","metric":{"type":"TOTAL","count":149,"amount":339981.0}},{"entityName":"west kameng","metric":{"type":"TOTAL","count":36,"amount":83342.0}},{"entityName":"tirap","metric":{"type":"TOTAL","count":22,"amount":98280.0}},{"entityName":"east siang","metric":{"type":"TOTAL","count":22,"amount":50073.0}},{"entityName":"changlang","metric":{"type":"TOTAL","count":22,"amount":41022.0}},{"entityName":"lohit","metric":{"type":"TOTAL","count":17,"amount":33684.0}},{"entityName":"namsai","metric":{"type":"TOTAL","count":13,"amount":25903.0}},{"entityName":"tawang","metric":{"type":"TOTAL","count":11,"amount":59469.0}},{"entityName":"lower dibang valley","metric":{"type":"TOTAL","count":10,"amount":17012.0}},{"entityName":"lower subansiri","metric":{"type":"TOTAL","count":9,"amount":27520.0}}],"pincodes":[{"entityName":"791111","metric":{"type":"TOTAL","count":51,"amount":124161.0}},{"entityName":"791110","metric":{"type":"TOTAL","count":34,"amount":58358.0}},{"entityName":"791113","metric":{"type":"TOTAL","count":29,"amount":95648.0}},{"entityName":"791102","metric":{"type":"TOTAL","count":21,"amount":46778.0}},{"entityName":"790116","metric":{"type":"TOTAL","count":21,"amount":42054.0}},{"entityName":"792129","metric":{"type":"TOTAL","count":14,"amount":55170.0}},{"entityName":"792001","metric":{"type":"TOTAL","count":13,"amount":22997.0}},{"entityName":"791109","metric":{"type":"TOTAL","count":12,"amount":12811.0}},{"entityName":"792056","metric":{"type":"TOTAL","count":10,"amount":13617.0}},{"entityName":"792110","metric":{"type":"TOTAL","count":10,"amount":17012.0}}]},"responseTimestamp":1692611201745}