{"success":true,"code":"SUCCESS","data":{"states":null,"districts":[{"entityName":"papum pare","metric":{"type":"TOTAL","count":310,"amount":752159.0}},{"entityName":"west kameng","metric":{"type":"TOTAL","count":47,"amount":115575.0}},{"entityName":"east siang","metric":{"type":"TOTAL","count":29,"amount":107087.0}},{"entityName":"tawang","metric":{"type":"TOTAL","count":26,"amount":61225.0}},{"entityName":"changlang","metric":{"type":"TOTAL","count":25,"amount":51823.0}},{"entityName":"west siang","metric":{"type":"TOTAL","count":24,"amount":54485.0}},{"entityName":"lohit","metric":{"type":"TOTAL","count":21,"amount":59273.0}},{"entityName":"tirap","metric":{"type":"TOTAL","count":15,"amount":32728.0}},{"entityName":"namsai","metric":{"type":"TOTAL","count":14,"amount":34582.0}},{"entityName":"lower dibang valley","metric":{"type":"TOTAL","count":13,"amount":25061.0}}],"pincodes":[{"entityName":"791110","metric":{"type":"TOTAL","count":97,"amount":272742.0}},{"entityName":"791111","metric":{"type":"TOTAL","count":95,"amount":210496.0}},{"entityName":"791113","metric":{"type":"TOTAL","count":59,"amount":126741.0}},{"entityName":"791109","metric":{"type":"TOTAL","count":30,"amount":77784.0}},{"entityName":"791102","metric":{"type":"TOTAL","count":25,"amount":94817.0}},{"entityName":"791001","metric":{"type":"TOTAL","count":24,"amount":54485.0}},{"entityName":"790104","metric":{"type":"TOTAL","count":22,"amount":55603.0}},{"entityName":"792001","metric":{"type":"TOTAL","count":17,"amount":45749.0}},{"entityName":"791123","metric":{"type":"TOTAL","count":15,"amount":22207.0}},{"entityName":"791112","metric":{"type":"TOTAL","count":14,"amount":42189.0}}]},"responseTimestamp":1692611253135}