{"success":true,"code":"SUCCESS","data":{"states":null,"districts":[{"entityName":"papum pare","metric":{"type":"TOTAL","count":250,"amount":590296.0}},{"entityName":"west kameng","metric":{"type":"TOTAL","count":42,"amount":118030.0}},{"entityName":"east siang","metric":{"type":"TOTAL","count":35,"amount":54567.0}},{"entityName":"tawang","metric":{"type":"TOTAL","count":24,"amount":112439.0}},{"entityName":"tirap","metric":{"type":"TOTAL","count":23,"amount":54004.0}},{"entityName":"changlang","metric":{"type":"TOTAL","count":22,"amount":53679.0}},{"entityName":"lohit","metric":{"type":"TOTAL","count":18,"amount":45865.0}},{"entityName":"lower dibang valley","metric":{"type":"TOTAL","count":17,"amount":26960.0}},{"entityName":"west siang","metric":{"type":"TOTAL","count":16,"amount":86941.0}},{"entityName":"east kameng","metric":{"type":"TOTAL","count":15,"amount":25996.0}}],"pincodes":[{"entityName":"791111","metric":{"type":"TOTAL","count":98,"amount":283474.0}},{"entityName":"791110","metric":{"type":"TOTAL","count":67,"amount":151232.0}},{"entityName":"791102","metric":{"type":"TOTAL","count":32,"amount":53678.0}},{"entityName":"791109","metric":{"type":"TOTAL","count":29,"amount":36024.0}},{"entityName":"791113","metric":{"type":"TOTAL","count":25,"amount":56908.0}},{"entityName":"790104","metric":{"type":"TOTAL","count":19,"amount":97783.0}},{"entityName":"791001","metric":{"type":"TOTAL","count":18,"amount":88301.0}},{"entityName":"791123","metric":{"type":"TOTAL","count":17,"amount":38512.0}},{"entityName":"792110","metric":{"type":"TOTAL","count":17,"amount":26960.0}},{"entityName":"790102","metric":{"type":"TOTAL","count":15,"amount":25996.0}}]},"responseTimestamp":1692611304868}