{"success":true,"code":"SUCCESS","data":{"states":null,"districts":[{"entityName":"papum pare","metric":{"type":"TOTAL","count":249,"amount":557453.0}},{"entityName":"west kameng","metric":{"type":"TOTAL","count":53,"amount":140810.0}},{"entityName":"changlang","metric":{"type":"TOTAL","count":39,"amount":92295.0}},{"entityName":"lohit","metric":{"type":"TOTAL","count":35,"amount":74057.0}},{"entityName":"east siang","metric":{"type":"TOTAL","count":33,"amount":62867.0}},{"entityName":"tawang","metric":{"type":"TOTAL","count":32,"amount":117810.0}},{"entityName":"namsai","metric":{"type":"TOTAL","count":25,"amount":52176.0}},{"entityName":"lower dibang valley","metric":{"type":"TOTAL","count":23,"amount":56348.0}},{"entityName":"west siang","metric":{"type":"TOTAL","count":22,"amount":42902.0}},{"entityName":"tirap","metric":{"type":"TOTAL","count":22,"amount":69612.0}}],"pincodes":[{"entityName":"791111","metric":{"type":"TOTAL","count":86,"amount":169298.0}},{"entityName":"791110","metric":{"type":"TOTAL","count":80,"amount":153335.0}},{"entityName":"791102","metric":{"type":"TOTAL","count":29,"amount":52395.0}},{"entityName":"791001","metric":{"type":"TOTAL","count":28,"amount":60464.0}},{"entityName":"791113","metric":{"type":"TOTAL","count":27,"amount":98039.0}},{"entityName":"792001","metric":{"type":"TOTAL","count":25,"amount":50628.0}},{"entityName":"792103","metric":{"type":"TOTAL","count":24,"amount":54947.0}},{"entityName":"792110","metric":{"type":"TOTAL","count":23,"amount":56348.0}},{"entityName":"790104","metric":{"type":"TOTAL","count":23,"amount":65530.0}},{"entityName":"791112","metric":{"type":"TOTAL","count":22,"amount":42213.0}}]},"responseTimestamp":1692611356842}