{"success":true,"code":"SUCCESS","data":{"states":null,"districts":[{"entityName":"papum pare","metric":{"type":"TOTAL","count":214,"amount":609907.0}},{"entityName":"changlang","metric":{"type":"TOTAL","count":58,"amount":150506.0}},{"entityName":"west kameng","metric":{"type":"TOTAL","count":58,"amount":148766.0}},{"entityName":"east siang","metric":{"type":"TOTAL","count":45,"amount":131785.0}},{"entityName":"tawang","metric":{"type":"TOTAL","count":43,"amount":177062.0}},{"entityName":"west siang","metric":{"type":"TOTAL","count":26,"amount":77049.0}},{"entityName":"lohit","metric":{"type":"TOTAL","count":22,"amount":48743.0}},{"entityName":"tirap","metric":{"type":"TOTAL","count":20,"amount":42058.0}},{"entityName":"lower subansiri","metric":{"type":"TOTAL","count":18,"amount":52453.0}},{"entityName":"lower dibang valley","metric":{"type":"TOTAL","count":17,"amount":32562.0}}],"pincodes":[{"entityName":"791110","metric":{"type":"TOTAL","count":74,"amount":172651.0}},{"entityName":"791111","metric":{"type":"TOTAL","count":56,"amount":229802.0}},{"entityName":"791113","metric":{"type":"TOTAL","count":42,"amount":107932.0}},{"entityName":"791102","metric":{"type":"TOTAL","count":39,"amount":77754.0}},{"entityName":"790104","metric":{"type":"TOTAL","count":36,"amount":151958.0}},{"entityName":"791001","metric":{"type":"TOTAL","count":31,"amount":92735.0}},{"entityName":"790116","metric":{"type":"TOTAL","count":19,"amount":46603.0}},{"entityName":"791109","metric":{"type":"TOTAL","count":17,"amount":26106.0}},{"entityName":"792110","metric":{"type":"TOTAL","count":17,"amount":32562.0}},{"entityName":"792121","metric":{"type":"TOTAL","count":17,"amount":56453.0}}]},"responseTimestamp":1692619202098}