{"success":true,"code":"SUCCESS","data":{"states":null,"districts":[{"entityName":"papum pare","metric":{"type":"TOTAL","count":261,"amount":767297.0}},{"entityName":"west kameng","metric":{"type":"TOTAL","count":87,"amount":278705.0}},{"entityName":"east siang","metric":{"type":"TOTAL","count":49,"amount":134410.0}},{"entityName":"changlang","metric":{"type":"TOTAL","count":48,"amount":182270.0}},{"entityName":"namsai","metric":{"type":"TOTAL","count":34,"amount":96483.0}},{"entityName":"tawang","metric":{"type":"TOTAL","count":31,"amount":117759.0}},{"entityName":"lohit","metric":{"type":"TOTAL","count":29,"amount":65934.0}},{"entityName":"lower dibang valley","metric":{"type":"TOTAL","count":29,"amount":51944.0}},{"entityName":"west siang","metric":{"type":"TOTAL","count":27,"amount":85810.0}},{"entityName":"tirap","metric":{"type":"TOTAL","count":21,"amount":70549.0}}],"pincodes":[{"entityName":"791110","metric":{"type":"TOTAL","count":94,"amount":280971.0}},{"entityName":"791111","metric":{"type":"TOTAL","count":61,"amount":210621.0}},{"entityName":"791113","metric":{"type":"TOTAL","count":48,"amount":172799.0}},{"entityName":"791102","metric":{"type":"TOTAL","count":43,"amount":133976.0}},{"entityName":"792103","metric":{"type":"TOTAL","count":30,"amount":79156.0}},{"entityName":"791001","metric":{"type":"TOTAL","count":30,"amount":89674.0}},{"entityName":"791123","metric":{"type":"TOTAL","count":29,"amount":41320.0}},{"entityName":"792110","metric":{"type":"TOTAL","count":29,"amount":51944.0}},{"entityName":"790104","metric":{"type":"TOTAL","count":26,"amount":101946.0}},{"entityName":"792001","metric":{"type":"TOTAL","count":25,"amount":53846.0}}]},"responseTimestamp":1692619383305}