{"success":true,"code":"SUCCESS","data":{"states":null,"districts":[{"entityName":"papum pare","metric":{"type":"TOTAL","count":285,"amount":696186.0}},{"entityName":"west kameng","metric":{"type":"TOTAL","count":65,"amount":185636.0}},{"entityName":"east siang","metric":{"type":"TOTAL","count":59,"amount":113780.0}},{"entityName":"changlang","metric":{"type":"TOTAL","count":44,"amount":108703.0}},{"entityName":"tawang","metric":{"type":"TOTAL","count":39,"amount":129855.0}},{"entityName":"lower dibang valley","metric":{"type":"TOTAL","count":39,"amount":140365.0}},{"entityName":"tirap","metric":{"type":"TOTAL","count":38,"amount":135660.0}},{"entityName":"namsai","metric":{"type":"TOTAL","count":34,"amount":55710.0}},{"entityName":"lohit","metric":{"type":"TOTAL","count":29,"amount":102043.0}},{"entityName":"west siang","metric":{"type":"TOTAL","count":23,"amount":92531.0}}],"pincodes":[{"entityName":"791110","metric":{"type":"TOTAL","count":91,"amount":197412.0}},{"entityName":"791111","metric":{"type":"TOTAL","count":76,"amount":203612.0}},{"entityName":"791102","metric":{"type":"TOTAL","count":48,"amount":106325.0}},{"entityName":"791113","metric":{"type":"TOTAL","count":45,"amount":145263.0}},{"entityName":"792110","metric":{"type":"TOTAL","count":39,"amount":140365.0}},{"entityName":"792103","metric":{"type":"TOTAL","count":33,"amount":50413.0}},{"entityName":"791123","metric":{"type":"TOTAL","count":30,"amount":62165.0}},{"entityName":"790104","metric":{"type":"TOTAL","count":28,"amount":89165.0}},{"entityName":"792129","metric":{"type":"TOTAL","count":26,"amount":82497.0}},{"entityName":"791109","metric":{"type":"TOTAL","count":26,"amount":45255.0}}]},"responseTimestamp":1697612231797}