{"success":true,"code":"SUCCESS","data":{"states":null,"districts":[{"entityName":"papum pare","metric":{"type":"TOTAL","count":318,"amount":852980.0}},{"entityName":"west kameng","metric":{"type":"TOTAL","count":67,"amount":190405.0}},{"entityName":"namsai","metric":{"type":"TOTAL","count":49,"amount":120567.0}},{"entityName":"west siang","metric":{"type":"TOTAL","count":48,"amount":119227.0}},{"entityName":"changlang","metric":{"type":"TOTAL","count":47,"amount":94883.0}},{"entityName":"tawang","metric":{"type":"TOTAL","count":45,"amount":167579.0}},{"entityName":"east siang","metric":{"type":"TOTAL","count":42,"amount":109484.0}},{"entityName":"lower dibang valley","metric":{"type":"TOTAL","count":35,"amount":81825.0}},{"entityName":"lohit","metric":{"type":"TOTAL","count":34,"amount":77356.0}},{"entityName":"tirap","metric":{"type":"TOTAL","count":32,"amount":74981.0}}],"pincodes":[{"entityName":"791110","metric":{"type":"TOTAL","count":106,"amount":279822.0}},{"entityName":"791111","metric":{"type":"TOTAL","count":87,"amount":241478.0}},{"entityName":"791113","metric":{"type":"TOTAL","count":60,"amount":164868.0}},{"entityName":"791001","metric":{"type":"TOTAL","count":50,"amount":124355.0}},{"entityName":"792103","metric":{"type":"TOTAL","count":40,"amount":108659.0}},{"entityName":"790104","metric":{"type":"TOTAL","count":36,"amount":146680.0}},{"entityName":"792110","metric":{"type":"TOTAL","count":35,"amount":81825.0}},{"entityName":"791102","metric":{"type":"TOTAL","count":29,"amount":81558.0}},{"entityName":"792001","metric":{"type":"TOTAL","count":26,"amount":60980.0}},{"entityName":"791123","metric":{"type":"TOTAL","count":24,"amount":71486.0}}]},"responseTimestamp":1706092886144}