{"success":true,"code":"SUCCESS","data":{"states":null,"districts":[{"entityName":"south andaman","metric":{"type":"TOTAL","count":164,"amount":167044.0}},{"entityName":"north and middle andaman","metric":{"type":"TOTAL","count":48,"amount":63978.0}},{"entityName":"nicobars","metric":{"type":"TOTAL","count":13,"amount":13244.0}}],"pincodes":[{"entityName":"744105","metric":{"type":"TOTAL","count":47,"amount":53060.0}},{"entityName":"744103","metric":{"type":"TOTAL","count":35,"amount":39985.0}},{"entityName":"744101","metric":{"type":"TOTAL","count":33,"amount":24571.0}},{"entityName":"744204","metric":{"type":"TOTAL","count":25,"amount":29635.0}},{"entityName":"744202","metric":{"type":"TOTAL","count":12,"amount":17588.0}},{"entityName":"744102","metric":{"type":"TOTAL","count":12,"amount":14085.0}},{"entityName":"744104","metric":{"type":"TOTAL","count":9,"amount":7310.0}},{"entityName":"744107","metric":{"type":"TOTAL","count":8,"amount":9253.0}},{"entityName":"744205","metric":{"type":"TOTAL","count":7,"amount":11223.0}},{"entityName":"744301","metric":{"type":"TOTAL","count":7,"amount":6612.0}}]},"responseTimestamp":1692610965046}