{"success":true,"code":"SUCCESS","data":{"states":null,"districts":[{"entityName":"south andaman","metric":{"type":"TOTAL","count":105,"amount":121104.0}},{"entityName":"north and middle andaman","metric":{"type":"TOTAL","count":28,"amount":45311.0}},{"entityName":"nicobars","metric":{"type":"TOTAL","count":4,"amount":15089.0}}],"pincodes":[{"entityName":"744103","metric":{"type":"TOTAL","count":36,"amount":33716.0}},{"entityName":"744101","metric":{"type":"TOTAL","count":17,"amount":19787.0}},{"entityName":"744105","metric":{"type":"TOTAL","count":15,"amount":17163.0}},{"entityName":"744102","metric":{"type":"TOTAL","count":13,"amount":10326.0}},{"entityName":"744204","metric":{"type":"TOTAL","count":10,"amount":10557.0}},{"entityName":"744107","metric":{"type":"TOTAL","count":8,"amount":11459.0}},{"entityName":"744202","metric":{"type":"TOTAL","count":6,"amount":9766.0}},{"entityName":"744104","metric":{"type":"TOTAL","count":6,"amount":8889.0}},{"entityName":"744205","metric":{"type":"TOTAL","count":6,"amount":12669.0}},{"entityName":"744210","metric":{"type":"TOTAL","count":4,"amount":9430.0}}]},"responseTimestamp":1692611017455}