{"success":true,"code":"SUCCESS","data":{"states":null,"districts":[{"entityName":"south andaman","metric":{"type":"TOTAL","count":182,"amount":223699.0}},{"entityName":"north and middle andaman","metric":{"type":"TOTAL","count":33,"amount":50997.0}},{"entityName":"nicobars","metric":{"type":"TOTAL","count":15,"amount":30539.0}}],"pincodes":[{"entityName":"744105","metric":{"type":"TOTAL","count":70,"amount":82425.0}},{"entityName":"744103","metric":{"type":"TOTAL","count":44,"amount":53909.0}},{"entityName":"744101","metric":{"type":"TOTAL","count":26,"amount":29601.0}},{"entityName":"744102","metric":{"type":"TOTAL","count":14,"amount":20616.0}},{"entityName":"744204","metric":{"type":"TOTAL","count":13,"amount":20075.0}},{"entityName":"744202","metric":{"type":"TOTAL","count":11,"amount":18134.0}},{"entityName":"744112","metric":{"type":"TOTAL","count":11,"amount":14406.0}},{"entityName":"744302","metric":{"type":"TOTAL","count":8,"amount":7247.0}},{"entityName":"744107","metric":{"type":"TOTAL","count":6,"amount":6406.0}},{"entityName":"744104","metric":{"type":"TOTAL","count":6,"amount":2221.0}}]},"responseTimestamp":1692611069457}