{"success":true,"code":"SUCCESS","data":{"states":null,"districts":[{"entityName":"south andaman","metric":{"type":"TOTAL","count":632,"amount":800758.0}},{"entityName":"north and middle andaman","metric":{"type":"TOTAL","count":81,"amount":182061.0}},{"entityName":"nicobars","metric":{"type":"TOTAL","count":44,"amount":73561.0}}],"pincodes":[{"entityName":"744105","metric":{"type":"TOTAL","count":194,"amount":232344.0}},{"entityName":"744101","metric":{"type":"TOTAL","count":159,"amount":211326.0}},{"entityName":"744103","metric":{"type":"TOTAL","count":133,"amount":168668.0}},{"entityName":"744102","metric":{"type":"TOTAL","count":66,"amount":68931.0}},{"entityName":"744301","metric":{"type":"TOTAL","count":32,"amount":53658.0}},{"entityName":"744204","metric":{"type":"TOTAL","count":31,"amount":102213.0}},{"entityName":"744104","metric":{"type":"TOTAL","count":24,"amount":31069.0}},{"entityName":"744112","metric":{"type":"TOTAL","count":22,"amount":38599.0}},{"entityName":"744202","metric":{"type":"TOTAL","count":21,"amount":23016.0}},{"entityName":"744205","metric":{"type":"TOTAL","count":13,"amount":30437.0}}]},"responseTimestamp":1692611120874}