{"success":true,"code":"SUCCESS","data":{"states":null,"districts":[{"entityName":"solan","metric":{"type":"TOTAL","count":97,"amount":19714.0}},{"entityName":"kullu","metric":{"type":"TOTAL","count":80,"amount":11543.0}},{"entityName":"mandi","metric":{"type":"TOTAL","count":54,"amount":10723.0}},{"entityName":"shimla","metric":{"type":"TOTAL","count":44,"amount":8364.0}},{"entityName":"kangra","metric":{"type":"TOTAL","count":38,"amount":9269.0}},{"entityName":"hamirpur","metric":{"type":"TOTAL","count":31,"amount":6714.0}},{"entityName":"sirmaur","metric":{"type":"TOTAL","count":19,"amount":4111.0}},{"entityName":"bilaspur","metric":{"type":"TOTAL","count":11,"amount":2712.0}},{"entityName":"una","metric":{"type":"TOTAL","count":11,"amount":2651.0}},{"entityName":"chamba","metric":{"type":"TOTAL","count":4,"amount":1447.0}}],"pincodes":[{"entityName":"175141","metric":{"type":"TOTAL","count":63,"amount":7664.0}},{"entityName":"173205","metric":{"type":"TOTAL","count":53,"amount":10096.0}},{"entityName":"175001","metric":{"type":"TOTAL","count":34,"amount":5929.0}},{"entityName":"171216","metric":{"type":"TOTAL","count":22,"amount":3492.0}},{"entityName":"174101","metric":{"type":"TOTAL","count":16,"amount":3927.0}},{"entityName":"173213","metric":{"type":"TOTAL","count":9,"amount":1386.0}},{"entityName":"173025","metric":{"type":"TOTAL","count":8,"amount":1512.0}},{"entityName":"171219","metric":{"type":"TOTAL","count":8,"amount":1416.0}},{"entityName":"176047","metric":{"type":"TOTAL","count":7,"amount":1674.0}},{"entityName":"177040","metric":{"type":"TOTAL","count":6,"amount":1217.0}}]},"responseTimestamp":1692610829421}