{"success":true,"code":"SUCCESS","data":{"states":null,"districts":[{"entityName":"solan","metric":{"type":"TOTAL","count":132,"amount":38040.0}},{"entityName":"kangra","metric":{"type":"TOTAL","count":89,"amount":26682.0}},{"entityName":"shimla","metric":{"type":"TOTAL","count":74,"amount":26993.0}},{"entityName":"mandi","metric":{"type":"TOTAL","count":58,"amount":21176.0}},{"entityName":"sirmaur","metric":{"type":"TOTAL","count":39,"amount":10928.0}},{"entityName":"kullu","metric":{"type":"TOTAL","count":34,"amount":14714.0}},{"entityName":"una","metric":{"type":"TOTAL","count":31,"amount":6127.0}},{"entityName":"hamirpur","metric":{"type":"TOTAL","count":25,"amount":8139.0}},{"entityName":"bilaspur","metric":{"type":"TOTAL","count":17,"amount":4750.0}},{"entityName":"chamba","metric":{"type":"TOTAL","count":14,"amount":4150.0}}],"pincodes":[{"entityName":"173205","metric":{"type":"TOTAL","count":55,"amount":13283.0}},{"entityName":"174101","metric":{"type":"TOTAL","count":21,"amount":8918.0}},{"entityName":"173025","metric":{"type":"TOTAL","count":17,"amount":5860.0}},{"entityName":"173212","metric":{"type":"TOTAL","count":13,"amount":2869.0}},{"entityName":"173220","metric":{"type":"TOTAL","count":12,"amount":3461.0}},{"entityName":"171001","metric":{"type":"TOTAL","count":11,"amount":2471.0}},{"entityName":"175001","metric":{"type":"TOTAL","count":10,"amount":3853.0}},{"entityName":"175140","metric":{"type":"TOTAL","count":9,"amount":1719.0}},{"entityName":"176061","metric":{"type":"TOTAL","count":9,"amount":2587.0}},{"entityName":"171202","metric":{"type":"TOTAL","count":8,"amount":4065.0}}]},"responseTimestamp":1692610882113}