{"success":true,"code":"SUCCESS","data":{"states":null,"districts":[{"entityName":"solan","metric":{"type":"TOTAL","count":162,"amount":88870.0}},{"entityName":"kangra","metric":{"type":"TOTAL","count":153,"amount":166625.0}},{"entityName":"shimla","metric":{"type":"TOTAL","count":74,"amount":57412.0}},{"entityName":"mandi","metric":{"type":"TOTAL","count":73,"amount":83521.0}},{"entityName":"hamirpur","metric":{"type":"TOTAL","count":59,"amount":57764.0}},{"entityName":"una","metric":{"type":"TOTAL","count":51,"amount":48891.0}},{"entityName":"sirmaur","metric":{"type":"TOTAL","count":50,"amount":47332.0}},{"entityName":"chamba","metric":{"type":"TOTAL","count":29,"amount":20481.0}},{"entityName":"kullu","metric":{"type":"TOTAL","count":19,"amount":14390.0}},{"entityName":"bilaspur","metric":{"type":"TOTAL","count":19,"amount":16248.0}}],"pincodes":[{"entityName":"173205","metric":{"type":"TOTAL","count":79,"amount":40346.0}},{"entityName":"174101","metric":{"type":"TOTAL","count":40,"amount":22180.0}},{"entityName":"173025","metric":{"type":"TOTAL","count":18,"amount":10577.0}},{"entityName":"176061","metric":{"type":"TOTAL","count":17,"amount":23719.0}},{"entityName":"173030","metric":{"type":"TOTAL","count":14,"amount":11197.0}},{"entityName":"171010","metric":{"type":"TOTAL","count":9,"amount":4613.0}},{"entityName":"171001","metric":{"type":"TOTAL","count":8,"amount":11100.0}},{"entityName":"174103","metric":{"type":"TOTAL","count":8,"amount":6154.0}},{"entityName":"174303","metric":{"type":"TOTAL","count":7,"amount":4018.0}},{"entityName":"172001","metric":{"type":"TOTAL","count":7,"amount":11771.0}}]},"responseTimestamp":1692610933689}