{"success":true,"code":"SUCCESS","data":{"states":null,"districts":[{"entityName":"imphal west","metric":{"type":"TOTAL","count":41,"amount":129130.0}},{"entityName":"imphal east","metric":{"type":"TOTAL","count":26,"amount":91044.0}},{"entityName":"churachandpur","metric":{"type":"TOTAL","count":19,"amount":67165.0}},{"entityName":"bishnupur","metric":{"type":"TOTAL","count":18,"amount":36519.0}},{"entityName":"kangpokpi","metric":{"type":"TOTAL","count":14,"amount":44438.0}},{"entityName":"thoubal","metric":{"type":"TOTAL","count":13,"amount":29017.0}},{"entityName":"ukhrul","metric":{"type":"TOTAL","count":9,"amount":27864.0}},{"entityName":"jiribam","metric":{"type":"TOTAL","count":7,"amount":18718.0}},{"entityName":"tamenglong","metric":{"type":"TOTAL","count":7,"amount":20811.0}},{"entityName":"kakching","metric":{"type":"TOTAL","count":6,"amount":15769.0}}],"pincodes":[{"entityName":"795004","metric":{"type":"TOTAL","count":22,"amount":68365.0}},{"entityName":"795002","metric":{"type":"TOTAL","count":10,"amount":23016.0}},{"entityName":"795142","metric":{"type":"TOTAL","count":8,"amount":21796.0}},{"entityName":"795138","metric":{"type":"TOTAL","count":8,"amount":23348.0}},{"entityName":"795128","metric":{"type":"TOTAL","count":7,"amount":29569.0}},{"entityName":"795130","metric":{"type":"TOTAL","count":7,"amount":50970.0}},{"entityName":"795103","metric":{"type":"TOTAL","count":6,"amount":10337.0}},{"entityName":"795158","metric":{"type":"TOTAL","count":6,"amount":23366.0}},{"entityName":"795133","metric":{"type":"TOTAL","count":6,"amount":2863.0}},{"entityName":"795006","metric":{"type":"TOTAL","count":5,"amount":14019.0}}]},"responseTimestamp":1692611165663}