{"success":true,"code":"SUCCESS","data":{"states":null,"districts":[{"entityName":"imphal west","metric":{"type":"TOTAL","count":69,"amount":180186.0}},{"entityName":"imphal east","metric":{"type":"TOTAL","count":55,"amount":133221.0}},{"entityName":"kangpokpi","metric":{"type":"TOTAL","count":22,"amount":47192.0}},{"entityName":"churachandpur","metric":{"type":"TOTAL","count":18,"amount":54577.0}},{"entityName":"thoubal","metric":{"type":"TOTAL","count":15,"amount":36232.0}},{"entityName":"bishnupur","metric":{"type":"TOTAL","count":10,"amount":20861.0}},{"entityName":"tengnoupal","metric":{"type":"TOTAL","count":9,"amount":18880.0}},{"entityName":"chandel","metric":{"type":"TOTAL","count":5,"amount":12340.0}},{"entityName":"ukhrul","metric":{"type":"TOTAL","count":5,"amount":8304.0}},{"entityName":"senapati","metric":{"type":"TOTAL","count":4,"amount":21308.0}}],"pincodes":[{"entityName":"795004","metric":{"type":"TOTAL","count":50,"amount":124541.0}},{"entityName":"795001","metric":{"type":"TOTAL","count":25,"amount":70143.0}},{"entityName":"795002","metric":{"type":"TOTAL","count":14,"amount":14140.0}},{"entityName":"795128","metric":{"type":"TOTAL","count":10,"amount":27650.0}},{"entityName":"795129","metric":{"type":"TOTAL","count":9,"amount":19243.0}},{"entityName":"795135","metric":{"type":"TOTAL","count":9,"amount":17426.0}},{"entityName":"795149","metric":{"type":"TOTAL","count":8,"amount":20419.0}},{"entityName":"795138","metric":{"type":"TOTAL","count":8,"amount":20712.0}},{"entityName":"795008","metric":{"type":"TOTAL","count":7,"amount":29878.0}},{"entityName":"795006","metric":{"type":"TOTAL","count":6,"amount":23112.0}}]},"responseTimestamp":1692611217104}