{"success":true,"code":"SUCCESS","data":{"states":null,"districts":[{"entityName":"imphal west","metric":{"type":"TOTAL","count":51,"amount":78530.0}},{"entityName":"imphal east","metric":{"type":"TOTAL","count":40,"amount":90787.0}},{"entityName":"kangpokpi","metric":{"type":"TOTAL","count":16,"amount":35025.0}},{"entityName":"thoubal","metric":{"type":"TOTAL","count":16,"amount":38591.0}},{"entityName":"bishnupur","metric":{"type":"TOTAL","count":14,"amount":24160.0}},{"entityName":"churachandpur","metric":{"type":"TOTAL","count":12,"amount":17773.0}},{"entityName":"senapati","metric":{"type":"TOTAL","count":9,"amount":31489.0}},{"entityName":"jiribam","metric":{"type":"TOTAL","count":9,"amount":23319.0}},{"entityName":"chandel","metric":{"type":"TOTAL","count":9,"amount":15705.0}},{"entityName":"ukhrul","metric":{"type":"TOTAL","count":7,"amount":14532.0}}],"pincodes":[{"entityName":"795004","metric":{"type":"TOTAL","count":22,"amount":25653.0}},{"entityName":"795001","metric":{"type":"TOTAL","count":15,"amount":45639.0}},{"entityName":"795002","metric":{"type":"TOTAL","count":15,"amount":44644.0}},{"entityName":"795116","metric":{"type":"TOTAL","count":8,"amount":21204.0}},{"entityName":"795136","metric":{"type":"TOTAL","count":8,"amount":3355.0}},{"entityName":"795138","metric":{"type":"TOTAL","count":6,"amount":15416.0}},{"entityName":"795133","metric":{"type":"TOTAL","count":6,"amount":14166.0}},{"entityName":"795127","metric":{"type":"TOTAL","count":6,"amount":12568.0}},{"entityName":"795129","metric":{"type":"TOTAL","count":6,"amount":18971.0}},{"entityName":"795130","metric":{"type":"TOTAL","count":6,"amount":17076.0}}]},"responseTimestamp":1692611268586}