{"success":true,"code":"SUCCESS","data":{"states":null,"districts":[{"entityName":"imphal west","metric":{"type":"TOTAL","count":77,"amount":190653.0}},{"entityName":"imphal east","metric":{"type":"TOTAL","count":42,"amount":88393.0}},{"entityName":"churachandpur","metric":{"type":"TOTAL","count":36,"amount":71508.0}},{"entityName":"thoubal","metric":{"type":"TOTAL","count":24,"amount":41743.0}},{"entityName":"bishnupur","metric":{"type":"TOTAL","count":19,"amount":62178.0}},{"entityName":"kangpokpi","metric":{"type":"TOTAL","count":16,"amount":44552.0}},{"entityName":"tengnoupal","metric":{"type":"TOTAL","count":12,"amount":27609.0}},{"entityName":"ukhrul","metric":{"type":"TOTAL","count":11,"amount":28523.0}},{"entityName":"jiribam","metric":{"type":"TOTAL","count":10,"amount":32186.0}},{"entityName":"chandel","metric":{"type":"TOTAL","count":6,"amount":10066.0}}],"pincodes":[{"entityName":"795004","metric":{"type":"TOTAL","count":28,"amount":82038.0}},{"entityName":"795001","metric":{"type":"TOTAL","count":16,"amount":22732.0}},{"entityName":"795138","metric":{"type":"TOTAL","count":13,"amount":17893.0}},{"entityName":"795002","metric":{"type":"TOTAL","count":11,"amount":26316.0}},{"entityName":"795128","metric":{"type":"TOTAL","count":11,"amount":19980.0}},{"entityName":"795116","metric":{"type":"TOTAL","count":10,"amount":32186.0}},{"entityName":"795158","metric":{"type":"TOTAL","count":10,"amount":34521.0}},{"entityName":"795132","metric":{"type":"TOTAL","count":10,"amount":17578.0}},{"entityName":"795113","metric":{"type":"TOTAL","count":10,"amount":14090.0}},{"entityName":"795006","metric":{"type":"TOTAL","count":9,"amount":6400.0}}]},"responseTimestamp":1692611320416}