{"success":true,"code":"SUCCESS","data":{"states":null,"districts":[{"entityName":"khordha","metric":{"type":"TOTAL","count":948,"amount":176670.0}},{"entityName":"ganjam","metric":{"type":"TOTAL","count":235,"amount":49936.0}},{"entityName":"cuttack","metric":{"type":"TOTAL","count":221,"amount":46452.0}},{"entityName":"baleshwar","metric":{"type":"TOTAL","count":154,"amount":32694.0}},{"entityName":"sundargarh","metric":{"type":"TOTAL","count":145,"amount":30108.0}},{"entityName":"sambalpur","metric":{"type":"TOTAL","count":110,"amount":23412.0}},{"entityName":"jajapur","metric":{"type":"TOTAL","count":97,"amount":21660.0}},{"entityName":"puri","metric":{"type":"TOTAL","count":93,"amount":19503.0}},{"entityName":"anugul","metric":{"type":"TOTAL","count":92,"amount":18236.0}},{"entityName":"rayagada","metric":{"type":"TOTAL","count":84,"amount":16524.0}}],"pincodes":[{"entityName":"751002","metric":{"type":"TOTAL","count":100,"amount":17190.0}},{"entityName":"751024","metric":{"type":"TOTAL","count":95,"amount":17599.0}},{"entityName":"751012","metric":{"type":"TOTAL","count":70,"amount":12174.0}},{"entityName":"751019","metric":{"type":"TOTAL","count":58,"amount":9741.0}},{"entityName":"751003","metric":{"type":"TOTAL","count":54,"amount":9950.0}},{"entityName":"751021","metric":{"type":"TOTAL","count":51,"amount":8838.0}},{"entityName":"751010","metric":{"type":"TOTAL","count":48,"amount":7919.0}},{"entityName":"751006","metric":{"type":"TOTAL","count":40,"amount":7421.0}},{"entityName":"751013","metric":{"type":"TOTAL","count":38,"amount":6946.0}},{"entityName":"756001","metric":{"type":"TOTAL","count":38,"amount":7924.0}}]},"responseTimestamp":1692610816779}