{"success":true,"code":"SUCCESS","data":{"states":null,"districts":[{"entityName":"khordha","metric":{"type":"TOTAL","count":2540,"amount":565649.0}},{"entityName":"cuttack","metric":{"type":"TOTAL","count":953,"amount":236027.0}},{"entityName":"ganjam","metric":{"type":"TOTAL","count":765,"amount":176071.0}},{"entityName":"sundargarh","metric":{"type":"TOTAL","count":602,"amount":150334.0}},{"entityName":"kendujhar","metric":{"type":"TOTAL","count":480,"amount":101824.0}},{"entityName":"jajapur","metric":{"type":"TOTAL","count":431,"amount":93403.0}},{"entityName":"baleshwar","metric":{"type":"TOTAL","count":429,"amount":97503.0}},{"entityName":"sambalpur","metric":{"type":"TOTAL","count":382,"amount":104804.0}},{"entityName":"puri","metric":{"type":"TOTAL","count":376,"amount":85225.0}},{"entityName":"mayurbhanj","metric":{"type":"TOTAL","count":331,"amount":83843.0}}],"pincodes":[{"entityName":"751002","metric":{"type":"TOTAL","count":238,"amount":58689.0}},{"entityName":"751024","metric":{"type":"TOTAL","count":172,"amount":37710.0}},{"entityName":"751012","metric":{"type":"TOTAL","count":165,"amount":32895.0}},{"entityName":"751007","metric":{"type":"TOTAL","count":149,"amount":32839.0}},{"entityName":"751006","metric":{"type":"TOTAL","count":148,"amount":33707.0}},{"entityName":"758034","metric":{"type":"TOTAL","count":145,"amount":29226.0}},{"entityName":"767001","metric":{"type":"TOTAL","count":135,"amount":40245.0}},{"entityName":"751010","metric":{"type":"TOTAL","count":132,"amount":24049.0}},{"entityName":"765001","metric":{"type":"TOTAL","count":131,"amount":38524.0}},{"entityName":"753001","metric":{"type":"TOTAL","count":127,"amount":27206.0}}]},"responseTimestamp":1692610868275}