{"success":true,"code":"SUCCESS","data":{"states":null,"districts":[{"entityName":"khordha","metric":{"type":"TOTAL","count":1675,"amount":954884.0}},{"entityName":"cuttack","metric":{"type":"TOTAL","count":765,"amount":455694.0}},{"entityName":"ganjam","metric":{"type":"TOTAL","count":602,"amount":320130.0}},{"entityName":"sundargarh","metric":{"type":"TOTAL","count":376,"amount":244881.0}},{"entityName":"jajapur","metric":{"type":"TOTAL","count":300,"amount":152053.0}},{"entityName":"baleshwar","metric":{"type":"TOTAL","count":294,"amount":153833.0}},{"entityName":"puri","metric":{"type":"TOTAL","count":286,"amount":111526.0}},{"entityName":"kendujhar","metric":{"type":"TOTAL","count":264,"amount":141631.0}},{"entityName":"anugul","metric":{"type":"TOTAL","count":251,"amount":167432.0}},{"entityName":"sambalpur","metric":{"type":"TOTAL","count":225,"amount":119248.0}}],"pincodes":[{"entityName":"751021","metric":{"type":"TOTAL","count":118,"amount":58047.0}},{"entityName":"751002","metric":{"type":"TOTAL","count":116,"amount":54327.0}},{"entityName":"751024","metric":{"type":"TOTAL","count":102,"amount":77839.0}},{"entityName":"751006","metric":{"type":"TOTAL","count":97,"amount":57914.0}},{"entityName":"751010","metric":{"type":"TOTAL","count":96,"amount":41862.0}},{"entityName":"751012","metric":{"type":"TOTAL","count":91,"amount":50515.0}},{"entityName":"753001","metric":{"type":"TOTAL","count":90,"amount":35946.0}},{"entityName":"751019","metric":{"type":"TOTAL","count":87,"amount":39999.0}},{"entityName":"760001","metric":{"type":"TOTAL","count":81,"amount":29397.0}},{"entityName":"751003","metric":{"type":"TOTAL","count":71,"amount":30376.0}}]},"responseTimestamp":1692610921109}