{"success":true,"code":"SUCCESS","data":{"states":null,"districts":[{"entityName":"imphal west","metric":{"type":"TOTAL","count":16,"amount":3285.0}},{"entityName":"imphal east","metric":{"type":"TOTAL","count":11,"amount":1757.0}},{"entityName":"churachandpur","metric":{"type":"TOTAL","count":7,"amount":2480.0}},{"entityName":"thoubal","metric":{"type":"TOTAL","count":6,"amount":1406.0}},{"entityName":"tengnoupal","metric":{"type":"TOTAL","count":3,"amount":693.0}},{"entityName":"bishnupur","metric":{"type":"TOTAL","count":3,"amount":739.0}},{"entityName":"kakching","metric":{"type":"TOTAL","count":3,"amount":760.0}},{"entityName":"ukhrul","metric":{"type":"TOTAL","count":3,"amount":688.0}},{"entityName":"senapati","metric":{"type":"TOTAL","count":1,"amount":282.0}},{"entityName":"tamenglong","metric":{"type":"TOTAL","count":1,"amount":233.0}}],"pincodes":[{"entityName":"795008","metric":{"type":"TOTAL","count":8,"amount":1155.0}},{"entityName":"795004","metric":{"type":"TOTAL","count":7,"amount":1288.0}},{"entityName":"795006","metric":{"type":"TOTAL","count":5,"amount":1541.0}},{"entityName":"795003","metric":{"type":"TOTAL","count":4,"amount":847.0}},{"entityName":"795001","metric":{"type":"TOTAL","count":3,"amount":595.0}},{"entityName":"795142","metric":{"type":"TOTAL","count":3,"amount":688.0}},{"entityName":"795138","metric":{"type":"TOTAL","count":3,"amount":767.0}},{"entityName":"795130","metric":{"type":"TOTAL","count":3,"amount":595.0}},{"entityName":"795103","metric":{"type":"TOTAL","count":3,"amount":760.0}},{"entityName":"795009","metric":{"type":"TOTAL","count":2,"amount":457.0}}]},"responseTimestamp":1692610802066}