{"success":true,"code":"SUCCESS","data":{"states":null,"districts":[{"entityName":"imphal west","metric":{"type":"TOTAL","count":45,"amount":16382.0}},{"entityName":"imphal east","metric":{"type":"TOTAL","count":30,"amount":11791.0}},{"entityName":"bishnupur","metric":{"type":"TOTAL","count":12,"amount":4417.0}},{"entityName":"kakching","metric":{"type":"TOTAL","count":12,"amount":3715.0}},{"entityName":"kangpokpi","metric":{"type":"TOTAL","count":7,"amount":1221.0}},{"entityName":"churachandpur","metric":{"type":"TOTAL","count":6,"amount":1293.0}},{"entityName":"jiribam","metric":{"type":"TOTAL","count":5,"amount":1671.0}},{"entityName":"ukhrul","metric":{"type":"TOTAL","count":4,"amount":1613.0}},{"entityName":"thoubal","metric":{"type":"TOTAL","count":4,"amount":265.0}},{"entityName":"chandel","metric":{"type":"TOTAL","count":2,"amount":484.0}}],"pincodes":[{"entityName":"795004","metric":{"type":"TOTAL","count":18,"amount":8497.0}},{"entityName":"795010","metric":{"type":"TOTAL","count":15,"amount":6491.0}},{"entityName":"795140","metric":{"type":"TOTAL","count":13,"amount":4422.0}},{"entityName":"795103","metric":{"type":"TOTAL","count":11,"amount":3535.0}},{"entityName":"795133","metric":{"type":"TOTAL","count":7,"amount":1815.0}},{"entityName":"795001","metric":{"type":"TOTAL","count":6,"amount":2005.0}},{"entityName":"795116","metric":{"type":"TOTAL","count":5,"amount":1671.0}},{"entityName":"795134","metric":{"type":"TOTAL","count":4,"amount":1737.0}},{"entityName":"795126","metric":{"type":"TOTAL","count":3,"amount":1579.0}},{"entityName":"795005","metric":{"type":"TOTAL","count":3,"amount":595.0}}]},"responseTimestamp":1692610853515}