{"success":true,"code":"SUCCESS","data":{"states":null,"districts":[{"entityName":"imphal east","metric":{"type":"TOTAL","count":20,"amount":12570.0}},{"entityName":"imphal west","metric":{"type":"TOTAL","count":18,"amount":8367.0}},{"entityName":"churachandpur","metric":{"type":"TOTAL","count":12,"amount":7312.0}},{"entityName":"thoubal","metric":{"type":"TOTAL","count":12,"amount":4525.0}},{"entityName":"kakching","metric":{"type":"TOTAL","count":7,"amount":1931.0}},{"entityName":"kangpokpi","metric":{"type":"TOTAL","count":5,"amount":4999.0}},{"entityName":"bishnupur","metric":{"type":"TOTAL","count":5,"amount":626.0}},{"entityName":"senapati","metric":{"type":"TOTAL","count":3,"amount":2586.0}},{"entityName":"chandel","metric":{"type":"TOTAL","count":2,"amount":1514.0}},{"entityName":"tengnoupal","metric":{"type":"TOTAL","count":2,"amount":691.0}}],"pincodes":[{"entityName":"795004","metric":{"type":"TOTAL","count":13,"amount":6853.0}},{"entityName":"795001","metric":{"type":"TOTAL","count":12,"amount":11511.0}},{"entityName":"795138","metric":{"type":"TOTAL","count":7,"amount":4101.0}},{"entityName":"795103","metric":{"type":"TOTAL","count":7,"amount":1801.0}},{"entityName":"795158","metric":{"type":"TOTAL","count":5,"amount":1157.0}},{"entityName":"795148","metric":{"type":"TOTAL","count":5,"amount":424.0}},{"entityName":"795010","metric":{"type":"TOTAL","count":4,"amount":596.0}},{"entityName":"795129","metric":{"type":"TOTAL","count":4,"amount":3507.0}},{"entityName":"795149","metric":{"type":"TOTAL","count":3,"amount":431.0}},{"entityName":"795128","metric":{"type":"TOTAL","count":3,"amount":3554.0}}]},"responseTimestamp":1692610906556}