{"success":true,"code":"SUCCESS","data":{"states":null,"districts":[{"entityName":"pune","metric":{"type":"TOTAL","count":8699,"amount":1482628.0}},{"entityName":"thane","metric":{"type":"TOTAL","count":7559,"amount":1221018.0}},{"entityName":"mumbai suburban","metric":{"type":"TOTAL","count":5780,"amount":884439.0}},{"entityName":"aurangabad","metric":{"type":"TOTAL","count":2844,"amount":496194.0}},{"entityName":"nashik","metric":{"type":"TOTAL","count":2519,"amount":459865.0}},{"entityName":"raigad","metric":{"type":"TOTAL","count":1695,"amount":296865.0}},{"entityName":"palghar","metric":{"type":"TOTAL","count":1483,"amount":259634.0}},{"entityName":"mumbai","metric":{"type":"TOTAL","count":1473,"amount":223485.0}},{"entityName":"solapur","metric":{"type":"TOTAL","count":1152,"amount":212690.0}},{"entityName":"nagpur","metric":{"type":"TOTAL","count":985,"amount":185202.0}}],"pincodes":[{"entityName":"421201","metric":{"type":"TOTAL","count":668,"amount":104388.0}},{"entityName":"431003","metric":{"type":"TOTAL","count":651,"amount":107122.0}},{"entityName":"421302","metric":{"type":"TOTAL","count":630,"amount":106761.0}},{"entityName":"410206","metric":{"type":"TOTAL","count":609,"amount":101245.0}},{"entityName":"421301","metric":{"type":"TOTAL","count":540,"amount":87485.0}},{"entityName":"411014","metric":{"type":"TOTAL","count":472,"amount":74448.0}},{"entityName":"411046","metric":{"type":"TOTAL","count":469,"amount":76010.0}},{"entityName":"411041","metric":{"type":"TOTAL","count":432,"amount":69808.0}},{"entityName":"411057","metric":{"type":"TOTAL","count":428,"amount":69012.0}},{"entityName":"431005","metric":{"type":"TOTAL","count":415,"amount":67472.0}}]},"responseTimestamp":1692610802542}