{"success":true,"code":"SUCCESS","data":{"states":null,"districts":[{"entityName":"pune","metric":{"type":"TOTAL","count":18176,"amount":4567561.0}},{"entityName":"thane","metric":{"type":"TOTAL","count":6951,"amount":1718946.0}},{"entityName":"nashik","metric":{"type":"TOTAL","count":5564,"amount":1418697.0}},{"entityName":"aurangabad","metric":{"type":"TOTAL","count":4125,"amount":982466.0}},{"entityName":"mumbai suburban","metric":{"type":"TOTAL","count":3674,"amount":902028.0}},{"entityName":"ahmednagar","metric":{"type":"TOTAL","count":3194,"amount":926591.0}},{"entityName":"solapur","metric":{"type":"TOTAL","count":3034,"amount":785356.0}},{"entityName":"nagpur","metric":{"type":"TOTAL","count":2721,"amount":792995.0}},{"entityName":"raigad","metric":{"type":"TOTAL","count":2368,"amount":617257.0}},{"entityName":"kolhapur","metric":{"type":"TOTAL","count":2171,"amount":652181.0}}],"pincodes":[{"entityName":"410501","metric":{"type":"TOTAL","count":1067,"amount":278535.0}},{"entityName":"431003","metric":{"type":"TOTAL","count":926,"amount":209817.0}},{"entityName":"411033","metric":{"type":"TOTAL","count":852,"amount":196069.0}},{"entityName":"411014","metric":{"type":"TOTAL","count":812,"amount":203782.0}},{"entityName":"411046","metric":{"type":"TOTAL","count":786,"amount":187773.0}},{"entityName":"411041","metric":{"type":"TOTAL","count":766,"amount":180197.0}},{"entityName":"412105","metric":{"type":"TOTAL","count":762,"amount":200935.0}},{"entityName":"422009","metric":{"type":"TOTAL","count":644,"amount":158475.0}},{"entityName":"421201","metric":{"type":"TOTAL","count":637,"amount":150597.0}},{"entityName":"410206","metric":{"type":"TOTAL","count":616,"amount":155290.0}}]},"responseTimestamp":1692610854013}