{"success":true,"code":"SUCCESS","data":{"states":null,"districts":[{"entityName":"pune","metric":{"type":"TOTAL","count":8211,"amount":4862704.0}},{"entityName":"thane","metric":{"type":"TOTAL","count":5939,"amount":4405413.0}},{"entityName":"mumbai suburban","metric":{"type":"TOTAL","count":4631,"amount":3301120.0}},{"entityName":"nashik","metric":{"type":"TOTAL","count":2903,"amount":1492155.0}},{"entityName":"nagpur","metric":{"type":"TOTAL","count":1994,"amount":1280886.0}},{"entityName":"aurangabad","metric":{"type":"TOTAL","count":1877,"amount":739598.0}},{"entityName":"ahmednagar","metric":{"type":"TOTAL","count":1824,"amount":875154.0}},{"entityName":"mumbai","metric":{"type":"TOTAL","count":1677,"amount":1248451.0}},{"entityName":"raigad","metric":{"type":"TOTAL","count":1547,"amount":1308133.0}},{"entityName":"solapur","metric":{"type":"TOTAL","count":1313,"amount":596502.0}}],"pincodes":[{"entityName":"421302","metric":{"type":"TOTAL","count":609,"amount":459248.0}},{"entityName":"421201","metric":{"type":"TOTAL","count":465,"amount":347630.0}},{"entityName":"410501","metric":{"type":"TOTAL","count":452,"amount":192757.0}},{"entityName":"410206","metric":{"type":"TOTAL","count":446,"amount":383299.0}},{"entityName":"411033","metric":{"type":"TOTAL","count":444,"amount":272672.0}},{"entityName":"422009","metric":{"type":"TOTAL","count":408,"amount":229965.0}},{"entityName":"421301","metric":{"type":"TOTAL","count":396,"amount":265869.0}},{"entityName":"400072","metric":{"type":"TOTAL","count":317,"amount":193552.0}},{"entityName":"431003","metric":{"type":"TOTAL","count":314,"amount":118228.0}},{"entityName":"411046","metric":{"type":"TOTAL","count":298,"amount":219978.0}}]},"responseTimestamp":1692610907019}