{"success":true,"code":"SUCCESS","data":{"states":null,"districts":[{"entityName":"ernakulam","metric":{"type":"TOTAL","count":12981,"amount":2.0575531E7}},{"entityName":"thiruvananthapuram","metric":{"type":"TOTAL","count":9009,"amount":1.4401433E7}},{"entityName":"malappuram","metric":{"type":"TOTAL","count":7878,"amount":1.1442023E7}},{"entityName":"kozhikode","metric":{"type":"TOTAL","count":7818,"amount":1.1291867E7}},{"entityName":"thrissur","metric":{"type":"TOTAL","count":5531,"amount":8883949.0}},{"entityName":"kollam","metric":{"type":"TOTAL","count":4812,"amount":7932381.0}},{"entityName":"kannur","metric":{"type":"TOTAL","count":4612,"amount":7249941.0}},{"entityName":"alappuzha","metric":{"type":"TOTAL","count":4570,"amount":7250080.0}},{"entityName":"palakkad","metric":{"type":"TOTAL","count":3915,"amount":6273930.0}},{"entityName":"kottayam","metric":{"type":"TOTAL","count":3899,"amount":6495719.0}}],"pincodes":[{"entityName":"682042","metric":{"type":"TOTAL","count":564,"amount":953952.0}},{"entityName":"682024","metric":{"type":"TOTAL","count":457,"amount":845691.0}},{"entityName":"695001","metric":{"type":"TOTAL","count":449,"amount":612444.0}},{"entityName":"682025","metric":{"type":"TOTAL","count":370,"amount":569108.0}},{"entityName":"682020","metric":{"type":"TOTAL","count":350,"amount":485812.0}},{"entityName":"682032","metric":{"type":"TOTAL","count":339,"amount":458172.0}},{"entityName":"673638","metric":{"type":"TOTAL","count":318,"amount":459642.0}},{"entityName":"673032","metric":{"type":"TOTAL","count":318,"amount":449883.0}},{"entityName":"673008","metric":{"type":"TOTAL","count":309,"amount":470621.0}},{"entityName":"673592","metric":{"type":"TOTAL","count":293,"amount":520246.0}}]},"responseTimestamp":1714727749151}