{"success":true,"code":"SUCCESS","data":{"states":null,"districts":[{"entityName":"ernakulam","metric":{"type":"TOTAL","count":11149,"amount":1.8695182E7}},{"entityName":"thiruvananthapuram","metric":{"type":"TOTAL","count":8171,"amount":1.3733594E7}},{"entityName":"malappuram","metric":{"type":"TOTAL","count":7351,"amount":1.1554891E7}},{"entityName":"kozhikode","metric":{"type":"TOTAL","count":6739,"amount":1.0175936E7}},{"entityName":"thrissur","metric":{"type":"TOTAL","count":4961,"amount":8233954.0}},{"entityName":"kollam","metric":{"type":"TOTAL","count":4687,"amount":8003389.0}},{"entityName":"alappuzha","metric":{"type":"TOTAL","count":4001,"amount":6633278.0}},{"entityName":"kannur","metric":{"type":"TOTAL","count":3878,"amount":6367728.0}},{"entityName":"palakkad","metric":{"type":"TOTAL","count":3620,"amount":5990110.0}},{"entityName":"kottayam","metric":{"type":"TOTAL","count":3299,"amount":5927426.0}}],"pincodes":[{"entityName":"682042","metric":{"type":"TOTAL","count":456,"amount":813264.0}},{"entityName":"682024","metric":{"type":"TOTAL","count":355,"amount":566936.0}},{"entityName":"695001","metric":{"type":"TOTAL","count":338,"amount":536754.0}},{"entityName":"682025","metric":{"type":"TOTAL","count":310,"amount":585735.0}},{"entityName":"673032","metric":{"type":"TOTAL","count":302,"amount":449779.0}},{"entityName":"682020","metric":{"type":"TOTAL","count":302,"amount":497500.0}},{"entityName":"682032","metric":{"type":"TOTAL","count":292,"amount":443017.0}},{"entityName":"682301","metric":{"type":"TOTAL","count":290,"amount":584150.0}},{"entityName":"682507","metric":{"type":"TOTAL","count":288,"amount":426370.0}},{"entityName":"673638","metric":{"type":"TOTAL","count":277,"amount":397827.0}}]},"responseTimestamp":1722517878439}