{"success":true,"code":"SUCCESS","data":{"states":null,"districts":[{"entityName":"ernakulam","metric":{"type":"TOTAL","count":14031,"amount":2.3407883E7}},{"entityName":"thiruvananthapuram","metric":{"type":"TOTAL","count":10054,"amount":1.7206859E7}},{"entityName":"malappuram","metric":{"type":"TOTAL","count":8723,"amount":1.3934057E7}},{"entityName":"kozhikode","metric":{"type":"TOTAL","count":8105,"amount":1.2664149E7}},{"entityName":"thrissur","metric":{"type":"TOTAL","count":6096,"amount":9994666.0}},{"entityName":"kollam","metric":{"type":"TOTAL","count":5933,"amount":1.0174949E7}},{"entityName":"alappuzha","metric":{"type":"TOTAL","count":4917,"amount":8090275.0}},{"entityName":"kannur","metric":{"type":"TOTAL","count":4564,"amount":7586845.0}},{"entityName":"palakkad","metric":{"type":"TOTAL","count":4336,"amount":7204261.0}},{"entityName":"kottayam","metric":{"type":"TOTAL","count":4187,"amount":7258218.0}}],"pincodes":[{"entityName":"682024","metric":{"type":"TOTAL","count":680,"amount":1108681.0}},{"entityName":"682025","metric":{"type":"TOTAL","count":509,"amount":786231.0}},{"entityName":"682030","metric":{"type":"TOTAL","count":461,"amount":854833.0}},{"entityName":"682017","metric":{"type":"TOTAL","count":395,"amount":627986.0}},{"entityName":"682019","metric":{"type":"TOTAL","count":368,"amount":594507.0}},{"entityName":"682020","metric":{"type":"TOTAL","count":355,"amount":632193.0}},{"entityName":"673008","metric":{"type":"TOTAL","count":338,"amount":577858.0}},{"entityName":"695001","metric":{"type":"TOTAL","count":336,"amount":526038.0}},{"entityName":"695003","metric":{"type":"TOTAL","count":309,"amount":489120.0}},{"entityName":"673592","metric":{"type":"TOTAL","count":304,"amount":540385.0}}]},"responseTimestamp":1739974404204}