{"success":true,"code":"SUCCESS","data":{"states":null,"districts":[{"entityName":"ernakulam","metric":{"type":"TOTAL","count":15903,"amount":2.5255702E7}},{"entityName":"thiruvananthapuram","metric":{"type":"TOTAL","count":10961,"amount":1.8593239E7}},{"entityName":"malappuram","metric":{"type":"TOTAL","count":9829,"amount":1.4805451E7}},{"entityName":"kozhikode","metric":{"type":"TOTAL","count":9313,"amount":1.382898E7}},{"entityName":"thrissur","metric":{"type":"TOTAL","count":7040,"amount":1.1532393E7}},{"entityName":"kollam","metric":{"type":"TOTAL","count":6163,"amount":1.0147122E7}},{"entityName":"alappuzha","metric":{"type":"TOTAL","count":5391,"amount":8466002.0}},{"entityName":"kannur","metric":{"type":"TOTAL","count":5242,"amount":8310581.0}},{"entityName":"palakkad","metric":{"type":"TOTAL","count":4985,"amount":7861199.0}},{"entityName":"kottayam","metric":{"type":"TOTAL","count":4819,"amount":8243280.0}}],"pincodes":[{"entityName":"682024","metric":{"type":"TOTAL","count":757,"amount":1113137.0}},{"entityName":"682025","metric":{"type":"TOTAL","count":566,"amount":905246.0}},{"entityName":"682030","metric":{"type":"TOTAL","count":537,"amount":938088.0}},{"entityName":"682017","metric":{"type":"TOTAL","count":477,"amount":778597.0}},{"entityName":"682019","metric":{"type":"TOTAL","count":466,"amount":779727.0}},{"entityName":"673592","metric":{"type":"TOTAL","count":416,"amount":706996.0}},{"entityName":"673008","metric":{"type":"TOTAL","count":414,"amount":645801.0}},{"entityName":"695001","metric":{"type":"TOTAL","count":408,"amount":653996.0}},{"entityName":"682020","metric":{"type":"TOTAL","count":366,"amount":603100.0}},{"entityName":"682021","metric":{"type":"TOTAL","count":355,"amount":585091.0}}]},"responseTimestamp":1739974626499}