{"success":true,"code":"SUCCESS","data":{"states":null,"districts":[{"entityName":"indore","metric":{"type":"TOTAL","count":2373,"amount":1044072.0}},{"entityName":"bhopal","metric":{"type":"TOTAL","count":1322,"amount":583286.0}},{"entityName":"gwalior","metric":{"type":"TOTAL","count":630,"amount":303050.0}},{"entityName":"jabalpur","metric":{"type":"TOTAL","count":601,"amount":303438.0}},{"entityName":"ujjain","metric":{"type":"TOTAL","count":580,"amount":180839.0}},{"entityName":"dhar","metric":{"type":"TOTAL","count":497,"amount":132946.0}},{"entityName":"dewas","metric":{"type":"TOTAL","count":451,"amount":132348.0}},{"entityName":"chhindwara","metric":{"type":"TOTAL","count":386,"amount":159947.0}},{"entityName":"satna","metric":{"type":"TOTAL","count":369,"amount":153320.0}},{"entityName":"ratlam","metric":{"type":"TOTAL","count":360,"amount":106113.0}}],"pincodes":[{"entityName":"452010","metric":{"type":"TOTAL","count":292,"amount":123349.0}},{"entityName":"452001","metric":{"type":"TOTAL","count":251,"amount":116624.0}},{"entityName":"455001","metric":{"type":"TOTAL","count":250,"amount":80840.0}},{"entityName":"482002","metric":{"type":"TOTAL","count":183,"amount":70792.0}},{"entityName":"452003","metric":{"type":"TOTAL","count":182,"amount":84903.0}},{"entityName":"457001","metric":{"type":"TOTAL","count":168,"amount":51993.0}},{"entityName":"485001","metric":{"type":"TOTAL","count":164,"amount":77755.0}},{"entityName":"452020","metric":{"type":"TOTAL","count":163,"amount":41423.0}},{"entityName":"452009","metric":{"type":"TOTAL","count":153,"amount":59102.0}},{"entityName":"482001","metric":{"type":"TOTAL","count":149,"amount":85792.0}}]},"responseTimestamp":1692610951702}