{"success":true,"code":"SUCCESS","data":{"states":null,"districts":[{"entityName":"indore","metric":{"type":"TOTAL","count":2409,"amount":1643068.0}},{"entityName":"bhopal","metric":{"type":"TOTAL","count":1609,"amount":1026663.0}},{"entityName":"gwalior","metric":{"type":"TOTAL","count":733,"amount":524171.0}},{"entityName":"jabalpur","metric":{"type":"TOTAL","count":581,"amount":371266.0}},{"entityName":"ujjain","metric":{"type":"TOTAL","count":479,"amount":275694.0}},{"entityName":"dewas","metric":{"type":"TOTAL","count":478,"amount":257393.0}},{"entityName":"dhar","metric":{"type":"TOTAL","count":445,"amount":242729.0}},{"entityName":"satna","metric":{"type":"TOTAL","count":421,"amount":352758.0}},{"entityName":"betul","metric":{"type":"TOTAL","count":405,"amount":265449.0}},{"entityName":"sagar","metric":{"type":"TOTAL","count":395,"amount":337878.0}}],"pincodes":[{"entityName":"452010","metric":{"type":"TOTAL","count":318,"amount":217261.0}},{"entityName":"455001","metric":{"type":"TOTAL","count":293,"amount":152028.0}},{"entityName":"452003","metric":{"type":"TOTAL","count":212,"amount":186530.0}},{"entityName":"457001","metric":{"type":"TOTAL","count":182,"amount":156427.0}},{"entityName":"452001","metric":{"type":"TOTAL","count":179,"amount":100541.0}},{"entityName":"482002","metric":{"type":"TOTAL","count":177,"amount":78906.0}},{"entityName":"460001","metric":{"type":"TOTAL","count":166,"amount":115822.0}},{"entityName":"485001","metric":{"type":"TOTAL","count":166,"amount":142098.0}},{"entityName":"452016","metric":{"type":"TOTAL","count":166,"amount":123056.0}},{"entityName":"480001","metric":{"type":"TOTAL","count":163,"amount":80186.0}}]},"responseTimestamp":1692611003698}