{"success":true,"code":"SUCCESS","data":{"states":null,"districts":[{"entityName":"indore","metric":{"type":"TOTAL","count":2349,"amount":1551659.0}},{"entityName":"bhopal","metric":{"type":"TOTAL","count":983,"amount":700198.0}},{"entityName":"gwalior","metric":{"type":"TOTAL","count":512,"amount":475936.0}},{"entityName":"dhar","metric":{"type":"TOTAL","count":438,"amount":254560.0}},{"entityName":"jabalpur","metric":{"type":"TOTAL","count":429,"amount":329648.0}},{"entityName":"ujjain","metric":{"type":"TOTAL","count":415,"amount":193371.0}},{"entityName":"chhindwara","metric":{"type":"TOTAL","count":389,"amount":301402.0}},{"entityName":"dewas","metric":{"type":"TOTAL","count":348,"amount":222915.0}},{"entityName":"ratlam","metric":{"type":"TOTAL","count":329,"amount":122806.0}},{"entityName":"rewa","metric":{"type":"TOTAL","count":287,"amount":228592.0}}],"pincodes":[{"entityName":"452010","metric":{"type":"TOTAL","count":262,"amount":158149.0}},{"entityName":"455001","metric":{"type":"TOTAL","count":205,"amount":147100.0}},{"entityName":"452001","metric":{"type":"TOTAL","count":201,"amount":94445.0}},{"entityName":"452003","metric":{"type":"TOTAL","count":183,"amount":107552.0}},{"entityName":"457001","metric":{"type":"TOTAL","count":165,"amount":75346.0}},{"entityName":"452016","metric":{"type":"TOTAL","count":159,"amount":158420.0}},{"entityName":"452020","metric":{"type":"TOTAL","count":153,"amount":102349.0}},{"entityName":"452009","metric":{"type":"TOTAL","count":137,"amount":93228.0}},{"entityName":"480001","metric":{"type":"TOTAL","count":128,"amount":137028.0}},{"entityName":"456010","metric":{"type":"TOTAL","count":121,"amount":74050.0}}]},"responseTimestamp":1692611056081}