{"success":true,"code":"SUCCESS","data":{"states":null,"districts":[{"entityName":"indore","metric":{"type":"TOTAL","count":3226,"amount":3536081.0}},{"entityName":"bhopal","metric":{"type":"TOTAL","count":1534,"amount":1918374.0}},{"entityName":"gwalior","metric":{"type":"TOTAL","count":879,"amount":1082459.0}},{"entityName":"jabalpur","metric":{"type":"TOTAL","count":672,"amount":791859.0}},{"entityName":"ujjain","metric":{"type":"TOTAL","count":524,"amount":561237.0}},{"entityName":"satna","metric":{"type":"TOTAL","count":392,"amount":499763.0}},{"entityName":"chhindwara","metric":{"type":"TOTAL","count":372,"amount":497400.0}},{"entityName":"sagar","metric":{"type":"TOTAL","count":357,"amount":376821.0}},{"entityName":"dewas","metric":{"type":"TOTAL","count":347,"amount":392812.0}},{"entityName":"singrauli","metric":{"type":"TOTAL","count":334,"amount":521508.0}}],"pincodes":[{"entityName":"452010","metric":{"type":"TOTAL","count":385,"amount":363032.0}},{"entityName":"452001","metric":{"type":"TOTAL","count":320,"amount":327898.0}},{"entityName":"452016","metric":{"type":"TOTAL","count":237,"amount":352688.0}},{"entityName":"452003","metric":{"type":"TOTAL","count":233,"amount":233481.0}},{"entityName":"452009","metric":{"type":"TOTAL","count":224,"amount":260882.0}},{"entityName":"455001","metric":{"type":"TOTAL","count":199,"amount":240931.0}},{"entityName":"482002","metric":{"type":"TOTAL","count":194,"amount":226586.0}},{"entityName":"485001","metric":{"type":"TOTAL","count":172,"amount":186619.0}},{"entityName":"482001","metric":{"type":"TOTAL","count":164,"amount":175088.0}},{"entityName":"452007","metric":{"type":"TOTAL","count":163,"amount":163807.0}}]},"responseTimestamp":1692611107635}