{"success":true,"code":"SUCCESS","data":{"states":null,"districts":[{"entityName":"pune","metric":{"type":"TOTAL","count":31744,"amount":5.1048763E7}},{"entityName":"thane","metric":{"type":"TOTAL","count":20270,"amount":2.7149287E7}},{"entityName":"mumbai suburban","metric":{"type":"TOTAL","count":17918,"amount":2.2557721E7}},{"entityName":"nagpur","metric":{"type":"TOTAL","count":12679,"amount":1.8547241E7}},{"entityName":"mumbai","metric":{"type":"TOTAL","count":6902,"amount":8072969.0}},{"entityName":"solapur","metric":{"type":"TOTAL","count":6451,"amount":8799075.0}},{"entityName":"nashik","metric":{"type":"TOTAL","count":6082,"amount":1.0946664E7}},{"entityName":"raigad","metric":{"type":"TOTAL","count":5630,"amount":9088755.0}},{"entityName":"palghar","metric":{"type":"TOTAL","count":5153,"amount":6750664.0}},{"entityName":"aurangabad","metric":{"type":"TOTAL","count":3085,"amount":5183513.0}}],"pincodes":[{"entityName":"411057","metric":{"type":"TOTAL","count":2366,"amount":3619740.0}},{"entityName":"421302","metric":{"type":"TOTAL","count":1926,"amount":2219144.0}},{"entityName":"411033","metric":{"type":"TOTAL","count":1748,"amount":2676682.0}},{"entityName":"410206","metric":{"type":"TOTAL","count":1642,"amount":2789761.0}},{"entityName":"410501","metric":{"type":"TOTAL","count":1474,"amount":1672188.0}},{"entityName":"413002","metric":{"type":"TOTAL","count":1465,"amount":1750096.0}},{"entityName":"411014","metric":{"type":"TOTAL","count":1361,"amount":2122478.0}},{"entityName":"421201","metric":{"type":"TOTAL","count":1282,"amount":1721708.0}},{"entityName":"421301","metric":{"type":"TOTAL","count":1267,"amount":1635718.0}},{"entityName":"401208","metric":{"type":"TOTAL","count":1200,"amount":1360932.0}}]},"responseTimestamp":1714727726681}