{"success":true,"code":"SUCCESS","data":{"states":null,"districts":[{"entityName":"pune","metric":{"type":"TOTAL","count":26444,"amount":4.695658E7}},{"entityName":"thane","metric":{"type":"TOTAL","count":15340,"amount":2.2859227E7}},{"entityName":"mumbai suburban","metric":{"type":"TOTAL","count":14014,"amount":1.899329E7}},{"entityName":"nagpur","metric":{"type":"TOTAL","count":9216,"amount":1.4835107E7}},{"entityName":"mumbai","metric":{"type":"TOTAL","count":5529,"amount":6816397.0}},{"entityName":"nashik","metric":{"type":"TOTAL","count":5155,"amount":1.0375218E7}},{"entityName":"raigad","metric":{"type":"TOTAL","count":4523,"amount":8094573.0}},{"entityName":"solapur","metric":{"type":"TOTAL","count":4497,"amount":7003235.0}},{"entityName":"palghar","metric":{"type":"TOTAL","count":4467,"amount":6066744.0}},{"entityName":"aurangabad","metric":{"type":"TOTAL","count":2560,"amount":4942594.0}}],"pincodes":[{"entityName":"411057","metric":{"type":"TOTAL","count":2103,"amount":3395840.0}},{"entityName":"421302","metric":{"type":"TOTAL","count":1350,"amount":1874482.0}},{"entityName":"411033","metric":{"type":"TOTAL","count":1346,"amount":2310327.0}},{"entityName":"411014","metric":{"type":"TOTAL","count":1321,"amount":2340015.0}},{"entityName":"410206","metric":{"type":"TOTAL","count":1245,"amount":2314637.0}},{"entityName":"410501","metric":{"type":"TOTAL","count":1129,"amount":1394820.0}},{"entityName":"401208","metric":{"type":"TOTAL","count":1084,"amount":1408744.0}},{"entityName":"421301","metric":{"type":"TOTAL","count":1001,"amount":1423247.0}},{"entityName":"421201","metric":{"type":"TOTAL","count":1000,"amount":1336627.0}},{"entityName":"412105","metric":{"type":"TOTAL","count":968,"amount":1835555.0}}]},"responseTimestamp":1722517852237}