{"success":true,"code":"SUCCESS","data":{"states":null,"districts":[{"entityName":"pune","metric":{"type":"TOTAL","count":26286,"amount":4.6687498E7}},{"entityName":"thane","metric":{"type":"TOTAL","count":15453,"amount":2.2511361E7}},{"entityName":"mumbai suburban","metric":{"type":"TOTAL","count":13683,"amount":1.8789444E7}},{"entityName":"nagpur","metric":{"type":"TOTAL","count":9386,"amount":1.5106134E7}},{"entityName":"nashik","metric":{"type":"TOTAL","count":5353,"amount":1.0909003E7}},{"entityName":"mumbai","metric":{"type":"TOTAL","count":5295,"amount":6937984.0}},{"entityName":"solapur","metric":{"type":"TOTAL","count":4778,"amount":7310679.0}},{"entityName":"raigad","metric":{"type":"TOTAL","count":4361,"amount":7719446.0}},{"entityName":"palghar","metric":{"type":"TOTAL","count":4237,"amount":5785705.0}},{"entityName":"chhatrapati sambhaji nagar","metric":{"type":"TOTAL","count":2939,"amount":5591791.0}}],"pincodes":[{"entityName":"411057","metric":{"type":"TOTAL","count":2209,"amount":3899516.0}},{"entityName":"411033","metric":{"type":"TOTAL","count":1500,"amount":2325813.0}},{"entityName":"421302","metric":{"type":"TOTAL","count":1347,"amount":1846386.0}},{"entityName":"410206","metric":{"type":"TOTAL","count":1274,"amount":2276353.0}},{"entityName":"411014","metric":{"type":"TOTAL","count":1216,"amount":2297301.0}},{"entityName":"401208","metric":{"type":"TOTAL","count":1093,"amount":1323964.0}},{"entityName":"410501","metric":{"type":"TOTAL","count":1044,"amount":1454573.0}},{"entityName":"412105","metric":{"type":"TOTAL","count":864,"amount":1580941.0}},{"entityName":"413002","metric":{"type":"TOTAL","count":826,"amount":1097610.0}},{"entityName":"400701","metric":{"type":"TOTAL","count":814,"amount":1197605.0}}]},"responseTimestamp":1739974378763}