{"success":true,"code":"SUCCESS","data":{"states":null,"districts":[{"entityName":"pune","metric":{"type":"TOTAL","count":35259,"amount":6.0734341E7}},{"entityName":"thane","metric":{"type":"TOTAL","count":23491,"amount":3.1407984E7}},{"entityName":"mumbai suburban","metric":{"type":"TOTAL","count":19612,"amount":2.5682802E7}},{"entityName":"nagpur","metric":{"type":"TOTAL","count":12751,"amount":1.9445789E7}},{"entityName":"nashik","metric":{"type":"TOTAL","count":7952,"amount":1.4806816E7}},{"entityName":"mumbai","metric":{"type":"TOTAL","count":7238,"amount":9140646.0}},{"entityName":"raigad","metric":{"type":"TOTAL","count":6391,"amount":1.0673836E7}},{"entityName":"palghar","metric":{"type":"TOTAL","count":5776,"amount":7706463.0}},{"entityName":"solapur","metric":{"type":"TOTAL","count":5648,"amount":9035348.0}},{"entityName":"chhatrapati sambhaji nagar","metric":{"type":"TOTAL","count":4159,"amount":6915626.0}}],"pincodes":[{"entityName":"411057","metric":{"type":"TOTAL","count":2775,"amount":4649485.0}},{"entityName":"421302","metric":{"type":"TOTAL","count":2204,"amount":2563723.0}},{"entityName":"411033","metric":{"type":"TOTAL","count":2017,"amount":3378682.0}},{"entityName":"410206","metric":{"type":"TOTAL","count":1852,"amount":2865016.0}},{"entityName":"410501","metric":{"type":"TOTAL","count":1647,"amount":1900840.0}},{"entityName":"411014","metric":{"type":"TOTAL","count":1536,"amount":2694545.0}},{"entityName":"401208","metric":{"type":"TOTAL","count":1311,"amount":1623101.0}},{"entityName":"400701","metric":{"type":"TOTAL","count":1216,"amount":1576605.0}},{"entityName":"412105","metric":{"type":"TOTAL","count":1164,"amount":1992779.0}},{"entityName":"421306","metric":{"type":"TOTAL","count":1160,"amount":1378193.0}}]},"responseTimestamp":1739974600755}