{"success":true,"code":"SUCCESS","data":{"states":[{"entityName":"karnataka","metric":{"type":"TOTAL","count":95640,"amount":1.3073358E8}},{"entityName":"maharashtra","metric":{"type":"TOTAL","count":88015,"amount":1.17411928E8}},{"entityName":"tamil nadu","metric":{"type":"TOTAL","count":47621,"amount":6.4969045E7}},{"entityName":"uttar pradesh","metric":{"type":"TOTAL","count":45996,"amount":7.3014969E7}},{"entityName":"west bengal","metric":{"type":"TOTAL","count":38779,"amount":5.1160527E7}},{"entityName":"kerala","metric":{"type":"TOTAL","count":37110,"amount":6.417219E7}},{"entityName":"telangana","metric":{"type":"TOTAL","count":36325,"amount":5.1942016E7}},{"entityName":"andhra pradesh","metric":{"type":"TOTAL","count":29954,"amount":4.2648157E7}},{"entityName":"delhi","metric":{"type":"TOTAL","count":28232,"amount":3.5442069E7}},{"entityName":"haryana","metric":{"type":"TOTAL","count":22783,"amount":3.2526943E7}}],"districts":[{"entityName":"bengaluru urban","metric":{"type":"TOTAL","count":57549,"amount":7.1700148E7}},{"entityName":"pune","metric":{"type":"TOTAL","count":17790,"amount":2.4312875E7}},{"entityName":"thane","metric":{"type":"TOTAL","count":14272,"amount":1.6536659E7}},{"entityName":"mumbai suburban","metric":{"type":"TOTAL","count":10457,"amount":1.1756037E7}},{"entityName":"chennai","metric":{"type":"TOTAL","count":9138,"amount":9949256.0}},{"entityName":"hyderabad","metric":{"type":"TOTAL","count":7434,"amount":9813417.0}},{"entityName":"medchal malkajgiri","metric":{"type":"TOTAL","count":7300,"amount":1.0383529E7}},{"entityName":"rangareddy","metric":{"type":"TOTAL","count":7261,"amount":1.085164E7}},{"entityName":"kolkata","metric":{"type":"TOTAL","count":6763,"amount":7736401.0}},{"entityName":"gurugram","metric":{"type":"TOTAL","count":6642,"amount":8138262.0}}],"pincodes":[{"entityName":"560068","metric":{"type":"TOTAL","count":2349,"amount":2922542.0}},{"entityName":"560076","metric":{"type":"TOTAL","count":1718,"amount":2181826.0}},{"entityName":"560043","metric":{"type":"TOTAL","count":1713,"amount":2402868.0}},{"entityName":"560058","metric":{"type":"TOTAL","count":1699,"amount":1800069.0}},{"entityName":"421302","metric":{"type":"TOTAL","count":1673,"amount":1688051.0}},{"entityName":"560078","metric":{"type":"TOTAL","count":1671,"amount":1970551.0}},{"entityName":"560091","metric":{"type":"TOTAL","count":1656,"amount":2065687.0}},{"entityName":"110059","metric":{"type":"TOTAL","count":1416,"amount":1666849.0}},{"entityName":"560079","metric":{"type":"TOTAL","count":1358,"amount":1534187.0}},{"entityName":"560064","metric":{"type":"TOTAL","count":1288,"amount":1709573.0}}]},"responseTimestamp":1692611157152}