{"success":true,"code":"SUCCESS","data":{"states":[{"entityName":"karnataka","metric":{"type":"TOTAL","count":93385,"amount":1.23228632E8}},{"entityName":"maharashtra","metric":{"type":"TOTAL","count":80935,"amount":1.04603934E8}},{"entityName":"uttar pradesh","metric":{"type":"TOTAL","count":55133,"amount":7.7434953E7}},{"entityName":"tamil nadu","metric":{"type":"TOTAL","count":46714,"amount":6.183512E7}},{"entityName":"telangana","metric":{"type":"TOTAL","count":45600,"amount":5.8056956E7}},{"entityName":"kerala","metric":{"type":"TOTAL","count":35667,"amount":5.9920203E7}},{"entityName":"west bengal","metric":{"type":"TOTAL","count":33542,"amount":4.1737021E7}},{"entityName":"andhra pradesh","metric":{"type":"TOTAL","count":32185,"amount":4.1708072E7}},{"entityName":"delhi","metric":{"type":"TOTAL","count":26378,"amount":3.1787281E7}},{"entityName":"gujarat","metric":{"type":"TOTAL","count":25381,"amount":3.2090965E7}}],"districts":[{"entityName":"bengaluru urban","metric":{"type":"TOTAL","count":57934,"amount":6.9731242E7}},{"entityName":"pune","metric":{"type":"TOTAL","count":18712,"amount":2.4072589E7}},{"entityName":"thane","metric":{"type":"TOTAL","count":12306,"amount":1.4514282E7}},{"entityName":"rangareddy","metric":{"type":"TOTAL","count":10065,"amount":1.3653367E7}},{"entityName":"mumbai suburban","metric":{"type":"TOTAL","count":9944,"amount":1.0743651E7}},{"entityName":"hyderabad","metric":{"type":"TOTAL","count":9542,"amount":1.1365866E7}},{"entityName":"chennai","metric":{"type":"TOTAL","count":8966,"amount":9428379.0}},{"entityName":"medchal malkajgiri","metric":{"type":"TOTAL","count":8919,"amount":1.1248856E7}},{"entityName":"jaipur","metric":{"type":"TOTAL","count":7224,"amount":9069667.0}},{"entityName":"ahmadabad","metric":{"type":"TOTAL","count":6962,"amount":8565312.0}}],"pincodes":[{"entityName":"560068","metric":{"type":"TOTAL","count":2692,"amount":3077564.0}},{"entityName":"560037","metric":{"type":"TOTAL","count":1860,"amount":2052163.0}},{"entityName":"560078","metric":{"type":"TOTAL","count":1844,"amount":2105323.0}},{"entityName":"560076","metric":{"type":"TOTAL","count":1835,"amount":2129897.0}},{"entityName":"500072","metric":{"type":"TOTAL","count":1794,"amount":2115388.0}},{"entityName":"560043","metric":{"type":"TOTAL","count":1755,"amount":2171198.0}},{"entityName":"560091","metric":{"type":"TOTAL","count":1405,"amount":1565112.0}},{"entityName":"560100","metric":{"type":"TOTAL","count":1389,"amount":1710571.0}},{"entityName":"201301","metric":{"type":"TOTAL","count":1312,"amount":1413747.0}},{"entityName":"203001","metric":{"type":"TOTAL","count":1297,"amount":774861.0}}]},"responseTimestamp":1692611208619}