{"success":true,"code":"SUCCESS","data":{"states":[{"entityName":"karnataka","metric":{"type":"TOTAL","count":110273,"amount":1.44605784E8}},{"entityName":"maharashtra","metric":{"type":"TOTAL","count":90958,"amount":1.13835208E8}},{"entityName":"uttar pradesh","metric":{"type":"TOTAL","count":64514,"amount":8.7703512E7}},{"entityName":"tamil nadu","metric":{"type":"TOTAL","count":64356,"amount":7.974752E7}},{"entityName":"kerala","metric":{"type":"TOTAL","count":54587,"amount":8.5390924E7}},{"entityName":"telangana","metric":{"type":"TOTAL","count":51465,"amount":6.4798126E7}},{"entityName":"west bengal","metric":{"type":"TOTAL","count":47853,"amount":5.9092307E7}},{"entityName":"andhra pradesh","metric":{"type":"TOTAL","count":39301,"amount":4.8791931E7}},{"entityName":"delhi","metric":{"type":"TOTAL","count":35944,"amount":4.157016E7}},{"entityName":"haryana","metric":{"type":"TOTAL","count":35346,"amount":4.54028E7}}],"districts":[{"entityName":"bengaluru urban","metric":{"type":"TOTAL","count":64593,"amount":7.930348E7}},{"entityName":"pune","metric":{"type":"TOTAL","count":19899,"amount":2.482326E7}},{"entityName":"thane","metric":{"type":"TOTAL","count":13402,"amount":1.5693837E7}},{"entityName":"chennai","metric":{"type":"TOTAL","count":12059,"amount":1.2069618E7}},{"entityName":"rangareddy","metric":{"type":"TOTAL","count":11801,"amount":1.5523643E7}},{"entityName":"mumbai suburban","metric":{"type":"TOTAL","count":11136,"amount":1.1840245E7}},{"entityName":"hyderabad","metric":{"type":"TOTAL","count":10560,"amount":1.2374531E7}},{"entityName":"medchal malkajgiri","metric":{"type":"TOTAL","count":10158,"amount":1.280619E7}},{"entityName":"gurugram","metric":{"type":"TOTAL","count":10085,"amount":1.0744733E7}},{"entityName":"jaipur","metric":{"type":"TOTAL","count":9778,"amount":1.1871696E7}}],"pincodes":[{"entityName":"560068","metric":{"type":"TOTAL","count":2861,"amount":3528404.0}},{"entityName":"500072","metric":{"type":"TOTAL","count":2176,"amount":2594114.0}},{"entityName":"560037","metric":{"type":"TOTAL","count":2120,"amount":2606805.0}},{"entityName":"560043","metric":{"type":"TOTAL","count":2030,"amount":2571392.0}},{"entityName":"560076","metric":{"type":"TOTAL","count":1945,"amount":2478555.0}},{"entityName":"122001","metric":{"type":"TOTAL","count":1932,"amount":1913882.0}},{"entityName":"560078","metric":{"type":"TOTAL","count":1912,"amount":2228186.0}},{"entityName":"201301","metric":{"type":"TOTAL","count":1886,"amount":1908594.0}},{"entityName":"560058","metric":{"type":"TOTAL","count":1610,"amount":1917287.0}},{"entityName":"560091","metric":{"type":"TOTAL","count":1561,"amount":1858018.0}}]},"responseTimestamp":1692611260050}