{"success":true,"code":"SUCCESS","data":{"states":[{"entityName":"karnataka","metric":{"type":"TOTAL","count":133971,"amount":1.85063287E8}},{"entityName":"maharashtra","metric":{"type":"TOTAL","count":125900,"amount":1.74915648E8}},{"entityName":"tamil nadu","metric":{"type":"TOTAL","count":125491,"amount":1.4645779E8}},{"entityName":"uttar pradesh","metric":{"type":"TOTAL","count":77022,"amount":1.16755813E8}},{"entityName":"kerala","metric":{"type":"TOTAL","count":65563,"amount":1.03982997E8}},{"entityName":"telangana","metric":{"type":"TOTAL","count":64655,"amount":8.8544127E7}},{"entityName":"west bengal","metric":{"type":"TOTAL","count":54277,"amount":7.0466433E7}},{"entityName":"delhi","metric":{"type":"TOTAL","count":48908,"amount":6.0603173E7}},{"entityName":"andhra pradesh","metric":{"type":"TOTAL","count":44329,"amount":5.8043239E7}},{"entityName":"rajasthan","metric":{"type":"TOTAL","count":40926,"amount":6.0792838E7}}],"districts":[{"entityName":"bengaluru urban","metric":{"type":"TOTAL","count":78817,"amount":1.01938016E8}},{"entityName":"pune","metric":{"type":"TOTAL","count":27018,"amount":3.8292195E7}},{"entityName":"chennai","metric":{"type":"TOTAL","count":21588,"amount":2.1184965E7}},{"entityName":"thane","metric":{"type":"TOTAL","count":20282,"amount":2.4614041E7}},{"entityName":"mumbai suburban","metric":{"type":"TOTAL","count":16192,"amount":1.8884324E7}},{"entityName":"rangareddy","metric":{"type":"TOTAL","count":15005,"amount":2.1565381E7}},{"entityName":"thiruvallur","metric":{"type":"TOTAL","count":14602,"amount":1.5650997E7}},{"entityName":"medchal malkajgiri","metric":{"type":"TOTAL","count":12852,"amount":1.7986714E7}},{"entityName":"hyderabad","metric":{"type":"TOTAL","count":12819,"amount":1.5945642E7}},{"entityName":"coimbatore","metric":{"type":"TOTAL","count":12780,"amount":1.5595276E7}}],"pincodes":[{"entityName":"560068","metric":{"type":"TOTAL","count":3419,"amount":4310528.0}},{"entityName":"500072","metric":{"type":"TOTAL","count":2486,"amount":3151661.0}},{"entityName":"560043","metric":{"type":"TOTAL","count":2468,"amount":3499600.0}},{"entityName":"560037","metric":{"type":"TOTAL","count":2424,"amount":3146560.0}},{"entityName":"560076","metric":{"type":"TOTAL","count":2391,"amount":3129589.0}},{"entityName":"560078","metric":{"type":"TOTAL","count":2388,"amount":3105356.0}},{"entityName":"201301","metric":{"type":"TOTAL","count":2193,"amount":2399892.0}},{"entityName":"421302","metric":{"type":"TOTAL","count":2085,"amount":2245940.0}},{"entityName":"122001","metric":{"type":"TOTAL","count":2037,"amount":2580157.0}},{"entityName":"560058","metric":{"type":"TOTAL","count":1998,"amount":2274976.0}}]},"responseTimestamp":1692611311813}