{"success":true,"code":"SUCCESS","data":{"states":null,"districts":[{"entityName":"raipur","metric":{"type":"TOTAL","count":4431,"amount":6662939.0}},{"entityName":"durg","metric":{"type":"TOTAL","count":2798,"amount":4503702.0}},{"entityName":"bilaspur","metric":{"type":"TOTAL","count":1885,"amount":2705056.0}},{"entityName":"korba","metric":{"type":"TOTAL","count":1264,"amount":2024895.0}},{"entityName":"raigarh","metric":{"type":"TOTAL","count":1243,"amount":1713513.0}},{"entityName":"janjgir champa","metric":{"type":"TOTAL","count":847,"amount":1175253.0}},{"entityName":"rajnandgaon","metric":{"type":"TOTAL","count":796,"amount":1161349.0}},{"entityName":"bastar","metric":{"type":"TOTAL","count":652,"amount":1182790.0}},{"entityName":"surguja","metric":{"type":"TOTAL","count":591,"amount":1143999.0}},{"entityName":"baloda bazar","metric":{"type":"TOTAL","count":579,"amount":789583.0}}],"pincodes":[{"entityName":"492001","metric":{"type":"TOTAL","count":974,"amount":1525992.0}},{"entityName":"495001","metric":{"type":"TOTAL","count":746,"amount":1119346.0}},{"entityName":"491001","metric":{"type":"TOTAL","count":499,"amount":903896.0}},{"entityName":"497001","metric":{"type":"TOTAL","count":488,"amount":964865.0}},{"entityName":"494001","metric":{"type":"TOTAL","count":423,"amount":771825.0}},{"entityName":"490006","metric":{"type":"TOTAL","count":400,"amount":722419.0}},{"entityName":"490023","metric":{"type":"TOTAL","count":364,"amount":558205.0}},{"entityName":"492013","metric":{"type":"TOTAL","count":353,"amount":591763.0}},{"entityName":"491441","metric":{"type":"TOTAL","count":350,"amount":427895.0}},{"entityName":"493221","metric":{"type":"TOTAL","count":349,"amount":396903.0}}]},"responseTimestamp":1714727765962}