{"success":true,"code":"SUCCESS","data":{"states":null,"districts":[{"entityName":"raipur","metric":{"type":"TOTAL","count":3646,"amount":6000577.0}},{"entityName":"durg","metric":{"type":"TOTAL","count":2258,"amount":3780232.0}},{"entityName":"bilaspur","metric":{"type":"TOTAL","count":1489,"amount":2337487.0}},{"entityName":"korba","metric":{"type":"TOTAL","count":1003,"amount":1593038.0}},{"entityName":"raigarh","metric":{"type":"TOTAL","count":979,"amount":1397659.0}},{"entityName":"janjgir champa","metric":{"type":"TOTAL","count":682,"amount":1118473.0}},{"entityName":"rajnandgaon","metric":{"type":"TOTAL","count":598,"amount":1029575.0}},{"entityName":"bastar","metric":{"type":"TOTAL","count":569,"amount":870413.0}},{"entityName":"surguja","metric":{"type":"TOTAL","count":465,"amount":1002603.0}},{"entityName":"baloda bazar","metric":{"type":"TOTAL","count":464,"amount":729308.0}}],"pincodes":[{"entityName":"492001","metric":{"type":"TOTAL","count":849,"amount":1537874.0}},{"entityName":"495001","metric":{"type":"TOTAL","count":602,"amount":979613.0}},{"entityName":"494001","metric":{"type":"TOTAL","count":405,"amount":648588.0}},{"entityName":"497001","metric":{"type":"TOTAL","count":397,"amount":859975.0}},{"entityName":"491001","metric":{"type":"TOTAL","count":333,"amount":574928.0}},{"entityName":"490006","metric":{"type":"TOTAL","count":320,"amount":594720.0}},{"entityName":"495450","metric":{"type":"TOTAL","count":298,"amount":547737.0}},{"entityName":"491441","metric":{"type":"TOTAL","count":294,"amount":520905.0}},{"entityName":"492013","metric":{"type":"TOTAL","count":288,"amount":605850.0}},{"entityName":"490023","metric":{"type":"TOTAL","count":286,"amount":472784.0}}]},"responseTimestamp":1722517897372}