{"success":true,"code":"SUCCESS","data":{"states":null,"districts":[{"entityName":"raipur","metric":{"type":"TOTAL","count":3867,"amount":6026487.0}},{"entityName":"durg","metric":{"type":"TOTAL","count":2213,"amount":3720914.0}},{"entityName":"bilaspur","metric":{"type":"TOTAL","count":1531,"amount":2522496.0}},{"entityName":"korba","metric":{"type":"TOTAL","count":1115,"amount":1812021.0}},{"entityName":"raigarh","metric":{"type":"TOTAL","count":1096,"amount":1514472.0}},{"entityName":"bastar","metric":{"type":"TOTAL","count":634,"amount":1101607.0}},{"entityName":"janjgir champa","metric":{"type":"TOTAL","count":519,"amount":839363.0}},{"entityName":"rajnandgaon","metric":{"type":"TOTAL","count":441,"amount":769805.0}},{"entityName":"surguja","metric":{"type":"TOTAL","count":425,"amount":820022.0}},{"entityName":"balodabazar bhatapara","metric":{"type":"TOTAL","count":406,"amount":639999.0}}],"pincodes":[{"entityName":"492001","metric":{"type":"TOTAL","count":1241,"amount":2032390.0}},{"entityName":"495001","metric":{"type":"TOTAL","count":631,"amount":1109971.0}},{"entityName":"491001","metric":{"type":"TOTAL","count":491,"amount":893883.0}},{"entityName":"496001","metric":{"type":"TOTAL","count":488,"amount":693135.0}},{"entityName":"494001","metric":{"type":"TOTAL","count":485,"amount":790388.0}},{"entityName":"497001","metric":{"type":"TOTAL","count":362,"amount":730117.0}},{"entityName":"492099","metric":{"type":"TOTAL","count":336,"amount":548490.0}},{"entityName":"490001","metric":{"type":"TOTAL","count":302,"amount":448703.0}},{"entityName":"493221","metric":{"type":"TOTAL","count":274,"amount":380578.0}},{"entityName":"495677","metric":{"type":"TOTAL","count":273,"amount":500017.0}}]},"responseTimestamp":1739974423184}