{"success":true,"code":"SUCCESS","data":{"states":null,"districts":[{"entityName":"raipur","metric":{"type":"TOTAL","count":5081,"amount":8313161.0}},{"entityName":"durg","metric":{"type":"TOTAL","count":3059,"amount":5223646.0}},{"entityName":"bilaspur","metric":{"type":"TOTAL","count":2244,"amount":3412964.0}},{"entityName":"korba","metric":{"type":"TOTAL","count":1736,"amount":2793511.0}},{"entityName":"raigarh","metric":{"type":"TOTAL","count":1377,"amount":1983492.0}},{"entityName":"bastar","metric":{"type":"TOTAL","count":769,"amount":1263838.0}},{"entityName":"janjgir champa","metric":{"type":"TOTAL","count":763,"amount":1264517.0}},{"entityName":"surguja","metric":{"type":"TOTAL","count":608,"amount":1284497.0}},{"entityName":"balodabazar bhatapara","metric":{"type":"TOTAL","count":566,"amount":751821.0}},{"entityName":"rajnandgaon","metric":{"type":"TOTAL","count":540,"amount":929044.0}}],"pincodes":[{"entityName":"492001","metric":{"type":"TOTAL","count":1612,"amount":2838238.0}},{"entityName":"495001","metric":{"type":"TOTAL","count":871,"amount":1517673.0}},{"entityName":"491001","metric":{"type":"TOTAL","count":654,"amount":1043454.0}},{"entityName":"496001","metric":{"type":"TOTAL","count":637,"amount":874428.0}},{"entityName":"494001","metric":{"type":"TOTAL","count":563,"amount":955644.0}},{"entityName":"497001","metric":{"type":"TOTAL","count":516,"amount":1107114.0}},{"entityName":"492099","metric":{"type":"TOTAL","count":443,"amount":736081.0}},{"entityName":"493221","metric":{"type":"TOTAL","count":405,"amount":458299.0}},{"entityName":"490001","metric":{"type":"TOTAL","count":397,"amount":630268.0}},{"entityName":"495677","metric":{"type":"TOTAL","count":394,"amount":673667.0}}]},"responseTimestamp":1739974645026}