{"success":true,"code":"SUCCESS","data":{"states":null,"districts":[{"entityName":"kargil","metric":{"type":"TOTAL","count":11,"amount":1845.0}},{"entityName":"leh ladakh","metric":{"type":"TOTAL","count":3,"amount":693.0}}],"pincodes":[{"entityName":"194703","metric":{"type":"TOTAL","count":7,"amount":924.0}},{"entityName":"194104","metric":{"type":"TOTAL","count":2,"amount":462.0}},{"entityName":"194101","metric":{"type":"TOTAL","count":1,"amount":231.0}},{"entityName":"194109","metric":{"type":"TOTAL","count":1,"amount":226.0}},{"entityName":"194105","metric":{"type":"TOTAL","count":1,"amount":233.0}},{"entityName":"194103","metric":{"type":"TOTAL","count":1,"amount":231.0}},{"entityName":"194102","metric":{"type":"TOTAL","count":1,"amount":231.0}}]},"responseTimestamp":1692610815066}