{"success":true,"code":"SUCCESS","data":{"states":null,"districts":[{"entityName":"leh ladakh","metric":{"type":"TOTAL","count":18,"amount":4376.0}},{"entityName":"kargil","metric":{"type":"TOTAL","count":15,"amount":5884.0}}],"pincodes":[{"entityName":"194703","metric":{"type":"TOTAL","count":8,"amount":3860.0}},{"entityName":"194101","metric":{"type":"TOTAL","count":7,"amount":712.0}},{"entityName":"194104","metric":{"type":"TOTAL","count":7,"amount":2254.0}},{"entityName":"194103","metric":{"type":"TOTAL","count":4,"amount":531.0}},{"entityName":"194107","metric":{"type":"TOTAL","count":2,"amount":945.0}},{"entityName":"194109","metric":{"type":"TOTAL","count":1,"amount":664.0}},{"entityName":"194105","metric":{"type":"TOTAL","count":1,"amount":281.0}},{"entityName":"194201","metric":{"type":"TOTAL","count":1,"amount":184.0}},{"entityName":"194102","metric":{"type":"TOTAL","count":1,"amount":548.0}},{"entityName":null,"metric":{"type":"TOTAL","count":1,"amount":281.0}}]},"responseTimestamp":1692610866516}