{"success":true,"code":"SUCCESS","data":{"states":null,"districts":[{"entityName":"leh ladakh","metric":{"type":"TOTAL","count":25,"amount":33631.0}},{"entityName":"kargil","metric":{"type":"TOTAL","count":2,"amount":575.0}}],"pincodes":[{"entityName":"194104","metric":{"type":"TOTAL","count":9,"amount":9897.0}},{"entityName":"194101","metric":{"type":"TOTAL","count":7,"amount":14751.0}},{"entityName":"194201","metric":{"type":"TOTAL","count":4,"amount":4988.0}},{"entityName":"194107","metric":{"type":"TOTAL","count":2,"amount":2037.0}},{"entityName":"194401","metric":{"type":"TOTAL","count":2,"amount":1300.0}},{"entityName":"194703","metric":{"type":"TOTAL","count":1,"amount":543.0}},{"entityName":"194102","metric":{"type":"TOTAL","count":1,"amount":32.0}},{"entityName":null,"metric":{"type":"TOTAL","count":1,"amount":658.0}}]},"responseTimestamp":1692610919463}