{"success":true,"code":"SUCCESS","data":{"states":null,"districts":[{"entityName":"raipur","metric":{"type":"TOTAL","count":410,"amount":81039.0}},{"entityName":"durg","metric":{"type":"TOTAL","count":172,"amount":37102.0}},{"entityName":"bilaspur","metric":{"type":"TOTAL","count":138,"amount":26772.0}},{"entityName":"raigarh","metric":{"type":"TOTAL","count":101,"amount":19804.0}},{"entityName":"janjgir champa","metric":{"type":"TOTAL","count":97,"amount":19462.0}},{"entityName":"surguja","metric":{"type":"TOTAL","count":77,"amount":14582.0}},{"entityName":"korba","metric":{"type":"TOTAL","count":64,"amount":13184.0}},{"entityName":"rajnandgaon","metric":{"type":"TOTAL","count":56,"amount":11803.0}},{"entityName":"mahasamund","metric":{"type":"TOTAL","count":28,"amount":6903.0}},{"entityName":"jashpur","metric":{"type":"TOTAL","count":23,"amount":4935.0}}],"pincodes":[{"entityName":"495001","metric":{"type":"TOTAL","count":93,"amount":16932.0}},{"entityName":"492001","metric":{"type":"TOTAL","count":80,"amount":17951.0}},{"entityName":"496005","metric":{"type":"TOTAL","count":52,"amount":9404.0}},{"entityName":"492009","metric":{"type":"TOTAL","count":46,"amount":8887.0}},{"entityName":"492099","metric":{"type":"TOTAL","count":44,"amount":7370.0}},{"entityName":"497001","metric":{"type":"TOTAL","count":40,"amount":7743.0}},{"entityName":"495660","metric":{"type":"TOTAL","count":40,"amount":6255.0}},{"entityName":"492007","metric":{"type":"TOTAL","count":38,"amount":7005.0}},{"entityName":"491001","metric":{"type":"TOTAL","count":33,"amount":7020.0}},{"entityName":"492013","metric":{"type":"TOTAL","count":31,"amount":5551.0}}]},"responseTimestamp":1692610836766}