{"success":true,"code":"SUCCESS","data":{"states":null,"districts":[{"entityName":"raipur","metric":{"type":"TOTAL","count":1324,"amount":395561.0}},{"entityName":"durg","metric":{"type":"TOTAL","count":639,"amount":196453.0}},{"entityName":"bilaspur","metric":{"type":"TOTAL","count":394,"amount":110531.0}},{"entityName":"raigarh","metric":{"type":"TOTAL","count":347,"amount":107510.0}},{"entityName":"korba","metric":{"type":"TOTAL","count":249,"amount":82657.0}},{"entityName":"janjgir champa","metric":{"type":"TOTAL","count":247,"amount":72077.0}},{"entityName":"mahasamund","metric":{"type":"TOTAL","count":165,"amount":43911.0}},{"entityName":"baloda bazar","metric":{"type":"TOTAL","count":137,"amount":30918.0}},{"entityName":"surguja","metric":{"type":"TOTAL","count":135,"amount":37853.0}},{"entityName":"rajnandgaon","metric":{"type":"TOTAL","count":134,"amount":38440.0}}],"pincodes":[{"entityName":"492001","metric":{"type":"TOTAL","count":359,"amount":109861.0}},{"entityName":"495001","metric":{"type":"TOTAL","count":206,"amount":55096.0}},{"entityName":"496005","metric":{"type":"TOTAL","count":140,"amount":43730.0}},{"entityName":"497001","metric":{"type":"TOTAL","count":126,"amount":35416.0}},{"entityName":"492009","metric":{"type":"TOTAL","count":122,"amount":40671.0}},{"entityName":"491001","metric":{"type":"TOTAL","count":111,"amount":30720.0}},{"entityName":"490023","metric":{"type":"TOTAL","count":108,"amount":33094.0}},{"entityName":"492013","metric":{"type":"TOTAL","count":96,"amount":28185.0}},{"entityName":"495660","metric":{"type":"TOTAL","count":88,"amount":18917.0}},{"entityName":"492099","metric":{"type":"TOTAL","count":85,"amount":25592.0}}]},"responseTimestamp":1692610889693}