{"success":true,"code":"SUCCESS","data":{"states":null,"districts":[{"entityName":"raipur","metric":{"type":"TOTAL","count":854,"amount":518623.0}},{"entityName":"durg","metric":{"type":"TOTAL","count":393,"amount":252505.0}},{"entityName":"bilaspur","metric":{"type":"TOTAL","count":341,"amount":195612.0}},{"entityName":"raigarh","metric":{"type":"TOTAL","count":253,"amount":133432.0}},{"entityName":"janjgir champa","metric":{"type":"TOTAL","count":250,"amount":129700.0}},{"entityName":"korba","metric":{"type":"TOTAL","count":212,"amount":154943.0}},{"entityName":"rajnandgaon","metric":{"type":"TOTAL","count":154,"amount":119506.0}},{"entityName":"baloda bazar","metric":{"type":"TOTAL","count":144,"amount":91702.0}},{"entityName":"mahasamund","metric":{"type":"TOTAL","count":113,"amount":51551.0}},{"entityName":"kanker","metric":{"type":"TOTAL","count":106,"amount":72276.0}}],"pincodes":[{"entityName":"492001","metric":{"type":"TOTAL","count":165,"amount":90502.0}},{"entityName":"495001","metric":{"type":"TOTAL","count":161,"amount":107277.0}},{"entityName":"492013","metric":{"type":"TOTAL","count":75,"amount":37409.0}},{"entityName":"496005","metric":{"type":"TOTAL","count":68,"amount":38447.0}},{"entityName":"491441","metric":{"type":"TOTAL","count":64,"amount":38402.0}},{"entityName":"496118","metric":{"type":"TOTAL","count":62,"amount":2322.0}},{"entityName":"497001","metric":{"type":"TOTAL","count":62,"amount":33960.0}},{"entityName":"494001","metric":{"type":"TOTAL","count":62,"amount":51106.0}},{"entityName":"491001","metric":{"type":"TOTAL","count":58,"amount":31152.0}},{"entityName":"492009","metric":{"type":"TOTAL","count":57,"amount":32693.0}}]},"responseTimestamp":1692610941349}