{"success":true,"code":"SUCCESS","data":{"states":null,"districts":[{"entityName":"east khasi hills","metric":{"type":"TOTAL","count":133,"amount":309643.0}},{"entityName":"west garo hills","metric":{"type":"TOTAL","count":77,"amount":173099.0}},{"entityName":"ribhoi","metric":{"type":"TOTAL","count":59,"amount":103790.0}},{"entityName":"east jaintia hills","metric":{"type":"TOTAL","count":17,"amount":24138.0}},{"entityName":"east garo hills","metric":{"type":"TOTAL","count":16,"amount":39737.0}},{"entityName":"west jaintia hills","metric":{"type":"TOTAL","count":9,"amount":16740.0}},{"entityName":"north garo hills","metric":{"type":"TOTAL","count":8,"amount":25357.0}},{"entityName":"west khasi hills","metric":{"type":"TOTAL","count":7,"amount":8499.0}},{"entityName":"south west garo hills","metric":{"type":"TOTAL","count":6,"amount":8854.0}},{"entityName":"south garo hills","metric":{"type":"TOTAL","count":3,"amount":2411.0}}],"pincodes":[{"entityName":"793001","metric":{"type":"TOTAL","count":42,"amount":126761.0}},{"entityName":"793101","metric":{"type":"TOTAL","count":35,"amount":63989.0}},{"entityName":"794105","metric":{"type":"TOTAL","count":22,"amount":47797.0}},{"entityName":"794001","metric":{"type":"TOTAL","count":17,"amount":46367.0}},{"entityName":"794101","metric":{"type":"TOTAL","count":15,"amount":36098.0}},{"entityName":"794104","metric":{"type":"TOTAL","count":14,"amount":23384.0}},{"entityName":"794111","metric":{"type":"TOTAL","count":14,"amount":36108.0}},{"entityName":"793003","metric":{"type":"TOTAL","count":13,"amount":29987.0}},{"entityName":"793009","metric":{"type":"TOTAL","count":13,"amount":13253.0}},{"entityName":"793007","metric":{"type":"TOTAL","count":12,"amount":26078.0}}]},"responseTimestamp":1692611171969}