{"success":true,"code":"SUCCESS","data":{"states":null,"districts":[{"entityName":"east khasi hills","metric":{"type":"TOTAL","count":190,"amount":337842.0}},{"entityName":"west garo hills","metric":{"type":"TOTAL","count":68,"amount":181815.0}},{"entityName":"ribhoi","metric":{"type":"TOTAL","count":54,"amount":94630.0}},{"entityName":"east jaintia hills","metric":{"type":"TOTAL","count":16,"amount":56384.0}},{"entityName":"east garo hills","metric":{"type":"TOTAL","count":16,"amount":43473.0}},{"entityName":"north garo hills","metric":{"type":"TOTAL","count":11,"amount":16292.0}},{"entityName":"south garo hills","metric":{"type":"TOTAL","count":8,"amount":25969.0}},{"entityName":"west khasi hills","metric":{"type":"TOTAL","count":7,"amount":21992.0}},{"entityName":"west jaintia hills","metric":{"type":"TOTAL","count":7,"amount":9236.0}},{"entityName":"south west garo hills","metric":{"type":"TOTAL","count":2,"amount":1461.0}}],"pincodes":[{"entityName":"793001","metric":{"type":"TOTAL","count":54,"amount":73068.0}},{"entityName":"793011","metric":{"type":"TOTAL","count":24,"amount":41024.0}},{"entityName":"793101","metric":{"type":"TOTAL","count":24,"amount":45285.0}},{"entityName":"794001","metric":{"type":"TOTAL","count":22,"amount":59667.0}},{"entityName":"794105","metric":{"type":"TOTAL","count":21,"amount":51979.0}},{"entityName":"793007","metric":{"type":"TOTAL","count":20,"amount":40788.0}},{"entityName":"793002","metric":{"type":"TOTAL","count":19,"amount":32432.0}},{"entityName":"793103","metric":{"type":"TOTAL","count":19,"amount":25712.0}},{"entityName":"794111","metric":{"type":"TOTAL","count":13,"amount":31027.0}},{"entityName":"793004","metric":{"type":"TOTAL","count":12,"amount":22376.0}}]},"responseTimestamp":1692611223356}