{"success":true,"code":"SUCCESS","data":{"states":null,"districts":[{"entityName":"east khasi hills","metric":{"type":"TOTAL","count":267,"amount":427341.0}},{"entityName":"west garo hills","metric":{"type":"TOTAL","count":177,"amount":337886.0}},{"entityName":"ribhoi","metric":{"type":"TOTAL","count":67,"amount":93271.0}},{"entityName":"south garo hills","metric":{"type":"TOTAL","count":19,"amount":40323.0}},{"entityName":"east garo hills","metric":{"type":"TOTAL","count":18,"amount":51275.0}},{"entityName":"south west garo hills","metric":{"type":"TOTAL","count":13,"amount":20819.0}},{"entityName":"north garo hills","metric":{"type":"TOTAL","count":12,"amount":33084.0}},{"entityName":"east jaintia hills","metric":{"type":"TOTAL","count":12,"amount":16091.0}},{"entityName":"west jaintia hills","metric":{"type":"TOTAL","count":7,"amount":11586.0}},{"entityName":"west khasi hills","metric":{"type":"TOTAL","count":4,"amount":4859.0}}],"pincodes":[{"entityName":"793001","metric":{"type":"TOTAL","count":93,"amount":129948.0}},{"entityName":"794104","metric":{"type":"TOTAL","count":77,"amount":127191.0}},{"entityName":"794001","metric":{"type":"TOTAL","count":41,"amount":97784.0}},{"entityName":"793101","metric":{"type":"TOTAL","count":29,"amount":45421.0}},{"entityName":"793007","metric":{"type":"TOTAL","count":28,"amount":41164.0}},{"entityName":"793004","metric":{"type":"TOTAL","count":25,"amount":44632.0}},{"entityName":"794101","metric":{"type":"TOTAL","count":24,"amount":45421.0}},{"entityName":"794105","metric":{"type":"TOTAL","count":22,"amount":28573.0}},{"entityName":"793009","metric":{"type":"TOTAL","count":21,"amount":57384.0}},{"entityName":"793002","metric":{"type":"TOTAL","count":20,"amount":32868.0}}]},"responseTimestamp":1692611274962}