{"success":true,"code":"SUCCESS","data":{"states":null,"districts":[{"entityName":"east khasi hills","metric":{"type":"TOTAL","count":293,"amount":521881.0}},{"entityName":"west garo hills","metric":{"type":"TOTAL","count":137,"amount":307812.0}},{"entityName":"ribhoi","metric":{"type":"TOTAL","count":91,"amount":143065.0}},{"entityName":"east jaintia hills","metric":{"type":"TOTAL","count":26,"amount":16575.0}},{"entityName":"east garo hills","metric":{"type":"TOTAL","count":24,"amount":91125.0}},{"entityName":"south garo hills","metric":{"type":"TOTAL","count":21,"amount":40872.0}},{"entityName":"north garo hills","metric":{"type":"TOTAL","count":16,"amount":34009.0}},{"entityName":"west jaintia hills","metric":{"type":"TOTAL","count":8,"amount":7150.0}},{"entityName":"south west garo hills","metric":{"type":"TOTAL","count":6,"amount":14977.0}},{"entityName":"west khasi hills","metric":{"type":"TOTAL","count":4,"amount":12007.0}}],"pincodes":[{"entityName":"793001","metric":{"type":"TOTAL","count":76,"amount":136511.0}},{"entityName":"793101","metric":{"type":"TOTAL","count":52,"amount":62279.0}},{"entityName":"794001","metric":{"type":"TOTAL","count":43,"amount":87332.0}},{"entityName":"793002","metric":{"type":"TOTAL","count":40,"amount":76784.0}},{"entityName":"794101","metric":{"type":"TOTAL","count":31,"amount":73019.0}},{"entityName":"793010","metric":{"type":"TOTAL","count":26,"amount":40961.0}},{"entityName":"793007","metric":{"type":"TOTAL","count":26,"amount":55717.0}},{"entityName":"793102","metric":{"type":"TOTAL","count":26,"amount":42358.0}},{"entityName":"794105","metric":{"type":"TOTAL","count":23,"amount":26278.0}},{"entityName":"793004","metric":{"type":"TOTAL","count":22,"amount":35083.0}}]},"responseTimestamp":1692611326817}