{"success":true,"code":"SUCCESS","data":{"states":null,"districts":[{"entityName":"papum pare","metric":{"type":"TOTAL","count":65,"amount":62651.0}},{"entityName":"east siang","metric":{"type":"TOTAL","count":18,"amount":8695.0}},{"entityName":"west kameng","metric":{"type":"TOTAL","count":15,"amount":9871.0}},{"entityName":"changlang","metric":{"type":"TOTAL","count":12,"amount":4524.0}},{"entityName":"lohit","metric":{"type":"TOTAL","count":11,"amount":2951.0}},{"entityName":"tawang","metric":{"type":"TOTAL","count":11,"amount":10155.0}},{"entityName":"namsai","metric":{"type":"TOTAL","count":8,"amount":1248.0}},{"entityName":"west siang","metric":{"type":"TOTAL","count":7,"amount":3690.0}},{"entityName":"tirap","metric":{"type":"TOTAL","count":7,"amount":7696.0}},{"entityName":"upper subansiri","metric":{"type":"TOTAL","count":7,"amount":4237.0}}],"pincodes":[{"entityName":"791110","metric":{"type":"TOTAL","count":21,"amount":32836.0}},{"entityName":"791111","metric":{"type":"TOTAL","count":18,"amount":6658.0}},{"entityName":"791102","metric":{"type":"TOTAL","count":17,"amount":8055.0}},{"entityName":"791113","metric":{"type":"TOTAL","count":16,"amount":9549.0}},{"entityName":"792103","metric":{"type":"TOTAL","count":11,"amount":1983.0}},{"entityName":"792001","metric":{"type":"TOTAL","count":9,"amount":2577.0}},{"entityName":"790104","metric":{"type":"TOTAL","count":9,"amount":8819.0}},{"entityName":"790116","metric":{"type":"TOTAL","count":7,"amount":3646.0}},{"entityName":"791122","metric":{"type":"TOTAL","count":7,"amount":4237.0}},{"entityName":"791001","metric":{"type":"TOTAL","count":7,"amount":3690.0}}]},"responseTimestamp":1692610994917}