{"success":true,"code":"SUCCESS","data":{"states":null,"districts":[{"entityName":"papum pare","metric":{"type":"TOTAL","count":69,"amount":89335.0}},{"entityName":"west kameng","metric":{"type":"TOTAL","count":20,"amount":17896.0}},{"entityName":"west siang","metric":{"type":"TOTAL","count":18,"amount":8990.0}},{"entityName":"lohit","metric":{"type":"TOTAL","count":16,"amount":21096.0}},{"entityName":"lower dibang valley","metric":{"type":"TOTAL","count":14,"amount":8091.0}},{"entityName":"tawang","metric":{"type":"TOTAL","count":13,"amount":23216.0}},{"entityName":"changlang","metric":{"type":"TOTAL","count":12,"amount":11258.0}},{"entityName":"namsai","metric":{"type":"TOTAL","count":11,"amount":8880.0}},{"entityName":"lower subansiri","metric":{"type":"TOTAL","count":10,"amount":4236.0}},{"entityName":"east siang","metric":{"type":"TOTAL","count":6,"amount":2979.0}}],"pincodes":[{"entityName":"791110","metric":{"type":"TOTAL","count":26,"amount":14352.0}},{"entityName":"791001","metric":{"type":"TOTAL","count":20,"amount":15346.0}},{"entityName":"791111","metric":{"type":"TOTAL","count":15,"amount":39804.0}},{"entityName":"792103","metric":{"type":"TOTAL","count":14,"amount":9960.0}},{"entityName":"792110","metric":{"type":"TOTAL","count":14,"amount":8091.0}},{"entityName":"792001","metric":{"type":"TOTAL","count":12,"amount":19837.0}},{"entityName":"791113","metric":{"type":"TOTAL","count":10,"amount":4357.0}},{"entityName":"791120","metric":{"type":"TOTAL","count":10,"amount":4236.0}},{"entityName":"791109","metric":{"type":"TOTAL","count":9,"amount":9677.0}},{"entityName":"791112","metric":{"type":"TOTAL","count":8,"amount":20976.0}}]},"responseTimestamp":1692611047250}