{"success":true,"code":"SUCCESS","data":{"states":null,"districts":[{"entityName":"papum pare","metric":{"type":"TOTAL","count":50,"amount":95368.0}},{"entityName":"east siang","metric":{"type":"TOTAL","count":23,"amount":32914.0}},{"entityName":"west kameng","metric":{"type":"TOTAL","count":22,"amount":21566.0}},{"entityName":"west siang","metric":{"type":"TOTAL","count":21,"amount":57300.0}},{"entityName":"changlang","metric":{"type":"TOTAL","count":15,"amount":25894.0}},{"entityName":"namsai","metric":{"type":"TOTAL","count":15,"amount":35207.0}},{"entityName":"tirap","metric":{"type":"TOTAL","count":14,"amount":38082.0}},{"entityName":"lower dibang valley","metric":{"type":"TOTAL","count":13,"amount":11845.0}},{"entityName":"lohit","metric":{"type":"TOTAL","count":10,"amount":15097.0}},{"entityName":"tawang","metric":{"type":"TOTAL","count":8,"amount":5436.0}}],"pincodes":[{"entityName":"791001","metric":{"type":"TOTAL","count":21,"amount":57300.0}},{"entityName":"791102","metric":{"type":"TOTAL","count":20,"amount":30911.0}},{"entityName":"791111","metric":{"type":"TOTAL","count":20,"amount":62172.0}},{"entityName":"791110","metric":{"type":"TOTAL","count":16,"amount":18773.0}},{"entityName":"792103","metric":{"type":"TOTAL","count":15,"amount":35018.0}},{"entityName":"790116","metric":{"type":"TOTAL","count":13,"amount":12529.0}},{"entityName":"792110","metric":{"type":"TOTAL","count":13,"amount":11845.0}},{"entityName":"792129","metric":{"type":"TOTAL","count":10,"amount":25474.0}},{"entityName":"792001","metric":{"type":"TOTAL","count":7,"amount":12333.0}},{"entityName":"791120","metric":{"type":"TOTAL","count":6,"amount":11875.0}}]},"responseTimestamp":1692611098663}