{"success":true,"code":"SUCCESS","data":{"states":null,"districts":[{"entityName":"papum pare","metric":{"type":"TOTAL","count":128,"amount":232985.0}},{"entityName":"west kameng","metric":{"type":"TOTAL","count":37,"amount":61049.0}},{"entityName":"changlang","metric":{"type":"TOTAL","count":26,"amount":59532.0}},{"entityName":"lohit","metric":{"type":"TOTAL","count":17,"amount":19353.0}},{"entityName":"tawang","metric":{"type":"TOTAL","count":14,"amount":28772.0}},{"entityName":"tirap","metric":{"type":"TOTAL","count":14,"amount":37402.0}},{"entityName":"namsai","metric":{"type":"TOTAL","count":14,"amount":19295.0}},{"entityName":"west siang","metric":{"type":"TOTAL","count":14,"amount":25308.0}},{"entityName":"lower dibang valley","metric":{"type":"TOTAL","count":11,"amount":12440.0}},{"entityName":"east siang","metric":{"type":"TOTAL","count":7,"amount":22841.0}}],"pincodes":[{"entityName":"791110","metric":{"type":"TOTAL","count":44,"amount":84245.0}},{"entityName":"791111","metric":{"type":"TOTAL","count":31,"amount":62422.0}},{"entityName":"791113","metric":{"type":"TOTAL","count":23,"amount":42208.0}},{"entityName":"791001","metric":{"type":"TOTAL","count":17,"amount":27105.0}},{"entityName":"792103","metric":{"type":"TOTAL","count":16,"amount":24037.0}},{"entityName":"790001","metric":{"type":"TOTAL","count":14,"amount":19900.0}},{"entityName":"791109","metric":{"type":"TOTAL","count":14,"amount":15990.0}},{"entityName":"790104","metric":{"type":"TOTAL","count":13,"amount":18120.0}},{"entityName":"792130","metric":{"type":"TOTAL","count":12,"amount":30185.0}},{"entityName":"792110","metric":{"type":"TOTAL","count":11,"amount":12440.0}}]},"responseTimestamp":1692611150177}