{"success":true,"code":"SUCCESS","data":{"states":null,"districts":[{"entityName":"indore","metric":{"type":"TOTAL","count":6662,"amount":9887936.0}},{"entityName":"bhopal","metric":{"type":"TOTAL","count":3165,"amount":5789402.0}},{"entityName":"gwalior","metric":{"type":"TOTAL","count":1736,"amount":2695086.0}},{"entityName":"jabalpur","metric":{"type":"TOTAL","count":1402,"amount":2452155.0}},{"entityName":"ujjain","metric":{"type":"TOTAL","count":794,"amount":1187404.0}},{"entityName":"rewa","metric":{"type":"TOTAL","count":717,"amount":1186749.0}},{"entityName":"satna","metric":{"type":"TOTAL","count":661,"amount":1098544.0}},{"entityName":"dewas","metric":{"type":"TOTAL","count":622,"amount":1005752.0}},{"entityName":"dhar","metric":{"type":"TOTAL","count":604,"amount":1027283.0}},{"entityName":"chhindwara","metric":{"type":"TOTAL","count":577,"amount":1241862.0}}],"pincodes":[{"entityName":"452010","metric":{"type":"TOTAL","count":732,"amount":1016687.0}},{"entityName":"452001","metric":{"type":"TOTAL","count":615,"amount":839884.0}},{"entityName":"452016","metric":{"type":"TOTAL","count":503,"amount":860895.0}},{"entityName":"452009","metric":{"type":"TOTAL","count":482,"amount":671041.0}},{"entityName":"482002","metric":{"type":"TOTAL","count":408,"amount":748730.0}},{"entityName":"452003","metric":{"type":"TOTAL","count":404,"amount":526661.0}},{"entityName":"455001","metric":{"type":"TOTAL","count":367,"amount":559856.0}},{"entityName":"452007","metric":{"type":"TOTAL","count":360,"amount":499025.0}},{"entityName":"474001","metric":{"type":"TOTAL","count":345,"amount":495162.0}},{"entityName":"482001","metric":{"type":"TOTAL","count":324,"amount":579801.0}}]},"responseTimestamp":1692619158668}