{"success":true,"code":"SUCCESS","data":{"states":null,"districts":[{"entityName":"indore","metric":{"type":"TOTAL","count":6566,"amount":1.0108928E7}},{"entityName":"bhopal","metric":{"type":"TOTAL","count":2915,"amount":5555218.0}},{"entityName":"gwalior","metric":{"type":"TOTAL","count":1884,"amount":2604139.0}},{"entityName":"jabalpur","metric":{"type":"TOTAL","count":1365,"amount":2481121.0}},{"entityName":"ujjain","metric":{"type":"TOTAL","count":955,"amount":1561934.0}},{"entityName":"rewa","metric":{"type":"TOTAL","count":710,"amount":1245605.0}},{"entityName":"chhindwara","metric":{"type":"TOTAL","count":693,"amount":1304073.0}},{"entityName":"satna","metric":{"type":"TOTAL","count":684,"amount":1054444.0}},{"entityName":"dhar","metric":{"type":"TOTAL","count":663,"amount":914779.0}},{"entityName":"dewas","metric":{"type":"TOTAL","count":607,"amount":1018985.0}}],"pincodes":[{"entityName":"452010","metric":{"type":"TOTAL","count":746,"amount":989870.0}},{"entityName":"452001","metric":{"type":"TOTAL","count":621,"amount":823877.0}},{"entityName":"452009","metric":{"type":"TOTAL","count":527,"amount":879657.0}},{"entityName":"452016","metric":{"type":"TOTAL","count":505,"amount":992174.0}},{"entityName":"455001","metric":{"type":"TOTAL","count":404,"amount":696184.0}},{"entityName":"452003","metric":{"type":"TOTAL","count":403,"amount":525938.0}},{"entityName":"482002","metric":{"type":"TOTAL","count":385,"amount":710927.0}},{"entityName":"452020","metric":{"type":"TOTAL","count":364,"amount":588199.0}},{"entityName":"482001","metric":{"type":"TOTAL","count":361,"amount":624527.0}},{"entityName":"456010","metric":{"type":"TOTAL","count":353,"amount":621218.0}}]},"responseTimestamp":1692619340647}