{"success":true,"code":"SUCCESS","data":{"states":null,"districts":[{"entityName":"indore","metric":{"type":"TOTAL","count":6387,"amount":9795734.0}},{"entityName":"bhopal","metric":{"type":"TOTAL","count":3313,"amount":6161923.0}},{"entityName":"gwalior","metric":{"type":"TOTAL","count":2069,"amount":2813452.0}},{"entityName":"jabalpur","metric":{"type":"TOTAL","count":1596,"amount":2667756.0}},{"entityName":"ujjain","metric":{"type":"TOTAL","count":970,"amount":1468543.0}},{"entityName":"rewa","metric":{"type":"TOTAL","count":789,"amount":1121774.0}},{"entityName":"singrauli","metric":{"type":"TOTAL","count":786,"amount":1315955.0}},{"entityName":"dhar","metric":{"type":"TOTAL","count":737,"amount":1069689.0}},{"entityName":"sagar","metric":{"type":"TOTAL","count":727,"amount":1199223.0}},{"entityName":"satna","metric":{"type":"TOTAL","count":682,"amount":1048846.0}}],"pincodes":[{"entityName":"452010","metric":{"type":"TOTAL","count":841,"amount":1113092.0}},{"entityName":"452001","metric":{"type":"TOTAL","count":545,"amount":803408.0}},{"entityName":"452016","metric":{"type":"TOTAL","count":518,"amount":910816.0}},{"entityName":"482002","metric":{"type":"TOTAL","count":465,"amount":686659.0}},{"entityName":"452009","metric":{"type":"TOTAL","count":416,"amount":558559.0}},{"entityName":"455001","metric":{"type":"TOTAL","count":409,"amount":740804.0}},{"entityName":"482001","metric":{"type":"TOTAL","count":398,"amount":788853.0}},{"entityName":"452020","metric":{"type":"TOTAL","count":366,"amount":609499.0}},{"entityName":"452003","metric":{"type":"TOTAL","count":339,"amount":495223.0}},{"entityName":"474005","metric":{"type":"TOTAL","count":337,"amount":485795.0}}]},"responseTimestamp":1697612175332}