{"success":true,"code":"SUCCESS","data":{"states":null,"districts":[{"entityName":"indore","metric":{"type":"TOTAL","count":8973,"amount":1.4811181E7}},{"entityName":"bhopal","metric":{"type":"TOTAL","count":4820,"amount":1.0356323E7}},{"entityName":"gwalior","metric":{"type":"TOTAL","count":2406,"amount":3696991.0}},{"entityName":"jabalpur","metric":{"type":"TOTAL","count":2097,"amount":3671676.0}},{"entityName":"ujjain","metric":{"type":"TOTAL","count":1426,"amount":2472234.0}},{"entityName":"rewa","metric":{"type":"TOTAL","count":1230,"amount":2047419.0}},{"entityName":"singrauli","metric":{"type":"TOTAL","count":1059,"amount":1987863.0}},{"entityName":"dhar","metric":{"type":"TOTAL","count":999,"amount":1572785.0}},{"entityName":"sagar","metric":{"type":"TOTAL","count":994,"amount":1748842.0}},{"entityName":"dewas","metric":{"type":"TOTAL","count":958,"amount":1883618.0}}],"pincodes":[{"entityName":"452010","metric":{"type":"TOTAL","count":1090,"amount":1854529.0}},{"entityName":"452016","metric":{"type":"TOTAL","count":776,"amount":1486383.0}},{"entityName":"452001","metric":{"type":"TOTAL","count":770,"amount":1173331.0}},{"entityName":"482002","metric":{"type":"TOTAL","count":634,"amount":1085058.0}},{"entityName":"452009","metric":{"type":"TOTAL","count":634,"amount":1036598.0}},{"entityName":"455001","metric":{"type":"TOTAL","count":607,"amount":1147117.0}},{"entityName":"452003","metric":{"type":"TOTAL","count":579,"amount":772432.0}},{"entityName":"482001","metric":{"type":"TOTAL","count":484,"amount":890762.0}},{"entityName":"456010","metric":{"type":"TOTAL","count":471,"amount":822271.0}},{"entityName":"452020","metric":{"type":"TOTAL","count":442,"amount":732877.0}}]},"responseTimestamp":1706092832061}