{"success":true,"code":"SUCCESS","data":{"states":[{"entityName":"maharashtra","metric":{"type":"TOTAL","count":55792,"amount":3.3137753E7}},{"entityName":"karnataka","metric":{"type":"TOTAL","count":37595,"amount":3.0183325E7}},{"entityName":"telangana","metric":{"type":"TOTAL","count":28298,"amount":1.4810947E7}},{"entityName":"uttar pradesh","metric":{"type":"TOTAL","count":24103,"amount":1.8027573E7}},{"entityName":"andhra pradesh","metric":{"type":"TOTAL","count":22105,"amount":1.2749874E7}},{"entityName":"rajasthan","metric":{"type":"TOTAL","count":17800,"amount":8074225.0}},{"entityName":"west bengal","metric":{"type":"TOTAL","count":15488,"amount":1.1172042E7}},{"entityName":"madhya pradesh","metric":{"type":"TOTAL","count":14427,"amount":5567927.0}},{"entityName":"tamil nadu","metric":{"type":"TOTAL","count":14406,"amount":1.1180849E7}},{"entityName":"delhi","metric":{"type":"TOTAL","count":12822,"amount":9655261.0}}],"districts":[{"entityName":"bengaluru urban","metric":{"type":"TOTAL","count":21606,"amount":1.7636524E7}},{"entityName":"pune","metric":{"type":"TOTAL","count":10913,"amount":6482027.0}},{"entityName":"thane","metric":{"type":"TOTAL","count":6971,"amount":4869909.0}},{"entityName":"mumbai suburban","metric":{"type":"TOTAL","count":5505,"amount":3893302.0}},{"entityName":"hyderabad","metric":{"type":"TOTAL","count":5067,"amount":2446647.0}},{"entityName":"rangareddy","metric":{"type":"TOTAL","count":4821,"amount":2864273.0}},{"entityName":"jaipur","metric":{"type":"TOTAL","count":4630,"amount":2056318.0}},{"entityName":"medchal malkajgiri","metric":{"type":"TOTAL","count":4375,"amount":2393448.0}},{"entityName":"visakhapatnam","metric":{"type":"TOTAL","count":4006,"amount":2403199.0}},{"entityName":"kolkata","metric":{"type":"TOTAL","count":3750,"amount":2611912.0}}],"pincodes":[{"entityName":"560068","metric":{"type":"TOTAL","count":870,"amount":614123.0}},{"entityName":"421302","metric":{"type":"TOTAL","count":802,"amount":538000.0}},{"entityName":"700046","metric":{"type":"TOTAL","count":750,"amount":471141.0}},{"entityName":"201301","metric":{"type":"TOTAL","count":697,"amount":383781.0}},{"entityName":"560043","metric":{"type":"TOTAL","count":682,"amount":549677.0}},{"entityName":"500072","metric":{"type":"TOTAL","count":677,"amount":374999.0}},{"entityName":"560078","metric":{"type":"TOTAL","count":658,"amount":521459.0}},{"entityName":"410501","metric":{"type":"TOTAL","count":649,"amount":265413.0}},{"entityName":"560091","metric":{"type":"TOTAL","count":648,"amount":492850.0}},{"entityName":"110059","metric":{"type":"TOTAL","count":632,"amount":446103.0}}]},"responseTimestamp":1692610949866}