{"success":true,"code":"SUCCESS","data":{"states":[{"entityName":"maharashtra","metric":{"type":"TOTAL","count":70381,"amount":4.6763103E7}},{"entityName":"karnataka","metric":{"type":"TOTAL","count":40969,"amount":3.9501006E7}},{"entityName":"andhra pradesh","metric":{"type":"TOTAL","count":33205,"amount":2.2730687E7}},{"entityName":"telangana","metric":{"type":"TOTAL","count":28870,"amount":2.0935651E7}},{"entityName":"uttar pradesh","metric":{"type":"TOTAL","count":25952,"amount":2.5137571E7}},{"entityName":"rajasthan","metric":{"type":"TOTAL","count":18281,"amount":1.4357445E7}},{"entityName":"tamil nadu","metric":{"type":"TOTAL","count":17682,"amount":1.6444344E7}},{"entityName":"west bengal","metric":{"type":"TOTAL","count":15200,"amount":1.2396029E7}},{"entityName":"madhya pradesh","metric":{"type":"TOTAL","count":14803,"amount":9787391.0}},{"entityName":"gujarat","metric":{"type":"TOTAL","count":14676,"amount":1.0263998E7}}],"districts":[{"entityName":"bengaluru urban","metric":{"type":"TOTAL","count":21918,"amount":1.9572756E7}},{"entityName":"pune","metric":{"type":"TOTAL","count":14949,"amount":9422249.0}},{"entityName":"thane","metric":{"type":"TOTAL","count":7446,"amount":5734857.0}},{"entityName":"rangareddy","metric":{"type":"TOTAL","count":5618,"amount":4515303.0}},{"entityName":"hyderabad","metric":{"type":"TOTAL","count":5616,"amount":3945773.0}},{"entityName":"prakasam","metric":{"type":"TOTAL","count":5308,"amount":2719134.0}},{"entityName":"mumbai suburban","metric":{"type":"TOTAL","count":5293,"amount":3659655.0}},{"entityName":"medchal malkajgiri","metric":{"type":"TOTAL","count":5094,"amount":3743459.0}},{"entityName":"visakhapatnam","metric":{"type":"TOTAL","count":4655,"amount":3497573.0}},{"entityName":"nashik","metric":{"type":"TOTAL","count":4607,"amount":2827696.0}}],"pincodes":[{"entityName":"523002","metric":{"type":"TOTAL","count":1409,"amount":631953.0}},{"entityName":"110042","metric":{"type":"TOTAL","count":1036,"amount":537398.0}},{"entityName":"560068","metric":{"type":"TOTAL","count":982,"amount":719927.0}},{"entityName":"410501","metric":{"type":"TOTAL","count":948,"amount":578550.0}},{"entityName":"500072","metric":{"type":"TOTAL","count":915,"amount":574372.0}},{"entityName":"421302","metric":{"type":"TOTAL","count":783,"amount":586297.0}},{"entityName":"712138","metric":{"type":"TOTAL","count":724,"amount":263805.0}},{"entityName":"411033","metric":{"type":"TOTAL","count":722,"amount":405598.0}},{"entityName":"560076","metric":{"type":"TOTAL","count":719,"amount":556220.0}},{"entityName":"412105","metric":{"type":"TOTAL","count":713,"amount":452166.0}}]},"responseTimestamp":1692611001790}