{"success":true,"code":"SUCCESS","data":{"states":[{"entityName":"maharashtra","metric":{"type":"TOTAL","count":52268,"amount":4.1313307E7}},{"entityName":"karnataka","metric":{"type":"TOTAL","count":47468,"amount":4.8078366E7}},{"entityName":"uttar pradesh","metric":{"type":"TOTAL","count":32799,"amount":3.2641118E7}},{"entityName":"telangana","metric":{"type":"TOTAL","count":27080,"amount":2.0925217E7}},{"entityName":"west bengal","metric":{"type":"TOTAL","count":24839,"amount":2.1424337E7}},{"entityName":"tamil nadu","metric":{"type":"TOTAL","count":23107,"amount":2.3402918E7}},{"entityName":"andhra pradesh","metric":{"type":"TOTAL","count":23075,"amount":1.9914338E7}},{"entityName":"bihar","metric":{"type":"TOTAL","count":18030,"amount":1.8234941E7}},{"entityName":"delhi","metric":{"type":"TOTAL","count":16679,"amount":1.5007079E7}},{"entityName":"rajasthan","metric":{"type":"TOTAL","count":16643,"amount":1.2793862E7}}],"districts":[{"entityName":"bengaluru urban","metric":{"type":"TOTAL","count":27498,"amount":2.6210017E7}},{"entityName":"pune","metric":{"type":"TOTAL","count":9943,"amount":8127896.0}},{"entityName":"thane","metric":{"type":"TOTAL","count":7829,"amount":6194341.0}},{"entityName":"mumbai suburban","metric":{"type":"TOTAL","count":5520,"amount":4552921.0}},{"entityName":"hyderabad","metric":{"type":"TOTAL","count":5201,"amount":3813732.0}},{"entityName":"rangareddy","metric":{"type":"TOTAL","count":5064,"amount":4209112.0}},{"entityName":"medchal malkajgiri","metric":{"type":"TOTAL","count":4896,"amount":3968450.0}},{"entityName":"kolkata","metric":{"type":"TOTAL","count":4808,"amount":3468389.0}},{"entityName":"gurugram","metric":{"type":"TOTAL","count":4501,"amount":3651728.0}},{"entityName":"chennai","metric":{"type":"TOTAL","count":4367,"amount":3861435.0}}],"pincodes":[{"entityName":"712138","metric":{"type":"TOTAL","count":1350,"amount":480755.0}},{"entityName":"421301","metric":{"type":"TOTAL","count":1176,"amount":670772.0}},{"entityName":"560068","metric":{"type":"TOTAL","count":1126,"amount":984821.0}},{"entityName":"421302","metric":{"type":"TOTAL","count":1001,"amount":736789.0}},{"entityName":"122001","metric":{"type":"TOTAL","count":866,"amount":704138.0}},{"entityName":"201301","metric":{"type":"TOTAL","count":846,"amount":600065.0}},{"entityName":"560058","metric":{"type":"TOTAL","count":841,"amount":725815.0}},{"entityName":"122006","metric":{"type":"TOTAL","count":806,"amount":481888.0}},{"entityName":"500072","metric":{"type":"TOTAL","count":803,"amount":638626.0}},{"entityName":"560043","metric":{"type":"TOTAL","count":800,"amount":743863.0}}]},"responseTimestamp":1692611054150}