{"success":true,"code":"SUCCESS","data":{"states":[{"entityName":"maharashtra","metric":{"type":"TOTAL","count":82423,"amount":9.3262227E7}},{"entityName":"karnataka","metric":{"type":"TOTAL","count":74436,"amount":9.0723288E7}},{"entityName":"uttar pradesh","metric":{"type":"TOTAL","count":44132,"amount":5.9654951E7}},{"entityName":"telangana","metric":{"type":"TOTAL","count":34848,"amount":3.8845492E7}},{"entityName":"delhi","metric":{"type":"TOTAL","count":34251,"amount":3.6578331E7}},{"entityName":"tamil nadu","metric":{"type":"TOTAL","count":33037,"amount":4.218429E7}},{"entityName":"west bengal","metric":{"type":"TOTAL","count":26320,"amount":3.1282871E7}},{"entityName":"andhra pradesh","metric":{"type":"TOTAL","count":25423,"amount":3.1610335E7}},{"entityName":"bihar","metric":{"type":"TOTAL","count":22456,"amount":2.7313813E7}},{"entityName":"haryana","metric":{"type":"TOTAL","count":19489,"amount":2.5885838E7}}],"districts":[{"entityName":"bengaluru urban","metric":{"type":"TOTAL","count":44650,"amount":5.0064816E7}},{"entityName":"pune","metric":{"type":"TOTAL","count":16039,"amount":1.8693479E7}},{"entityName":"thane","metric":{"type":"TOTAL","count":13362,"amount":1.385639E7}},{"entityName":"mumbai suburban","metric":{"type":"TOTAL","count":9319,"amount":9168680.0}},{"entityName":"hyderabad","metric":{"type":"TOTAL","count":7016,"amount":7001072.0}},{"entityName":"rangareddy","metric":{"type":"TOTAL","count":6835,"amount":7932450.0}},{"entityName":"medchal malkajgiri","metric":{"type":"TOTAL","count":6553,"amount":7341035.0}},{"entityName":"gurugram","metric":{"type":"TOTAL","count":5951,"amount":6492219.0}},{"entityName":"chennai","metric":{"type":"TOTAL","count":5769,"amount":6143037.0}},{"entityName":"jaipur","metric":{"type":"TOTAL","count":5571,"amount":6278712.0}}],"pincodes":[{"entityName":"560068","metric":{"type":"TOTAL","count":1839,"amount":1905289.0}},{"entityName":"110059","metric":{"type":"TOTAL","count":1509,"amount":1603319.0}},{"entityName":"421301","metric":{"type":"TOTAL","count":1473,"amount":1157196.0}},{"entityName":"421302","metric":{"type":"TOTAL","count":1471,"amount":1338786.0}},{"entityName":"560078","metric":{"type":"TOTAL","count":1372,"amount":1472700.0}},{"entityName":"560076","metric":{"type":"TOTAL","count":1308,"amount":1508537.0}},{"entityName":"560043","metric":{"type":"TOTAL","count":1285,"amount":1483440.0}},{"entityName":"560058","metric":{"type":"TOTAL","count":1237,"amount":1231686.0}},{"entityName":"110086","metric":{"type":"TOTAL","count":1220,"amount":1265728.0}},{"entityName":"560091","metric":{"type":"TOTAL","count":1201,"amount":1265605.0}}]},"responseTimestamp":1692611105644}