{"success":true,"code":"SUCCESS","data":{"states":null,"districts":[{"entityName":"west","metric":{"type":"TOTAL","count":2159,"amount":341511.0}},{"entityName":"south east delhi","metric":{"type":"TOTAL","count":1438,"amount":232946.0}},{"entityName":"south","metric":{"type":"TOTAL","count":1251,"amount":206601.0}},{"entityName":"east","metric":{"type":"TOTAL","count":1247,"amount":188078.0}},{"entityName":"north west","metric":{"type":"TOTAL","count":1148,"amount":184911.0}},{"entityName":"south west","metric":{"type":"TOTAL","count":1131,"amount":186173.0}},{"entityName":"central delhi","metric":{"type":"TOTAL","count":971,"amount":154625.0}},{"entityName":"new delhi","metric":{"type":"TOTAL","count":881,"amount":152882.0}},{"entityName":"north","metric":{"type":"TOTAL","count":736,"amount":123572.0}},{"entityName":"shahdara","metric":{"type":"TOTAL","count":435,"amount":73327.0}}],"pincodes":[{"entityName":"110059","metric":{"type":"TOTAL","count":895,"amount":132104.0}},{"entityName":"110092","metric":{"type":"TOTAL","count":638,"amount":94570.0}},{"entityName":"110096","metric":{"type":"TOTAL","count":352,"amount":52930.0}},{"entityName":"110085","metric":{"type":"TOTAL","count":310,"amount":48400.0}},{"entityName":"110019","metric":{"type":"TOTAL","count":304,"amount":46226.0}},{"entityName":"110017","metric":{"type":"TOTAL","count":285,"amount":45685.0}},{"entityName":"110084","metric":{"type":"TOTAL","count":276,"amount":43752.0}},{"entityName":"110044","metric":{"type":"TOTAL","count":260,"amount":42495.0}},{"entityName":"110062","metric":{"type":"TOTAL","count":258,"amount":42340.0}},{"entityName":"110086","metric":{"type":"TOTAL","count":255,"amount":42750.0}}]},"responseTimestamp":1692610843296}