{"success":true,"code":"SUCCESS","data":{"states":null,"districts":[{"entityName":"west","metric":{"type":"TOTAL","count":1250,"amount":330947.0}},{"entityName":"south east delhi","metric":{"type":"TOTAL","count":922,"amount":240168.0}},{"entityName":"north west","metric":{"type":"TOTAL","count":815,"amount":195772.0}},{"entityName":"south west","metric":{"type":"TOTAL","count":789,"amount":243882.0}},{"entityName":"central delhi","metric":{"type":"TOTAL","count":672,"amount":153666.0}},{"entityName":"new delhi","metric":{"type":"TOTAL","count":652,"amount":161870.0}},{"entityName":"east","metric":{"type":"TOTAL","count":641,"amount":163616.0}},{"entityName":"south","metric":{"type":"TOTAL","count":637,"amount":157653.0}},{"entityName":"north","metric":{"type":"TOTAL","count":588,"amount":136601.0}},{"entityName":"shahdara","metric":{"type":"TOTAL","count":316,"amount":73604.0}}],"pincodes":[{"entityName":"110059","metric":{"type":"TOTAL","count":407,"amount":95078.0}},{"entityName":"110092","metric":{"type":"TOTAL","count":305,"amount":80669.0}},{"entityName":"110086","metric":{"type":"TOTAL","count":248,"amount":59852.0}},{"entityName":"110043","metric":{"type":"TOTAL","count":231,"amount":100995.0}},{"entityName":"110044","metric":{"type":"TOTAL","count":217,"amount":59264.0}},{"entityName":"110041","metric":{"type":"TOTAL","count":209,"amount":68717.0}},{"entityName":"110096","metric":{"type":"TOTAL","count":202,"amount":43838.0}},{"entityName":"110084","metric":{"type":"TOTAL","count":184,"amount":39117.0}},{"entityName":"110085","metric":{"type":"TOTAL","count":170,"amount":39935.0}},{"entityName":"110053","metric":{"type":"TOTAL","count":169,"amount":40223.0}}]},"responseTimestamp":1692610896373}