{"success":true,"code":"SUCCESS","data":{"states":null,"districts":[{"entityName":"west","metric":{"type":"TOTAL","count":1383,"amount":1065762.0}},{"entityName":"south east delhi","metric":{"type":"TOTAL","count":1240,"amount":965278.0}},{"entityName":"south west","metric":{"type":"TOTAL","count":1094,"amount":1007667.0}},{"entityName":"new delhi","metric":{"type":"TOTAL","count":1030,"amount":945117.0}},{"entityName":"north west","metric":{"type":"TOTAL","count":993,"amount":770313.0}},{"entityName":"central delhi","metric":{"type":"TOTAL","count":778,"amount":611387.0}},{"entityName":"north","metric":{"type":"TOTAL","count":760,"amount":645843.0}},{"entityName":"east","metric":{"type":"TOTAL","count":732,"amount":564969.0}},{"entityName":"south","metric":{"type":"TOTAL","count":622,"amount":567678.0}},{"entityName":"shahdara","metric":{"type":"TOTAL","count":578,"amount":464731.0}}],"pincodes":[{"entityName":"110059","metric":{"type":"TOTAL","count":447,"amount":315637.0}},{"entityName":"110092","metric":{"type":"TOTAL","count":348,"amount":271268.0}},{"entityName":"110044","metric":{"type":"TOTAL","count":341,"amount":256960.0}},{"entityName":"110086","metric":{"type":"TOTAL","count":325,"amount":260858.0}},{"entityName":"110043","metric":{"type":"TOTAL","count":280,"amount":250896.0}},{"entityName":"110094","metric":{"type":"TOTAL","count":265,"amount":211817.0}},{"entityName":"110085","metric":{"type":"TOTAL","count":264,"amount":193668.0}},{"entityName":"110096","metric":{"type":"TOTAL","count":237,"amount":166477.0}},{"entityName":"110041","metric":{"type":"TOTAL","count":232,"amount":189517.0}},{"entityName":"110042","metric":{"type":"TOTAL","count":204,"amount":179595.0}}]},"responseTimestamp":1692610948364}