{"success":true,"code":"SUCCESS","data":{"states":null,"districts":[{"entityName":"ernakulam","metric":{"type":"TOTAL","count":11073,"amount":1.7476806E7}},{"entityName":"thiruvananthapuram","metric":{"type":"TOTAL","count":7752,"amount":1.2363104E7}},{"entityName":"kozhikode","metric":{"type":"TOTAL","count":7222,"amount":1.0547486E7}},{"entityName":"malappuram","metric":{"type":"TOTAL","count":6783,"amount":1.0793744E7}},{"entityName":"thrissur","metric":{"type":"TOTAL","count":4850,"amount":8185241.0}},{"entityName":"kollam","metric":{"type":"TOTAL","count":4033,"amount":7015862.0}},{"entityName":"kannur","metric":{"type":"TOTAL","count":3939,"amount":6481421.0}},{"entityName":"alappuzha","metric":{"type":"TOTAL","count":3784,"amount":6192453.0}},{"entityName":"palakkad","metric":{"type":"TOTAL","count":3265,"amount":5417839.0}},{"entityName":"kottayam","metric":{"type":"TOTAL","count":2921,"amount":5189859.0}}],"pincodes":[{"entityName":"682042","metric":{"type":"TOTAL","count":475,"amount":678883.0}},{"entityName":"682024","metric":{"type":"TOTAL","count":455,"amount":770427.0}},{"entityName":"695001","metric":{"type":"TOTAL","count":390,"amount":496587.0}},{"entityName":"682025","metric":{"type":"TOTAL","count":365,"amount":502748.0}},{"entityName":"673032","metric":{"type":"TOTAL","count":360,"amount":433069.0}},{"entityName":"682032","metric":{"type":"TOTAL","count":330,"amount":480633.0}},{"entityName":"682020","metric":{"type":"TOTAL","count":324,"amount":404398.0}},{"entityName":"673008","metric":{"type":"TOTAL","count":324,"amount":510154.0}},{"entityName":"673016","metric":{"type":"TOTAL","count":293,"amount":451641.0}},{"entityName":"695014","metric":{"type":"TOTAL","count":289,"amount":433851.0}}]},"responseTimestamp":1692619186451}