{"success":true,"code":"SUCCESS","data":{"states":null,"districts":[{"entityName":"ernakulam","metric":{"type":"TOTAL","count":10598,"amount":1.6600162E7}},{"entityName":"thiruvananthapuram","metric":{"type":"TOTAL","count":8224,"amount":1.3258692E7}},{"entityName":"kozhikode","metric":{"type":"TOTAL","count":6883,"amount":1.0038088E7}},{"entityName":"malappuram","metric":{"type":"TOTAL","count":6853,"amount":1.1078937E7}},{"entityName":"thrissur","metric":{"type":"TOTAL","count":4489,"amount":7646887.0}},{"entityName":"kollam","metric":{"type":"TOTAL","count":4308,"amount":7112761.0}},{"entityName":"alappuzha","metric":{"type":"TOTAL","count":3850,"amount":6362914.0}},{"entityName":"kannur","metric":{"type":"TOTAL","count":3529,"amount":6134872.0}},{"entityName":"palakkad","metric":{"type":"TOTAL","count":3314,"amount":5694122.0}},{"entityName":"kottayam","metric":{"type":"TOTAL","count":2740,"amount":5078782.0}}],"pincodes":[{"entityName":"682042","metric":{"type":"TOTAL","count":474,"amount":632011.0}},{"entityName":"682024","metric":{"type":"TOTAL","count":432,"amount":626497.0}},{"entityName":"695001","metric":{"type":"TOTAL","count":357,"amount":499471.0}},{"entityName":"682025","metric":{"type":"TOTAL","count":352,"amount":482026.0}},{"entityName":"673032","metric":{"type":"TOTAL","count":327,"amount":386815.0}},{"entityName":"682032","metric":{"type":"TOTAL","count":309,"amount":407445.0}},{"entityName":"682020","metric":{"type":"TOTAL","count":293,"amount":372993.0}},{"entityName":"682301","metric":{"type":"TOTAL","count":286,"amount":388465.0}},{"entityName":"673008","metric":{"type":"TOTAL","count":278,"amount":398034.0}},{"entityName":"695014","metric":{"type":"TOTAL","count":272,"amount":387218.0}}]},"responseTimestamp":1692619367920}