{"success":true,"code":"SUCCESS","data":{"states":null,"districts":[{"entityName":"ernakulam","metric":{"type":"TOTAL","count":12004,"amount":1.9154183E7}},{"entityName":"thiruvananthapuram","metric":{"type":"TOTAL","count":8669,"amount":1.4060287E7}},{"entityName":"malappuram","metric":{"type":"TOTAL","count":7289,"amount":1.2049224E7}},{"entityName":"kozhikode","metric":{"type":"TOTAL","count":7048,"amount":1.0419378E7}},{"entityName":"kollam","metric":{"type":"TOTAL","count":4958,"amount":8529815.0}},{"entityName":"thrissur","metric":{"type":"TOTAL","count":4879,"amount":8384934.0}},{"entityName":"alappuzha","metric":{"type":"TOTAL","count":4253,"amount":7176797.0}},{"entityName":"kannur","metric":{"type":"TOTAL","count":3626,"amount":6232084.0}},{"entityName":"palakkad","metric":{"type":"TOTAL","count":3489,"amount":5893459.0}},{"entityName":"kottayam","metric":{"type":"TOTAL","count":3260,"amount":6030230.0}}],"pincodes":[{"entityName":"682042","metric":{"type":"TOTAL","count":563,"amount":741388.0}},{"entityName":"682024","metric":{"type":"TOTAL","count":487,"amount":709625.0}},{"entityName":"695001","metric":{"type":"TOTAL","count":426,"amount":587155.0}},{"entityName":"682020","metric":{"type":"TOTAL","count":416,"amount":548647.0}},{"entityName":"673032","metric":{"type":"TOTAL","count":374,"amount":434950.0}},{"entityName":"682025","metric":{"type":"TOTAL","count":357,"amount":539363.0}},{"entityName":"682032","metric":{"type":"TOTAL","count":340,"amount":522245.0}},{"entityName":"682301","metric":{"type":"TOTAL","count":319,"amount":617524.0}},{"entityName":"695014","metric":{"type":"TOTAL","count":301,"amount":465745.0}},{"entityName":"673016","metric":{"type":"TOTAL","count":296,"amount":439379.0}}]},"responseTimestamp":1697612211184}