{"success":true,"code":"SUCCESS","data":{"states":null,"districts":[{"entityName":"ernakulam","metric":{"type":"TOTAL","count":13336,"amount":2.1283249E7}},{"entityName":"thiruvananthapuram","metric":{"type":"TOTAL","count":9139,"amount":1.5383409E7}},{"entityName":"malappuram","metric":{"type":"TOTAL","count":8241,"amount":1.326892E7}},{"entityName":"kozhikode","metric":{"type":"TOTAL","count":8030,"amount":1.2236953E7}},{"entityName":"thrissur","metric":{"type":"TOTAL","count":5464,"amount":9203305.0}},{"entityName":"kollam","metric":{"type":"TOTAL","count":4970,"amount":8676874.0}},{"entityName":"kannur","metric":{"type":"TOTAL","count":4667,"amount":7783755.0}},{"entityName":"alappuzha","metric":{"type":"TOTAL","count":4462,"amount":6988333.0}},{"entityName":"palakkad","metric":{"type":"TOTAL","count":3922,"amount":6534162.0}},{"entityName":"kottayam","metric":{"type":"TOTAL","count":3639,"amount":6485056.0}}],"pincodes":[{"entityName":"682042","metric":{"type":"TOTAL","count":564,"amount":836164.0}},{"entityName":"682024","metric":{"type":"TOTAL","count":491,"amount":726335.0}},{"entityName":"695001","metric":{"type":"TOTAL","count":475,"amount":657703.0}},{"entityName":"682025","metric":{"type":"TOTAL","count":440,"amount":631119.0}},{"entityName":"673032","metric":{"type":"TOTAL","count":396,"amount":560271.0}},{"entityName":"682507","metric":{"type":"TOTAL","count":373,"amount":493834.0}},{"entityName":"682020","metric":{"type":"TOTAL","count":356,"amount":512087.0}},{"entityName":"682032","metric":{"type":"TOTAL","count":356,"amount":501942.0}},{"entityName":"673004","metric":{"type":"TOTAL","count":326,"amount":387589.0}},{"entityName":"682035","metric":{"type":"TOTAL","count":324,"amount":486127.0}}]},"responseTimestamp":1706092865598}