{"success":true,"code":"SUCCESS","data":{"states":null,"districts":[{"entityName":"ernakulam","metric":{"type":"TOTAL","count":1252,"amount":1016580.0}},{"entityName":"kozhikode","metric":{"type":"TOTAL","count":598,"amount":503468.0}},{"entityName":"thiruvananthapuram","metric":{"type":"TOTAL","count":587,"amount":507950.0}},{"entityName":"thrissur","metric":{"type":"TOTAL","count":524,"amount":503132.0}},{"entityName":"malappuram","metric":{"type":"TOTAL","count":446,"amount":350548.0}},{"entityName":"kannur","metric":{"type":"TOTAL","count":422,"amount":374238.0}},{"entityName":"kollam","metric":{"type":"TOTAL","count":383,"amount":364847.0}},{"entityName":"palakkad","metric":{"type":"TOTAL","count":346,"amount":300887.0}},{"entityName":"alappuzha","metric":{"type":"TOTAL","count":344,"amount":310645.0}},{"entityName":"kottayam","metric":{"type":"TOTAL","count":260,"amount":224292.0}}],"pincodes":[{"entityName":"673508","metric":{"type":"TOTAL","count":81,"amount":79723.0}},{"entityName":"695001","metric":{"type":"TOTAL","count":49,"amount":28194.0}},{"entityName":"682024","metric":{"type":"TOTAL","count":48,"amount":18983.0}},{"entityName":"686673","metric":{"type":"TOTAL","count":42,"amount":20734.0}},{"entityName":"682020","metric":{"type":"TOTAL","count":41,"amount":29143.0}},{"entityName":"682032","metric":{"type":"TOTAL","count":35,"amount":15217.0}},{"entityName":"682025","metric":{"type":"TOTAL","count":34,"amount":25775.0}},{"entityName":"682036","metric":{"type":"TOTAL","count":33,"amount":11933.0}},{"entityName":"682042","metric":{"type":"TOTAL","count":33,"amount":20506.0}},{"entityName":"682017","metric":{"type":"TOTAL","count":32,"amount":63265.0}}]},"responseTimestamp":1692610979497}