{"success":true,"code":"SUCCESS","data":{"states":null,"districts":[{"entityName":"ernakulam","metric":{"type":"TOTAL","count":1939,"amount":1728254.0}},{"entityName":"thiruvananthapuram","metric":{"type":"TOTAL","count":1176,"amount":1162796.0}},{"entityName":"kozhikode","metric":{"type":"TOTAL","count":1092,"amount":1095684.0}},{"entityName":"malappuram","metric":{"type":"TOTAL","count":849,"amount":939169.0}},{"entityName":"thrissur","metric":{"type":"TOTAL","count":820,"amount":831809.0}},{"entityName":"kollam","metric":{"type":"TOTAL","count":669,"amount":747935.0}},{"entityName":"palakkad","metric":{"type":"TOTAL","count":551,"amount":550644.0}},{"entityName":"kannur","metric":{"type":"TOTAL","count":541,"amount":605434.0}},{"entityName":"alappuzha","metric":{"type":"TOTAL","count":499,"amount":499709.0}},{"entityName":"kottayam","metric":{"type":"TOTAL","count":484,"amount":503168.0}}],"pincodes":[{"entityName":"682025","metric":{"type":"TOTAL","count":75,"amount":41233.0}},{"entityName":"695573","metric":{"type":"TOTAL","count":64,"amount":44824.0}},{"entityName":"682032","metric":{"type":"TOTAL","count":63,"amount":41783.0}},{"entityName":"682020","metric":{"type":"TOTAL","count":56,"amount":28720.0}},{"entityName":"682042","metric":{"type":"TOTAL","count":56,"amount":34584.0}},{"entityName":"695001","metric":{"type":"TOTAL","count":49,"amount":39920.0}},{"entityName":"673010","metric":{"type":"TOTAL","count":47,"amount":31127.0}},{"entityName":"695008","metric":{"type":"TOTAL","count":47,"amount":35390.0}},{"entityName":"682507","metric":{"type":"TOTAL","count":44,"amount":38482.0}},{"entityName":"682035","metric":{"type":"TOTAL","count":44,"amount":20402.0}}]},"responseTimestamp":1692611031543}