{"success":true,"code":"SUCCESS","data":{"states":null,"districts":[{"entityName":"ernakulam","metric":{"type":"TOTAL","count":2041,"amount":2178118.0}},{"entityName":"thiruvananthapuram","metric":{"type":"TOTAL","count":1273,"amount":1437314.0}},{"entityName":"kozhikode","metric":{"type":"TOTAL","count":1188,"amount":1366856.0}},{"entityName":"malappuram","metric":{"type":"TOTAL","count":1102,"amount":1488543.0}},{"entityName":"thrissur","metric":{"type":"TOTAL","count":878,"amount":954447.0}},{"entityName":"kollam","metric":{"type":"TOTAL","count":836,"amount":1078023.0}},{"entityName":"kannur","metric":{"type":"TOTAL","count":745,"amount":940147.0}},{"entityName":"alappuzha","metric":{"type":"TOTAL","count":629,"amount":875110.0}},{"entityName":"palakkad","metric":{"type":"TOTAL","count":622,"amount":741332.0}},{"entityName":"kottayam","metric":{"type":"TOTAL","count":495,"amount":759525.0}}],"pincodes":[{"entityName":"682042","metric":{"type":"TOTAL","count":89,"amount":61579.0}},{"entityName":"695001","metric":{"type":"TOTAL","count":77,"amount":45297.0}},{"entityName":"682024","metric":{"type":"TOTAL","count":76,"amount":108205.0}},{"entityName":"682025","metric":{"type":"TOTAL","count":71,"amount":56068.0}},{"entityName":"673508","metric":{"type":"TOTAL","count":63,"amount":63854.0}},{"entityName":"682032","metric":{"type":"TOTAL","count":61,"amount":64742.0}},{"entityName":"682301","metric":{"type":"TOTAL","count":59,"amount":65053.0}},{"entityName":"682020","metric":{"type":"TOTAL","count":57,"amount":40120.0}},{"entityName":"682507","metric":{"type":"TOTAL","count":53,"amount":49636.0}},{"entityName":"673032","metric":{"type":"TOTAL","count":52,"amount":37518.0}}]},"responseTimestamp":1692611083377}