{"success":true,"code":"SUCCESS","data":{"states":null,"districts":[{"entityName":"ernakulam","metric":{"type":"TOTAL","count":3397,"amount":4987028.0}},{"entityName":"thiruvananthapuram","metric":{"type":"TOTAL","count":2400,"amount":3779310.0}},{"entityName":"malappuram","metric":{"type":"TOTAL","count":1926,"amount":3110462.0}},{"entityName":"kozhikode","metric":{"type":"TOTAL","count":1871,"amount":2956875.0}},{"entityName":"kollam","metric":{"type":"TOTAL","count":1486,"amount":2426845.0}},{"entityName":"thrissur","metric":{"type":"TOTAL","count":1466,"amount":2429009.0}},{"entityName":"kannur","metric":{"type":"TOTAL","count":1255,"amount":2260422.0}},{"entityName":"alappuzha","metric":{"type":"TOTAL","count":1251,"amount":1905411.0}},{"entityName":"palakkad","metric":{"type":"TOTAL","count":1054,"amount":1728168.0}},{"entityName":"kottayam","metric":{"type":"TOTAL","count":971,"amount":1683696.0}}],"pincodes":[{"entityName":"695001","metric":{"type":"TOTAL","count":147,"amount":206230.0}},{"entityName":"682024","metric":{"type":"TOTAL","count":133,"amount":122019.0}},{"entityName":"682020","metric":{"type":"TOTAL","count":128,"amount":189239.0}},{"entityName":"682042","metric":{"type":"TOTAL","count":110,"amount":182125.0}},{"entityName":"682025","metric":{"type":"TOTAL","count":100,"amount":120378.0}},{"entityName":"682301","metric":{"type":"TOTAL","count":93,"amount":105284.0}},{"entityName":"682507","metric":{"type":"TOTAL","count":89,"amount":137833.0}},{"entityName":"682032","metric":{"type":"TOTAL","count":88,"amount":93266.0}},{"entityName":"695014","metric":{"type":"TOTAL","count":88,"amount":96834.0}},{"entityName":"673638","metric":{"type":"TOTAL","count":84,"amount":99037.0}}]},"responseTimestamp":1692611134805}