{"success":true,"code":"SUCCESS","data":{"states":null,"districts":[{"entityName":"south andaman","metric":{"type":"TOTAL","count":692,"amount":982206.0}},{"entityName":"north and middle andaman","metric":{"type":"TOTAL","count":48,"amount":85229.0}},{"entityName":"nicobars","metric":{"type":"TOTAL","count":28,"amount":63852.0}}],"pincodes":[{"entityName":"744103","metric":{"type":"TOTAL","count":174,"amount":226181.0}},{"entityName":"744101","metric":{"type":"TOTAL","count":149,"amount":204646.0}},{"entityName":"744105","metric":{"type":"TOTAL","count":137,"amount":218321.0}},{"entityName":"744102","metric":{"type":"TOTAL","count":102,"amount":147402.0}},{"entityName":"744112","metric":{"type":"TOTAL","count":36,"amount":39197.0}},{"entityName":"744104","metric":{"type":"TOTAL","count":33,"amount":35406.0}},{"entityName":"744107","metric":{"type":"TOTAL","count":28,"amount":36877.0}},{"entityName":"744207","metric":{"type":"TOTAL","count":19,"amount":50799.0}},{"entityName":"744301","metric":{"type":"TOTAL","count":16,"amount":33406.0}},{"entityName":"744205","metric":{"type":"TOTAL","count":15,"amount":29159.0}}]},"responseTimestamp":1692611172466}