{"success":true,"code":"SUCCESS","data":{"states":null,"districts":[{"entityName":"south andaman","metric":{"type":"TOTAL","count":430,"amount":633029.0}},{"entityName":"north and middle andaman","metric":{"type":"TOTAL","count":45,"amount":90403.0}},{"entityName":"nicobars","metric":{"type":"TOTAL","count":26,"amount":56308.0}}],"pincodes":[{"entityName":"744103","metric":{"type":"TOTAL","count":97,"amount":156861.0}},{"entityName":"744101","metric":{"type":"TOTAL","count":87,"amount":121168.0}},{"entityName":"744105","metric":{"type":"TOTAL","count":78,"amount":137418.0}},{"entityName":"744102","metric":{"type":"TOTAL","count":62,"amount":58453.0}},{"entityName":"744104","metric":{"type":"TOTAL","count":26,"amount":32107.0}},{"entityName":"744107","metric":{"type":"TOTAL","count":22,"amount":52244.0}},{"entityName":"744211","metric":{"type":"TOTAL","count":19,"amount":25543.0}},{"entityName":"744112","metric":{"type":"TOTAL","count":18,"amount":24391.0}},{"entityName":"744301","metric":{"type":"TOTAL","count":14,"amount":28331.0}},{"entityName":"744202","metric":{"type":"TOTAL","count":13,"amount":20817.0}}]},"responseTimestamp":1692611223709}