{"success":true,"code":"SUCCESS","data":{"states":null,"districts":[{"entityName":"south andaman","metric":{"type":"TOTAL","count":535,"amount":687813.0}},{"entityName":"north and middle andaman","metric":{"type":"TOTAL","count":70,"amount":129013.0}},{"entityName":"nicobars","metric":{"type":"TOTAL","count":38,"amount":85640.0}}],"pincodes":[{"entityName":"744103","metric":{"type":"TOTAL","count":151,"amount":198569.0}},{"entityName":"744101","metric":{"type":"TOTAL","count":119,"amount":151539.0}},{"entityName":"744105","metric":{"type":"TOTAL","count":101,"amount":106324.0}},{"entityName":"744102","metric":{"type":"TOTAL","count":76,"amount":102757.0}},{"entityName":"744104","metric":{"type":"TOTAL","count":31,"amount":35790.0}},{"entityName":"744301","metric":{"type":"TOTAL","count":27,"amount":67604.0}},{"entityName":"744202","metric":{"type":"TOTAL","count":27,"amount":53016.0}},{"entityName":"744205","metric":{"type":"TOTAL","count":17,"amount":34250.0}},{"entityName":"744107","metric":{"type":"TOTAL","count":16,"amount":29251.0}},{"entityName":"744204","metric":{"type":"TOTAL","count":11,"amount":17184.0}}]},"responseTimestamp":1692611275346}