{"success":true,"code":"SUCCESS","data":{"states":null,"districts":[{"entityName":"south andaman","metric":{"type":"TOTAL","count":750,"amount":1114857.0}},{"entityName":"north and middle andaman","metric":{"type":"TOTAL","count":112,"amount":224198.0}},{"entityName":"nicobars","metric":{"type":"TOTAL","count":39,"amount":102155.0}}],"pincodes":[{"entityName":"744103","metric":{"type":"TOTAL","count":199,"amount":299036.0}},{"entityName":"744105","metric":{"type":"TOTAL","count":166,"amount":253344.0}},{"entityName":"744101","metric":{"type":"TOTAL","count":146,"amount":163498.0}},{"entityName":"744102","metric":{"type":"TOTAL","count":80,"amount":98862.0}},{"entityName":"744202","metric":{"type":"TOTAL","count":43,"amount":68397.0}},{"entityName":"744107","metric":{"type":"TOTAL","count":38,"amount":73829.0}},{"entityName":"744104","metric":{"type":"TOTAL","count":31,"amount":55827.0}},{"entityName":"744205","metric":{"type":"TOTAL","count":27,"amount":56611.0}},{"entityName":"744211","metric":{"type":"TOTAL","count":27,"amount":59500.0}},{"entityName":"744112","metric":{"type":"TOTAL","count":25,"amount":42024.0}}]},"responseTimestamp":1692611327173}