{"success":true,"code":"SUCCESS","data":{"states":null,"districts":[{"entityName":"lakshadweep","metric":{"type":"TOTAL","count":27,"amount":34664.0}}],"pincodes":[{"entityName":"682555","metric":{"type":"TOTAL","count":18,"amount":24036.0}},{"entityName":"682551","metric":{"type":"TOTAL","count":6,"amount":6937.0}},{"entityName":"682556","metric":{"type":"TOTAL","count":2,"amount":3592.0}},{"entityName":"682552","metric":{"type":"TOTAL","count":1,"amount":99.0}}]},"responseTimestamp":1692611165293}