{"success":true,"code":"SUCCESS","data":{"states":null,"districts":[{"entityName":"lakshadweep","metric":{"type":"TOTAL","count":38,"amount":41504.0}}],"pincodes":[{"entityName":"682555","metric":{"type":"TOTAL","count":21,"amount":26201.0}},{"entityName":"682551","metric":{"type":"TOTAL","count":13,"amount":11635.0}},{"entityName":"682559","metric":{"type":"TOTAL","count":3,"amount":2429.0}},{"entityName":"682556","metric":{"type":"TOTAL","count":1,"amount":1239.0}}]},"responseTimestamp":1692611268203}