{"success":true,"code":"SUCCESS","data":{"states":null,"districts":[{"entityName":"lakshadweep","metric":{"type":"TOTAL","count":15,"amount":27135.0}}],"pincodes":[{"entityName":"682555","metric":{"type":"TOTAL","count":9,"amount":17265.0}},{"entityName":"682551","metric":{"type":"TOTAL","count":3,"amount":2539.0}},{"entityName":"682557","metric":{"type":"TOTAL","count":2,"amount":5030.0}},{"entityName":"682556","metric":{"type":"TOTAL","count":1,"amount":2301.0}}]},"responseTimestamp":1692611320045}