{"success":true,"code":"SUCCESS","data":{"states":null,"districts":[{"entityName":"gurugram","metric":{"type":"TOTAL","count":3377,"amount":2003697.0}},{"entityName":"faridabad","metric":{"type":"TOTAL","count":1845,"amount":1250394.0}},{"entityName":"rewari","metric":{"type":"TOTAL","count":757,"amount":485758.0}},{"entityName":"hisar","metric":{"type":"TOTAL","count":499,"amount":324109.0}},{"entityName":"sonipat","metric":{"type":"TOTAL","count":493,"amount":389233.0}},{"entityName":"panipat","metric":{"type":"TOTAL","count":428,"amount":245026.0}},{"entityName":"palwal","metric":{"type":"TOTAL","count":386,"amount":239181.0}},{"entityName":"karnal","metric":{"type":"TOTAL","count":339,"amount":211754.0}},{"entityName":"jhajjar","metric":{"type":"TOTAL","count":317,"amount":272445.0}},{"entityName":"rohtak","metric":{"type":"TOTAL","count":312,"amount":284433.0}}],"pincodes":[{"entityName":"122001","metric":{"type":"TOTAL","count":604,"amount":349428.0}},{"entityName":"121004","metric":{"type":"TOTAL","count":448,"amount":336339.0}},{"entityName":"121003","metric":{"type":"TOTAL","count":445,"amount":305563.0}},{"entityName":"121001","metric":{"type":"TOTAL","count":358,"amount":218872.0}},{"entityName":"123401","metric":{"type":"TOTAL","count":316,"amount":198507.0}},{"entityName":"122006","metric":{"type":"TOTAL","count":309,"amount":176327.0}},{"entityName":"122051","metric":{"type":"TOTAL","count":273,"amount":137444.0}},{"entityName":"122002","metric":{"type":"TOTAL","count":252,"amount":156010.0}},{"entityName":"121102","metric":{"type":"TOTAL","count":250,"amount":136976.0}},{"entityName":"122004","metric":{"type":"TOTAL","count":203,"amount":115760.0}}]},"responseTimestamp":1692610965484}