{"success":true,"code":"SUCCESS","data":{"states":null,"districts":[{"entityName":"gurugram","metric":{"type":"TOTAL","count":3238,"amount":2521099.0}},{"entityName":"faridabad","metric":{"type":"TOTAL","count":1707,"amount":1330963.0}},{"entityName":"rewari","metric":{"type":"TOTAL","count":1001,"amount":900929.0}},{"entityName":"sonipat","metric":{"type":"TOTAL","count":739,"amount":843265.0}},{"entityName":"hisar","metric":{"type":"TOTAL","count":683,"amount":636895.0}},{"entityName":"mahendragarh","metric":{"type":"TOTAL","count":502,"amount":622610.0}},{"entityName":"rohtak","metric":{"type":"TOTAL","count":463,"amount":488282.0}},{"entityName":"panipat","metric":{"type":"TOTAL","count":457,"amount":396928.0}},{"entityName":"jhajjar","metric":{"type":"TOTAL","count":457,"amount":499261.0}},{"entityName":"bhiwani","metric":{"type":"TOTAL","count":424,"amount":442945.0}}],"pincodes":[{"entityName":"122001","metric":{"type":"TOTAL","count":566,"amount":394802.0}},{"entityName":"122006","metric":{"type":"TOTAL","count":393,"amount":280696.0}},{"entityName":"123401","metric":{"type":"TOTAL","count":387,"amount":310580.0}},{"entityName":"121004","metric":{"type":"TOTAL","count":386,"amount":306663.0}},{"entityName":"121003","metric":{"type":"TOTAL","count":351,"amount":286823.0}},{"entityName":"121001","metric":{"type":"TOTAL","count":286,"amount":191084.0}},{"entityName":"131001","metric":{"type":"TOTAL","count":254,"amount":244031.0}},{"entityName":"121005","metric":{"type":"TOTAL","count":246,"amount":200416.0}},{"entityName":"122051","metric":{"type":"TOTAL","count":240,"amount":149418.0}},{"entityName":"124001","metric":{"type":"TOTAL","count":234,"amount":223885.0}}]},"responseTimestamp":1692611017869}