{"success":true,"code":"SUCCESS","data":{"states":null,"districts":[{"entityName":"gurugram","metric":{"type":"TOTAL","count":4501,"amount":3651728.0}},{"entityName":"faridabad","metric":{"type":"TOTAL","count":1957,"amount":1608197.0}},{"entityName":"rewari","metric":{"type":"TOTAL","count":960,"amount":921840.0}},{"entityName":"sonipat","metric":{"type":"TOTAL","count":673,"amount":772054.0}},{"entityName":"hisar","metric":{"type":"TOTAL","count":600,"amount":562880.0}},{"entityName":"panipat","metric":{"type":"TOTAL","count":522,"amount":513232.0}},{"entityName":"jhajjar","metric":{"type":"TOTAL","count":509,"amount":659985.0}},{"entityName":"bhiwani","metric":{"type":"TOTAL","count":458,"amount":471344.0}},{"entityName":"karnal","metric":{"type":"TOTAL","count":458,"amount":395742.0}},{"entityName":"rohtak","metric":{"type":"TOTAL","count":431,"amount":484147.0}}],"pincodes":[{"entityName":"122001","metric":{"type":"TOTAL","count":866,"amount":704138.0}},{"entityName":"122006","metric":{"type":"TOTAL","count":806,"amount":481888.0}},{"entityName":"121004","metric":{"type":"TOTAL","count":483,"amount":372427.0}},{"entityName":"121003","metric":{"type":"TOTAL","count":462,"amount":400611.0}},{"entityName":"123401","metric":{"type":"TOTAL","count":438,"amount":414246.0}},{"entityName":"122002","metric":{"type":"TOTAL","count":353,"amount":283482.0}},{"entityName":"121001","metric":{"type":"TOTAL","count":306,"amount":230567.0}},{"entityName":"122004","metric":{"type":"TOTAL","count":277,"amount":214822.0}},{"entityName":"124507","metric":{"type":"TOTAL","count":258,"amount":278203.0}},{"entityName":"121102","metric":{"type":"TOTAL","count":249,"amount":263515.0}}]},"responseTimestamp":1692611069888}