{"success":true,"code":"SUCCESS","data":{"states":null,"districts":[{"entityName":"gurugram","metric":{"type":"TOTAL","count":5951,"amount":6492219.0}},{"entityName":"faridabad","metric":{"type":"TOTAL","count":3250,"amount":3581730.0}},{"entityName":"rewari","metric":{"type":"TOTAL","count":1182,"amount":1635811.0}},{"entityName":"sonipat","metric":{"type":"TOTAL","count":1000,"amount":1514842.0}},{"entityName":"jhajjar","metric":{"type":"TOTAL","count":848,"amount":1322079.0}},{"entityName":"hisar","metric":{"type":"TOTAL","count":717,"amount":1163784.0}},{"entityName":"mahendragarh","metric":{"type":"TOTAL","count":669,"amount":1016832.0}},{"entityName":"panipat","metric":{"type":"TOTAL","count":600,"amount":903045.0}},{"entityName":"karnal","metric":{"type":"TOTAL","count":577,"amount":747027.0}},{"entityName":"rohtak","metric":{"type":"TOTAL","count":557,"amount":1036418.0}}],"pincodes":[{"entityName":"122001","metric":{"type":"TOTAL","count":1104,"amount":1111507.0}},{"entityName":"121003","metric":{"type":"TOTAL","count":762,"amount":796816.0}},{"entityName":"121004","metric":{"type":"TOTAL","count":726,"amount":818260.0}},{"entityName":"122006","metric":{"type":"TOTAL","count":702,"amount":698248.0}},{"entityName":"121001","metric":{"type":"TOTAL","count":589,"amount":641154.0}},{"entityName":"122002","metric":{"type":"TOTAL","count":546,"amount":591127.0}},{"entityName":"123401","metric":{"type":"TOTAL","count":525,"amount":775398.0}},{"entityName":"122003","metric":{"type":"TOTAL","count":468,"amount":433551.0}},{"entityName":"124507","metric":{"type":"TOTAL","count":434,"amount":654682.0}},{"entityName":"121005","metric":{"type":"TOTAL","count":368,"amount":356517.0}}]},"responseTimestamp":1692611121340}