{"success":true,"code":"SUCCESS","data":{"states":null,"districts":[{"entityName":"gurugram","metric":{"type":"TOTAL","count":10981,"amount":1.505794E7}},{"entityName":"faridabad","metric":{"type":"TOTAL","count":5728,"amount":7830067.0}},{"entityName":"hisar","metric":{"type":"TOTAL","count":2090,"amount":3545685.0}},{"entityName":"rewari","metric":{"type":"TOTAL","count":1988,"amount":3178735.0}},{"entityName":"sonipat","metric":{"type":"TOTAL","count":1780,"amount":3324135.0}},{"entityName":"jhajjar","metric":{"type":"TOTAL","count":1432,"amount":2772611.0}},{"entityName":"rohtak","metric":{"type":"TOTAL","count":1273,"amount":2377291.0}},{"entityName":"panipat","metric":{"type":"TOTAL","count":1190,"amount":1891460.0}},{"entityName":"karnal","metric":{"type":"TOTAL","count":1119,"amount":2173782.0}},{"entityName":"ambala","metric":{"type":"TOTAL","count":1034,"amount":1859227.0}}],"pincodes":[{"entityName":"122001","metric":{"type":"TOTAL","count":2018,"amount":2513445.0}},{"entityName":"121004","metric":{"type":"TOTAL","count":1293,"amount":1897743.0}},{"entityName":"122006","metric":{"type":"TOTAL","count":1288,"amount":1701853.0}},{"entityName":"121003","metric":{"type":"TOTAL","count":1137,"amount":1364454.0}},{"entityName":"121001","metric":{"type":"TOTAL","count":1100,"amount":1416454.0}},{"entityName":"122002","metric":{"type":"TOTAL","count":1041,"amount":1347681.0}},{"entityName":"123401","metric":{"type":"TOTAL","count":930,"amount":1556937.0}},{"entityName":"122003","metric":{"type":"TOTAL","count":772,"amount":1107966.0}},{"entityName":"124507","metric":{"type":"TOTAL","count":691,"amount":1238613.0}},{"entityName":"121002","metric":{"type":"TOTAL","count":673,"amount":1017959.0}}]},"responseTimestamp":1692619172690}