{"success":true,"code":"SUCCESS","data":{"states":null,"districts":[{"entityName":"gurugram","metric":{"type":"TOTAL","count":11759,"amount":1.5891257E7}},{"entityName":"faridabad","metric":{"type":"TOTAL","count":5775,"amount":7426519.0}},{"entityName":"rewari","metric":{"type":"TOTAL","count":2301,"amount":3295937.0}},{"entityName":"hisar","metric":{"type":"TOTAL","count":2201,"amount":3727277.0}},{"entityName":"sonipat","metric":{"type":"TOTAL","count":2089,"amount":3563822.0}},{"entityName":"jhajjar","metric":{"type":"TOTAL","count":1683,"amount":2751393.0}},{"entityName":"panipat","metric":{"type":"TOTAL","count":1548,"amount":2298671.0}},{"entityName":"rohtak","metric":{"type":"TOTAL","count":1425,"amount":2386384.0}},{"entityName":"ambala","metric":{"type":"TOTAL","count":1312,"amount":2316706.0}},{"entityName":"bhiwani","metric":{"type":"TOTAL","count":1272,"amount":2111956.0}}],"pincodes":[{"entityName":"122001","metric":{"type":"TOTAL","count":2154,"amount":2955207.0}},{"entityName":"121004","metric":{"type":"TOTAL","count":1256,"amount":1512572.0}},{"entityName":"122006","metric":{"type":"TOTAL","count":1252,"amount":1621105.0}},{"entityName":"121003","metric":{"type":"TOTAL","count":1129,"amount":1557262.0}},{"entityName":"122002","metric":{"type":"TOTAL","count":1094,"amount":1508096.0}},{"entityName":"123401","metric":{"type":"TOTAL","count":1089,"amount":1455605.0}},{"entityName":"121001","metric":{"type":"TOTAL","count":1079,"amount":1348515.0}},{"entityName":"124507","metric":{"type":"TOTAL","count":856,"amount":1203110.0}},{"entityName":"131001","metric":{"type":"TOTAL","count":784,"amount":1231515.0}},{"entityName":"122003","metric":{"type":"TOTAL","count":773,"amount":996969.0}}]},"responseTimestamp":1692619354394}