{"success":true,"code":"SUCCESS","data":{"states":null,"districts":[{"entityName":"gurugram","metric":{"type":"TOTAL","count":13467,"amount":1.679607E7}},{"entityName":"faridabad","metric":{"type":"TOTAL","count":6299,"amount":7830941.0}},{"entityName":"rewari","metric":{"type":"TOTAL","count":2303,"amount":3251849.0}},{"entityName":"sonipat","metric":{"type":"TOTAL","count":1998,"amount":3234041.0}},{"entityName":"hisar","metric":{"type":"TOTAL","count":1931,"amount":3178279.0}},{"entityName":"panipat","metric":{"type":"TOTAL","count":1713,"amount":2369450.0}},{"entityName":"jhajjar","metric":{"type":"TOTAL","count":1610,"amount":2671111.0}},{"entityName":"karnal","metric":{"type":"TOTAL","count":1574,"amount":2126635.0}},{"entityName":"rohtak","metric":{"type":"TOTAL","count":1425,"amount":2349687.0}},{"entityName":"bhiwani","metric":{"type":"TOTAL","count":1187,"amount":1847464.0}}],"pincodes":[{"entityName":"122001","metric":{"type":"TOTAL","count":2457,"amount":3051171.0}},{"entityName":"122006","metric":{"type":"TOTAL","count":1481,"amount":1766489.0}},{"entityName":"121004","metric":{"type":"TOTAL","count":1446,"amount":1763459.0}},{"entityName":"122002","metric":{"type":"TOTAL","count":1296,"amount":1465998.0}},{"entityName":"121001","metric":{"type":"TOTAL","count":1205,"amount":1381182.0}},{"entityName":"121003","metric":{"type":"TOTAL","count":1169,"amount":1443368.0}},{"entityName":"123401","metric":{"type":"TOTAL","count":1058,"amount":1533525.0}},{"entityName":"122003","metric":{"type":"TOTAL","count":808,"amount":1023607.0}},{"entityName":"122017","metric":{"type":"TOTAL","count":795,"amount":961221.0}},{"entityName":"121002","metric":{"type":"TOTAL","count":787,"amount":1130945.0}}]},"responseTimestamp":1697612193195}