{"success":true,"code":"SUCCESS","data":{"states":null,"districts":[{"entityName":"gurugram","metric":{"type":"TOTAL","count":14118,"amount":2.0950373E7}},{"entityName":"faridabad","metric":{"type":"TOTAL","count":7244,"amount":1.0321129E7}},{"entityName":"rewari","metric":{"type":"TOTAL","count":2540,"amount":4615327.0}},{"entityName":"sonipat","metric":{"type":"TOTAL","count":2370,"amount":4304743.0}},{"entityName":"jhajjar","metric":{"type":"TOTAL","count":2040,"amount":3606286.0}},{"entityName":"hisar","metric":{"type":"TOTAL","count":1999,"amount":3705402.0}},{"entityName":"panipat","metric":{"type":"TOTAL","count":1919,"amount":3130020.0}},{"entityName":"rohtak","metric":{"type":"TOTAL","count":1541,"amount":2892015.0}},{"entityName":"bhiwani","metric":{"type":"TOTAL","count":1439,"amount":2523209.0}},{"entityName":"karnal","metric":{"type":"TOTAL","count":1422,"amount":2515568.0}}],"pincodes":[{"entityName":"122001","metric":{"type":"TOTAL","count":2474,"amount":3601541.0}},{"entityName":"121004","metric":{"type":"TOTAL","count":1608,"amount":2280862.0}},{"entityName":"122006","metric":{"type":"TOTAL","count":1540,"amount":2280572.0}},{"entityName":"121003","metric":{"type":"TOTAL","count":1511,"amount":2075904.0}},{"entityName":"121001","metric":{"type":"TOTAL","count":1315,"amount":1743232.0}},{"entityName":"122002","metric":{"type":"TOTAL","count":1222,"amount":1660548.0}},{"entityName":"123401","metric":{"type":"TOTAL","count":1180,"amount":2185547.0}},{"entityName":"124507","metric":{"type":"TOTAL","count":949,"amount":1709667.0}},{"entityName":"121102","metric":{"type":"TOTAL","count":908,"amount":1654000.0}},{"entityName":"122003","metric":{"type":"TOTAL","count":895,"amount":1330139.0}}]},"responseTimestamp":1706092849114}