{"success":true,"code":"SUCCESS","data":{"states":null,"districts":[{"entityName":"east khasi hills","metric":{"type":"TOTAL","count":229,"amount":426416.0}},{"entityName":"west garo hills","metric":{"type":"TOTAL","count":136,"amount":314828.0}},{"entityName":"ribhoi","metric":{"type":"TOTAL","count":82,"amount":146651.0}},{"entityName":"east jaintia hills","metric":{"type":"TOTAL","count":22,"amount":41432.0}},{"entityName":"south garo hills","metric":{"type":"TOTAL","count":22,"amount":54413.0}},{"entityName":"east garo hills","metric":{"type":"TOTAL","count":21,"amount":46262.0}},{"entityName":"north garo hills","metric":{"type":"TOTAL","count":18,"amount":57265.0}},{"entityName":"south west garo hills","metric":{"type":"TOTAL","count":14,"amount":32207.0}},{"entityName":"west khasi hills","metric":{"type":"TOTAL","count":9,"amount":22091.0}},{"entityName":"west jaintia hills","metric":{"type":"TOTAL","count":6,"amount":29690.0}}],"pincodes":[{"entityName":"793001","metric":{"type":"TOTAL","count":55,"amount":95564.0}},{"entityName":"793101","metric":{"type":"TOTAL","count":42,"amount":66922.0}},{"entityName":"794001","metric":{"type":"TOTAL","count":38,"amount":102048.0}},{"entityName":"793011","metric":{"type":"TOTAL","count":31,"amount":77129.0}},{"entityName":"794101","metric":{"type":"TOTAL","count":29,"amount":87543.0}},{"entityName":"793102","metric":{"type":"TOTAL","count":26,"amount":59400.0}},{"entityName":"794105","metric":{"type":"TOTAL","count":24,"amount":50318.0}},{"entityName":"793002","metric":{"type":"TOTAL","count":24,"amount":42826.0}},{"entityName":"794104","metric":{"type":"TOTAL","count":21,"amount":37324.0}},{"entityName":"793007","metric":{"type":"TOTAL","count":19,"amount":41666.0}}]},"responseTimestamp":1692619171866}