{"success":true,"code":"SUCCESS","data":{"states":null,"districts":[{"entityName":"east khasi hills","metric":{"type":"TOTAL","count":274,"amount":524055.0}},{"entityName":"west garo hills","metric":{"type":"TOTAL","count":182,"amount":376421.0}},{"entityName":"ribhoi","metric":{"type":"TOTAL","count":84,"amount":175643.0}},{"entityName":"north garo hills","metric":{"type":"TOTAL","count":47,"amount":98259.0}},{"entityName":"east jaintia hills","metric":{"type":"TOTAL","count":39,"amount":97347.0}},{"entityName":"south garo hills","metric":{"type":"TOTAL","count":36,"amount":103306.0}},{"entityName":"east garo hills","metric":{"type":"TOTAL","count":26,"amount":74870.0}},{"entityName":"south west garo hills","metric":{"type":"TOTAL","count":21,"amount":34171.0}},{"entityName":"west jaintia hills","metric":{"type":"TOTAL","count":12,"amount":30531.0}},{"entityName":"west khasi hills","metric":{"type":"TOTAL","count":8,"amount":35685.0}}],"pincodes":[{"entityName":"793001","metric":{"type":"TOTAL","count":78,"amount":117024.0}},{"entityName":"794001","metric":{"type":"TOTAL","count":44,"amount":105670.0}},{"entityName":"793101","metric":{"type":"TOTAL","count":41,"amount":65800.0}},{"entityName":"794101","metric":{"type":"TOTAL","count":38,"amount":90315.0}},{"entityName":"793002","metric":{"type":"TOTAL","count":37,"amount":41294.0}},{"entityName":"794108","metric":{"type":"TOTAL","count":37,"amount":78072.0}},{"entityName":"793007","metric":{"type":"TOTAL","count":33,"amount":59162.0}},{"entityName":"794104","metric":{"type":"TOTAL","count":31,"amount":47479.0}},{"entityName":"794105","metric":{"type":"TOTAL","count":29,"amount":41686.0}},{"entityName":"793011","metric":{"type":"TOTAL","count":23,"amount":40897.0}}]},"responseTimestamp":1692619353596}