{"success":true,"code":"SUCCESS","data":{"states":null,"districts":[{"entityName":"east khasi hills","metric":{"type":"TOTAL","count":331,"amount":624099.0}},{"entityName":"west garo hills","metric":{"type":"TOTAL","count":202,"amount":435530.0}},{"entityName":"ribhoi","metric":{"type":"TOTAL","count":80,"amount":163300.0}},{"entityName":"south garo hills","metric":{"type":"TOTAL","count":50,"amount":129643.0}},{"entityName":"east garo hills","metric":{"type":"TOTAL","count":33,"amount":120461.0}},{"entityName":"north garo hills","metric":{"type":"TOTAL","count":28,"amount":70050.0}},{"entityName":"east jaintia hills","metric":{"type":"TOTAL","count":25,"amount":28532.0}},{"entityName":"west jaintia hills","metric":{"type":"TOTAL","count":24,"amount":59482.0}},{"entityName":"south west garo hills","metric":{"type":"TOTAL","count":22,"amount":63789.0}},{"entityName":"west khasi hills","metric":{"type":"TOTAL","count":11,"amount":24299.0}}],"pincodes":[{"entityName":"793001","metric":{"type":"TOTAL","count":71,"amount":118274.0}},{"entityName":"794001","metric":{"type":"TOTAL","count":63,"amount":131092.0}},{"entityName":"793002","metric":{"type":"TOTAL","count":48,"amount":91823.0}},{"entityName":"794104","metric":{"type":"TOTAL","count":42,"amount":78897.0}},{"entityName":"794102","metric":{"type":"TOTAL","count":40,"amount":104891.0}},{"entityName":"793101","metric":{"type":"TOTAL","count":37,"amount":58386.0}},{"entityName":"794101","metric":{"type":"TOTAL","count":37,"amount":94240.0}},{"entityName":"794105","metric":{"type":"TOTAL","count":36,"amount":62818.0}},{"entityName":"793007","metric":{"type":"TOTAL","count":33,"amount":45106.0}},{"entityName":"794111","metric":{"type":"TOTAL","count":29,"amount":116384.0}}]},"responseTimestamp":1697612191546}