{"success":true,"code":"SUCCESS","data":{"states":null,"districts":[{"entityName":"east khasi hills","metric":{"type":"TOTAL","count":328,"amount":751846.0}},{"entityName":"west garo hills","metric":{"type":"TOTAL","count":190,"amount":460215.0}},{"entityName":"ribhoi","metric":{"type":"TOTAL","count":117,"amount":226411.0}},{"entityName":"east jaintia hills","metric":{"type":"TOTAL","count":33,"amount":60016.0}},{"entityName":"north garo hills","metric":{"type":"TOTAL","count":29,"amount":57154.0}},{"entityName":"south west garo hills","metric":{"type":"TOTAL","count":28,"amount":73117.0}},{"entityName":"south garo hills","metric":{"type":"TOTAL","count":26,"amount":51357.0}},{"entityName":"east garo hills","metric":{"type":"TOTAL","count":25,"amount":66170.0}},{"entityName":"west jaintia hills","metric":{"type":"TOTAL","count":15,"amount":58030.0}},{"entityName":"west khasi hills","metric":{"type":"TOTAL","count":11,"amount":28575.0}}],"pincodes":[{"entityName":"793001","metric":{"type":"TOTAL","count":72,"amount":142069.0}},{"entityName":"794001","metric":{"type":"TOTAL","count":63,"amount":171264.0}},{"entityName":"793101","metric":{"type":"TOTAL","count":62,"amount":111206.0}},{"entityName":"794101","metric":{"type":"TOTAL","count":46,"amount":135848.0}},{"entityName":"793002","metric":{"type":"TOTAL","count":44,"amount":103203.0}},{"entityName":"794105","metric":{"type":"TOTAL","count":35,"amount":62720.0}},{"entityName":"793007","metric":{"type":"TOTAL","count":29,"amount":63490.0}},{"entityName":"793102","metric":{"type":"TOTAL","count":27,"amount":62233.0}},{"entityName":"794104","metric":{"type":"TOTAL","count":26,"amount":37187.0}},{"entityName":"793011","metric":{"type":"TOTAL","count":25,"amount":40346.0}}]},"responseTimestamp":1706092847428}