{"success":true,"code":"SUCCESS","data":{"states":null,"districts":[{"entityName":"north goa","metric":{"type":"TOTAL","count":2130,"amount":3216159.0}},{"entityName":"south goa","metric":{"type":"TOTAL","count":1967,"amount":2643390.0}}],"pincodes":[{"entityName":"403601","metric":{"type":"TOTAL","count":355,"amount":406884.0}},{"entityName":"403001","metric":{"type":"TOTAL","count":217,"amount":295645.0}},{"entityName":"403401","metric":{"type":"TOTAL","count":215,"amount":342062.0}},{"entityName":"403802","metric":{"type":"TOTAL","count":213,"amount":227616.0}},{"entityName":"403722","metric":{"type":"TOTAL","count":204,"amount":220875.0}},{"entityName":"403507","metric":{"type":"TOTAL","count":190,"amount":243917.0}},{"entityName":"403801","metric":{"type":"TOTAL","count":135,"amount":178910.0}},{"entityName":"403516","metric":{"type":"TOTAL","count":133,"amount":187933.0}},{"entityName":"403521","metric":{"type":"TOTAL","count":124,"amount":160349.0}},{"entityName":"403726","metric":{"type":"TOTAL","count":104,"amount":189820.0}}]},"responseTimestamp":1692619201712}