{"success":true,"code":"SUCCESS","data":{"states":null,"districts":[{"entityName":"north goa","metric":{"type":"TOTAL","count":2231,"amount":3373064.0}},{"entityName":"south goa","metric":{"type":"TOTAL","count":1935,"amount":2557737.0}}],"pincodes":[{"entityName":"403601","metric":{"type":"TOTAL","count":383,"amount":445452.0}},{"entityName":"403001","metric":{"type":"TOTAL","count":238,"amount":328923.0}},{"entityName":"403401","metric":{"type":"TOTAL","count":237,"amount":368466.0}},{"entityName":"403802","metric":{"type":"TOTAL","count":220,"amount":254921.0}},{"entityName":"403507","metric":{"type":"TOTAL","count":195,"amount":301344.0}},{"entityName":"403722","metric":{"type":"TOTAL","count":166,"amount":206974.0}},{"entityName":"403801","metric":{"type":"TOTAL","count":156,"amount":176801.0}},{"entityName":"403521","metric":{"type":"TOTAL","count":141,"amount":166139.0}},{"entityName":"403516","metric":{"type":"TOTAL","count":123,"amount":207813.0}},{"entityName":"403512","metric":{"type":"TOTAL","count":117,"amount":225847.0}}]},"responseTimestamp":1692619382924}