{"success":true,"code":"SUCCESS","data":{"states":null,"districts":[{"entityName":"north goa","metric":{"type":"TOTAL","count":2161,"amount":3229062.0}},{"entityName":"south goa","metric":{"type":"TOTAL","count":1766,"amount":2416992.0}}],"pincodes":[{"entityName":"403601","metric":{"type":"TOTAL","count":274,"amount":338515.0}},{"entityName":"403001","metric":{"type":"TOTAL","count":254,"amount":360654.0}},{"entityName":"403401","metric":{"type":"TOTAL","count":228,"amount":348103.0}},{"entityName":"403802","metric":{"type":"TOTAL","count":199,"amount":209792.0}},{"entityName":"403507","metric":{"type":"TOTAL","count":180,"amount":234553.0}},{"entityName":"403722","metric":{"type":"TOTAL","count":167,"amount":209962.0}},{"entityName":"403801","metric":{"type":"TOTAL","count":135,"amount":152148.0}},{"entityName":"403521","metric":{"type":"TOTAL","count":135,"amount":201218.0}},{"entityName":"403516","metric":{"type":"TOTAL","count":125,"amount":177666.0}},{"entityName":"403710","metric":{"type":"TOTAL","count":109,"amount":99582.0}}]},"responseTimestamp":1697612230958}