{"success":true,"code":"SUCCESS","data":{"states":null,"districts":[{"entityName":"north goa","metric":{"type":"TOTAL","count":2725,"amount":4320025.0}},{"entityName":"south goa","metric":{"type":"TOTAL","count":2158,"amount":3090976.0}}],"pincodes":[{"entityName":"403601","metric":{"type":"TOTAL","count":362,"amount":571634.0}},{"entityName":"403001","metric":{"type":"TOTAL","count":266,"amount":410804.0}},{"entityName":"403401","metric":{"type":"TOTAL","count":262,"amount":427814.0}},{"entityName":"403802","metric":{"type":"TOTAL","count":228,"amount":288842.0}},{"entityName":"403507","metric":{"type":"TOTAL","count":224,"amount":299285.0}},{"entityName":"403722","metric":{"type":"TOTAL","count":175,"amount":220652.0}},{"entityName":"403801","metric":{"type":"TOTAL","count":157,"amount":205924.0}},{"entityName":"403516","metric":{"type":"TOTAL","count":157,"amount":283705.0}},{"entityName":"403521","metric":{"type":"TOTAL","count":154,"amount":224624.0}},{"entityName":"403710","metric":{"type":"TOTAL","count":125,"amount":136818.0}}]},"responseTimestamp":1706092885089}