{"success":true,"code":"SUCCESS","data":{"states":null,"districts":[{"entityName":"dadra and nagar haveli","metric":{"type":"TOTAL","count":281,"amount":337073.0}},{"entityName":"daman","metric":{"type":"TOTAL","count":197,"amount":337912.0}},{"entityName":"diu","metric":{"type":"TOTAL","count":15,"amount":45756.0}}],"pincodes":[{"entityName":"396230","metric":{"type":"TOTAL","count":201,"amount":249751.0}},{"entityName":"396210","metric":{"type":"TOTAL","count":153,"amount":283079.0}},{"entityName":"396235","metric":{"type":"TOTAL","count":80,"amount":87322.0}},{"entityName":"396215","metric":{"type":"TOTAL","count":42,"amount":53496.0}},{"entityName":"362520","metric":{"type":"TOTAL","count":7,"amount":26020.0}},{"entityName":"362540","metric":{"type":"TOTAL","count":4,"amount":8226.0}},{"entityName":"362571","metric":{"type":"TOTAL","count":3,"amount":10210.0}},{"entityName":"396220","metric":{"type":"TOTAL","count":2,"amount":1337.0}},{"entityName":"362570","metric":{"type":"TOTAL","count":1,"amount":1300.0}}]},"responseTimestamp":1692611171576}