{"success":true,"code":"SUCCESS","data":{"states":null,"districts":[{"entityName":"dadra and nagar haveli","metric":{"type":"TOTAL","count":260,"amount":354974.0}},{"entityName":"daman","metric":{"type":"TOTAL","count":167,"amount":286329.0}},{"entityName":"diu","metric":{"type":"TOTAL","count":11,"amount":45554.0}}],"pincodes":[{"entityName":"396230","metric":{"type":"TOTAL","count":195,"amount":261358.0}},{"entityName":"396210","metric":{"type":"TOTAL","count":123,"amount":240568.0}},{"entityName":"396235","metric":{"type":"TOTAL","count":65,"amount":93616.0}},{"entityName":"396215","metric":{"type":"TOTAL","count":43,"amount":43101.0}},{"entityName":"362540","metric":{"type":"TOTAL","count":4,"amount":23498.0}},{"entityName":"362571","metric":{"type":"TOTAL","count":4,"amount":9960.0}},{"entityName":"362520","metric":{"type":"TOTAL","count":3,"amount":12096.0}},{"entityName":"396220","metric":{"type":"TOTAL","count":1,"amount":2660.0}}]},"responseTimestamp":1692611222966}