{"success":true,"code":"SUCCESS","data":{"states":null,"districts":[{"entityName":"dadra and nagar haveli","metric":{"type":"TOTAL","count":519,"amount":593259.0}},{"entityName":"daman","metric":{"type":"TOTAL","count":177,"amount":366241.0}},{"entityName":"diu","metric":{"type":"TOTAL","count":11,"amount":24276.0}}],"pincodes":[{"entityName":"396230","metric":{"type":"TOTAL","count":385,"amount":432488.0}},{"entityName":"396235","metric":{"type":"TOTAL","count":134,"amount":160771.0}},{"entityName":"396210","metric":{"type":"TOTAL","count":122,"amount":255359.0}},{"entityName":"396215","metric":{"type":"TOTAL","count":50,"amount":96321.0}},{"entityName":"362520","metric":{"type":"TOTAL","count":5,"amount":17374.0}},{"entityName":"396220","metric":{"type":"TOTAL","count":5,"amount":14561.0}},{"entityName":"362571","metric":{"type":"TOTAL","count":4,"amount":3266.0}},{"entityName":"362540","metric":{"type":"TOTAL","count":2,"amount":3636.0}}]},"responseTimestamp":1692611274535}