{"success":true,"code":"SUCCESS","data":{"states":null,"districts":[{"entityName":"dadra and nagar haveli","metric":{"type":"TOTAL","count":610,"amount":762921.0}},{"entityName":"daman","metric":{"type":"TOTAL","count":238,"amount":442560.0}},{"entityName":"diu","metric":{"type":"TOTAL","count":23,"amount":67147.0}}],"pincodes":[{"entityName":"396230","metric":{"type":"TOTAL","count":443,"amount":569214.0}},{"entityName":"396235","metric":{"type":"TOTAL","count":167,"amount":193707.0}},{"entityName":"396210","metric":{"type":"TOTAL","count":150,"amount":272825.0}},{"entityName":"396215","metric":{"type":"TOTAL","count":86,"amount":163161.0}},{"entityName":"362520","metric":{"type":"TOTAL","count":15,"amount":47124.0}},{"entityName":"362540","metric":{"type":"TOTAL","count":5,"amount":5627.0}},{"entityName":"362571","metric":{"type":"TOTAL","count":3,"amount":14396.0}},{"entityName":"396220","metric":{"type":"TOTAL","count":2,"amount":6574.0}}]},"responseTimestamp":1692611326420}