{"success":true,"code":"SUCCESS","data":{"states":null,"districts":[{"entityName":"kamrup metropolitan","metric":{"type":"TOTAL","count":5668,"amount":7671824.0}},{"entityName":"dibrugarh","metric":{"type":"TOTAL","count":1255,"amount":2224803.0}},{"entityName":"sonitpur","metric":{"type":"TOTAL","count":1065,"amount":1974045.0}},{"entityName":"nagaon","metric":{"type":"TOTAL","count":978,"amount":1827073.0}},{"entityName":"barpeta","metric":{"type":"TOTAL","count":948,"amount":1554633.0}},{"entityName":"kamrup","metric":{"type":"TOTAL","count":923,"amount":1577259.0}},{"entityName":"jorhat","metric":{"type":"TOTAL","count":887,"amount":1574670.0}},{"entityName":"tinsukia","metric":{"type":"TOTAL","count":813,"amount":1490071.0}},{"entityName":"cachar","metric":{"type":"TOTAL","count":807,"amount":1506973.0}},{"entityName":"lakhimpur","metric":{"type":"TOTAL","count":688,"amount":1386745.0}}],"pincodes":[{"entityName":"781022","metric":{"type":"TOTAL","count":390,"amount":583421.0}},{"entityName":"781032","metric":{"type":"TOTAL","count":390,"amount":519186.0}},{"entityName":"781038","metric":{"type":"TOTAL","count":314,"amount":420735.0}},{"entityName":"781028","metric":{"type":"TOTAL","count":287,"amount":380465.0}},{"entityName":"781001","metric":{"type":"TOTAL","count":271,"amount":371714.0}},{"entityName":"781025","metric":{"type":"TOTAL","count":263,"amount":272960.0}},{"entityName":"781011","metric":{"type":"TOTAL","count":251,"amount":390399.0}},{"entityName":"785001","metric":{"type":"TOTAL","count":249,"amount":357351.0}},{"entityName":"781019","metric":{"type":"TOTAL","count":220,"amount":279250.0}},{"entityName":"786003","metric":{"type":"TOTAL","count":216,"amount":302332.0}}]},"responseTimestamp":1692619179518}