{"success":true,"code":"SUCCESS","data":{"states":null,"districts":[{"entityName":"kamrup metropolitan","metric":{"type":"TOTAL","count":4012,"amount":5898627.0}},{"entityName":"dibrugarh","metric":{"type":"TOTAL","count":1121,"amount":2142408.0}},{"entityName":"sonitpur","metric":{"type":"TOTAL","count":893,"amount":1605940.0}},{"entityName":"nagaon","metric":{"type":"TOTAL","count":767,"amount":1428414.0}},{"entityName":"kamrup","metric":{"type":"TOTAL","count":690,"amount":1153785.0}},{"entityName":"barpeta","metric":{"type":"TOTAL","count":683,"amount":1025061.0}},{"entityName":"cachar","metric":{"type":"TOTAL","count":656,"amount":1133925.0}},{"entityName":"tinsukia","metric":{"type":"TOTAL","count":641,"amount":1239379.0}},{"entityName":"jorhat","metric":{"type":"TOTAL","count":581,"amount":1111680.0}},{"entityName":"lakhimpur","metric":{"type":"TOTAL","count":574,"amount":1175317.0}}],"pincodes":[{"entityName":"781022","metric":{"type":"TOTAL","count":315,"amount":523785.0}},{"entityName":"781032","metric":{"type":"TOTAL","count":285,"amount":451697.0}},{"entityName":"781001","metric":{"type":"TOTAL","count":213,"amount":267048.0}},{"entityName":"781038","metric":{"type":"TOTAL","count":210,"amount":416205.0}},{"entityName":"786001","metric":{"type":"TOTAL","count":198,"amount":264286.0}},{"entityName":"781028","metric":{"type":"TOTAL","count":189,"amount":342060.0}},{"entityName":"782003","metric":{"type":"TOTAL","count":187,"amount":372489.0}},{"entityName":"786003","metric":{"type":"TOTAL","count":167,"amount":297383.0}},{"entityName":"783380","metric":{"type":"TOTAL","count":157,"amount":244644.0}},{"entityName":"781017","metric":{"type":"TOTAL","count":156,"amount":239237.0}}]},"responseTimestamp":1692619361110}