{"success":true,"code":"SUCCESS","data":{"states":null,"districts":[{"entityName":"kamrup metropolitan","metric":{"type":"TOTAL","count":4860,"amount":6709390.0}},{"entityName":"dibrugarh","metric":{"type":"TOTAL","count":1582,"amount":2574384.0}},{"entityName":"barpeta","metric":{"type":"TOTAL","count":1229,"amount":1769686.0}},{"entityName":"nagaon","metric":{"type":"TOTAL","count":1173,"amount":1931012.0}},{"entityName":"sonitpur","metric":{"type":"TOTAL","count":1077,"amount":1850471.0}},{"entityName":"tinsukia","metric":{"type":"TOTAL","count":1072,"amount":1795306.0}},{"entityName":"kamrup","metric":{"type":"TOTAL","count":927,"amount":1535288.0}},{"entityName":"cachar","metric":{"type":"TOTAL","count":842,"amount":1278019.0}},{"entityName":"lakhimpur","metric":{"type":"TOTAL","count":710,"amount":1288953.0}},{"entityName":"dhubri","metric":{"type":"TOTAL","count":699,"amount":1028552.0}}],"pincodes":[{"entityName":"781032","metric":{"type":"TOTAL","count":345,"amount":438318.0}},{"entityName":"781038","metric":{"type":"TOTAL","count":316,"amount":501522.0}},{"entityName":"781001","metric":{"type":"TOTAL","count":312,"amount":327784.0}},{"entityName":"781022","metric":{"type":"TOTAL","count":306,"amount":457519.0}},{"entityName":"786001","metric":{"type":"TOTAL","count":225,"amount":283791.0}},{"entityName":"781025","metric":{"type":"TOTAL","count":225,"amount":250518.0}},{"entityName":"782435","metric":{"type":"TOTAL","count":219,"amount":299590.0}},{"entityName":"786003","metric":{"type":"TOTAL","count":216,"amount":357624.0}},{"entityName":"781317","metric":{"type":"TOTAL","count":207,"amount":295109.0}},{"entityName":"783380","metric":{"type":"TOTAL","count":200,"amount":282704.0}}]},"responseTimestamp":1697612202020}