{"success":true,"code":"SUCCESS","data":{"states":null,"districts":[{"entityName":"kamrup metropolitan","metric":{"type":"TOTAL","count":5317,"amount":7719481.0}},{"entityName":"sonitpur","metric":{"type":"TOTAL","count":1353,"amount":2337321.0}},{"entityName":"dibrugarh","metric":{"type":"TOTAL","count":1311,"amount":2554356.0}},{"entityName":"barpeta","metric":{"type":"TOTAL","count":1163,"amount":1993408.0}},{"entityName":"kamrup","metric":{"type":"TOTAL","count":1106,"amount":1685946.0}},{"entityName":"nagaon","metric":{"type":"TOTAL","count":1095,"amount":1810718.0}},{"entityName":"jorhat","metric":{"type":"TOTAL","count":963,"amount":1550776.0}},{"entityName":"tinsukia","metric":{"type":"TOTAL","count":899,"amount":1734025.0}},{"entityName":"dhubri","metric":{"type":"TOTAL","count":755,"amount":1083292.0}},{"entityName":"cachar","metric":{"type":"TOTAL","count":737,"amount":1308876.0}}],"pincodes":[{"entityName":"781032","metric":{"type":"TOTAL","count":366,"amount":494519.0}},{"entityName":"781022","metric":{"type":"TOTAL","count":364,"amount":589483.0}},{"entityName":"781038","metric":{"type":"TOTAL","count":293,"amount":452627.0}},{"entityName":"785001","metric":{"type":"TOTAL","count":286,"amount":437885.0}},{"entityName":"781011","metric":{"type":"TOTAL","count":267,"amount":426412.0}},{"entityName":"781001","metric":{"type":"TOTAL","count":261,"amount":328896.0}},{"entityName":"781028","metric":{"type":"TOTAL","count":256,"amount":377877.0}},{"entityName":"783380","metric":{"type":"TOTAL","count":242,"amount":370274.0}},{"entityName":"784001","metric":{"type":"TOTAL","count":215,"amount":354613.0}},{"entityName":"781025","metric":{"type":"TOTAL","count":213,"amount":250411.0}}]},"responseTimestamp":1706092857152}