{"success":true,"code":"SUCCESS","data":{"states":null,"districts":[{"entityName":"leh ladakh","metric":{"type":"TOTAL","count":50,"amount":137974.0}},{"entityName":"kargil","metric":{"type":"TOTAL","count":25,"amount":55961.0}}],"pincodes":[{"entityName":"194104","metric":{"type":"TOTAL","count":18,"amount":46434.0}},{"entityName":"194101","metric":{"type":"TOTAL","count":11,"amount":31218.0}},{"entityName":"194201","metric":{"type":"TOTAL","count":9,"amount":34256.0}},{"entityName":"194109","metric":{"type":"TOTAL","count":8,"amount":17030.0}},{"entityName":"194102","metric":{"type":"TOTAL","count":6,"amount":17395.0}},{"entityName":"194103","metric":{"type":"TOTAL","count":5,"amount":5397.0}},{"entityName":"194401","metric":{"type":"TOTAL","count":4,"amount":8265.0}},{"entityName":"194107","metric":{"type":"TOTAL","count":3,"amount":4919.0}},{"entityName":"194106","metric":{"type":"TOTAL","count":3,"amount":9124.0}},{"entityName":"194703","metric":{"type":"TOTAL","count":3,"amount":10974.0}}]},"responseTimestamp":1692611178819}