{"success":true,"code":"SUCCESS","data":{"states":null,"districts":[{"entityName":"leh ladakh","metric":{"type":"TOTAL","count":76,"amount":202368.0}},{"entityName":"kargil","metric":{"type":"TOTAL","count":37,"amount":67078.0}}],"pincodes":[{"entityName":"194104","metric":{"type":"TOTAL","count":30,"amount":62451.0}},{"entityName":"194101","metric":{"type":"TOTAL","count":23,"amount":89253.0}},{"entityName":"194105","metric":{"type":"TOTAL","count":19,"amount":15599.0}},{"entityName":"194103","metric":{"type":"TOTAL","count":10,"amount":26625.0}},{"entityName":"194401","metric":{"type":"TOTAL","count":10,"amount":18736.0}},{"entityName":"194201","metric":{"type":"TOTAL","count":7,"amount":8041.0}},{"entityName":"194102","metric":{"type":"TOTAL","count":4,"amount":9831.0}},{"entityName":"194404","metric":{"type":"TOTAL","count":3,"amount":12247.0}},{"entityName":"194703","metric":{"type":"TOTAL","count":2,"amount":1313.0}},{"entityName":"194301","metric":{"type":"TOTAL","count":2,"amount":13710.0}}]},"responseTimestamp":1692611230066}