{"success":true,"code":"SUCCESS","data":{"states":null,"districts":[{"entityName":"leh ladakh","metric":{"type":"TOTAL","count":109,"amount":290203.0}},{"entityName":"kargil","metric":{"type":"TOTAL","count":28,"amount":79539.0}}],"pincodes":[{"entityName":"194101","metric":{"type":"TOTAL","count":41,"amount":98573.0}},{"entityName":"194104","metric":{"type":"TOTAL","count":26,"amount":97547.0}},{"entityName":"194103","metric":{"type":"TOTAL","count":11,"amount":41081.0}},{"entityName":"194201","metric":{"type":"TOTAL","count":11,"amount":27639.0}},{"entityName":"194404","metric":{"type":"TOTAL","count":10,"amount":17456.0}},{"entityName":"194401","metric":{"type":"TOTAL","count":9,"amount":28628.0}},{"entityName":"194107","metric":{"type":"TOTAL","count":7,"amount":16060.0}},{"entityName":"194703","metric":{"type":"TOTAL","count":5,"amount":7985.0}},{"entityName":"194105","metric":{"type":"TOTAL","count":5,"amount":14392.0}},{"entityName":"194109","metric":{"type":"TOTAL","count":4,"amount":14530.0}}]},"responseTimestamp":1692611281697}