{"success":true,"code":"SUCCESS","data":{"states":null,"districts":[{"entityName":"leh ladakh","metric":{"type":"TOTAL","count":125,"amount":319324.0}},{"entityName":"kargil","metric":{"type":"TOTAL","count":37,"amount":90767.0}}],"pincodes":[{"entityName":"194104","metric":{"type":"TOTAL","count":36,"amount":87741.0}},{"entityName":"194101","metric":{"type":"TOTAL","count":27,"amount":80405.0}},{"entityName":"194201","metric":{"type":"TOTAL","count":20,"amount":62608.0}},{"entityName":"194401","metric":{"type":"TOTAL","count":18,"amount":33676.0}},{"entityName":"194103","metric":{"type":"TOTAL","count":16,"amount":33492.0}},{"entityName":"194102","metric":{"type":"TOTAL","count":9,"amount":31787.0}},{"entityName":null,"metric":{"type":"TOTAL","count":8,"amount":16020.0}},{"entityName":"194107","metric":{"type":"TOTAL","count":8,"amount":27242.0}},{"entityName":"194105","metric":{"type":"TOTAL","count":4,"amount":11174.0}},{"entityName":"194106","metric":{"type":"TOTAL","count":4,"amount":7042.0}}]},"responseTimestamp":1692611333589}