{"success":true,"code":"SUCCESS","data":{"states":null,"districts":[{"entityName":"kamrup metropolitan","metric":{"type":"TOTAL","count":909,"amount":638404.0}},{"entityName":"sonitpur","metric":{"type":"TOTAL","count":162,"amount":151386.0}},{"entityName":"nagaon","metric":{"type":"TOTAL","count":151,"amount":91536.0}},{"entityName":"barpeta","metric":{"type":"TOTAL","count":138,"amount":94523.0}},{"entityName":"cachar","metric":{"type":"TOTAL","count":138,"amount":111672.0}},{"entityName":"kamrup","metric":{"type":"TOTAL","count":137,"amount":97851.0}},{"entityName":"tinsukia","metric":{"type":"TOTAL","count":108,"amount":99440.0}},{"entityName":"dibrugarh","metric":{"type":"TOTAL","count":91,"amount":81680.0}},{"entityName":"jorhat","metric":{"type":"TOTAL","count":90,"amount":68041.0}},{"entityName":"dhemaji","metric":{"type":"TOTAL","count":84,"amount":48008.0}}],"pincodes":[{"entityName":"781022","metric":{"type":"TOTAL","count":81,"amount":81773.0}},{"entityName":"781032","metric":{"type":"TOTAL","count":75,"amount":35239.0}},{"entityName":"781005","metric":{"type":"TOTAL","count":51,"amount":17477.0}},{"entityName":"781007","metric":{"type":"TOTAL","count":46,"amount":19477.0}},{"entityName":"781001","metric":{"type":"TOTAL","count":45,"amount":32800.0}},{"entityName":"781028","metric":{"type":"TOTAL","count":44,"amount":26978.0}},{"entityName":"781038","metric":{"type":"TOTAL","count":43,"amount":31376.0}},{"entityName":"781011","metric":{"type":"TOTAL","count":43,"amount":26167.0}},{"entityName":"781012","metric":{"type":"TOTAL","count":38,"amount":20493.0}},{"entityName":"781019","metric":{"type":"TOTAL","count":38,"amount":22436.0}}]},"responseTimestamp":1692610972685}