{"success":true,"code":"SUCCESS","data":{"states":null,"districts":[{"entityName":"kamrup metropolitan","metric":{"type":"TOTAL","count":910,"amount":790743.0}},{"entityName":"sonitpur","metric":{"type":"TOTAL","count":166,"amount":149754.0}},{"entityName":"barpeta","metric":{"type":"TOTAL","count":150,"amount":166761.0}},{"entityName":"nagaon","metric":{"type":"TOTAL","count":139,"amount":99192.0}},{"entityName":"dibrugarh","metric":{"type":"TOTAL","count":138,"amount":138262.0}},{"entityName":"kamrup","metric":{"type":"TOTAL","count":131,"amount":151795.0}},{"entityName":"cachar","metric":{"type":"TOTAL","count":125,"amount":110721.0}},{"entityName":"tinsukia","metric":{"type":"TOTAL","count":123,"amount":137739.0}},{"entityName":"dhubri","metric":{"type":"TOTAL","count":92,"amount":89465.0}},{"entityName":"jorhat","metric":{"type":"TOTAL","count":85,"amount":66263.0}}],"pincodes":[{"entityName":"781032","metric":{"type":"TOTAL","count":79,"amount":47103.0}},{"entityName":"781022","metric":{"type":"TOTAL","count":69,"amount":82110.0}},{"entityName":"781038","metric":{"type":"TOTAL","count":56,"amount":43392.0}},{"entityName":"781019","metric":{"type":"TOTAL","count":48,"amount":34608.0}},{"entityName":"781011","metric":{"type":"TOTAL","count":42,"amount":43869.0}},{"entityName":"781012","metric":{"type":"TOTAL","count":36,"amount":34326.0}},{"entityName":"781020","metric":{"type":"TOTAL","count":35,"amount":22080.0}},{"entityName":"783380","metric":{"type":"TOTAL","count":35,"amount":24002.0}},{"entityName":"781005","metric":{"type":"TOTAL","count":33,"amount":30286.0}},{"entityName":"781021","metric":{"type":"TOTAL","count":32,"amount":29627.0}}]},"responseTimestamp":1692611024704}