{"success":true,"code":"SUCCESS","data":{"states":null,"districts":[{"entityName":"kamrup metropolitan","metric":{"type":"TOTAL","count":1130,"amount":1219595.0}},{"entityName":"nagaon","metric":{"type":"TOTAL","count":256,"amount":414468.0}},{"entityName":"sonitpur","metric":{"type":"TOTAL","count":254,"amount":379958.0}},{"entityName":"barpeta","metric":{"type":"TOTAL","count":246,"amount":472172.0}},{"entityName":"dibrugarh","metric":{"type":"TOTAL","count":244,"amount":369625.0}},{"entityName":"tinsukia","metric":{"type":"TOTAL","count":193,"amount":219360.0}},{"entityName":"kamrup","metric":{"type":"TOTAL","count":187,"amount":191043.0}},{"entityName":"cachar","metric":{"type":"TOTAL","count":139,"amount":190170.0}},{"entityName":"jorhat","metric":{"type":"TOTAL","count":121,"amount":187950.0}},{"entityName":"baksa","metric":{"type":"TOTAL","count":120,"amount":133440.0}}],"pincodes":[{"entityName":"781032","metric":{"type":"TOTAL","count":121,"amount":117986.0}},{"entityName":"781022","metric":{"type":"TOTAL","count":77,"amount":105026.0}},{"entityName":"781038","metric":{"type":"TOTAL","count":67,"amount":60578.0}},{"entityName":"781001","metric":{"type":"TOTAL","count":61,"amount":46338.0}},{"entityName":"781011","metric":{"type":"TOTAL","count":60,"amount":40685.0}},{"entityName":"781028","metric":{"type":"TOTAL","count":59,"amount":55210.0}},{"entityName":"781025","metric":{"type":"TOTAL","count":59,"amount":60274.0}},{"entityName":"783380","metric":{"type":"TOTAL","count":56,"amount":54776.0}},{"entityName":"781005","metric":{"type":"TOTAL","count":55,"amount":42333.0}},{"entityName":"786003","metric":{"type":"TOTAL","count":46,"amount":54906.0}}]},"responseTimestamp":1692611076700}