{"success":true,"code":"SUCCESS","data":{"states":null,"districts":[{"entityName":"kamrup metropolitan","metric":{"type":"TOTAL","count":2250,"amount":2848340.0}},{"entityName":"barpeta","metric":{"type":"TOTAL","count":470,"amount":805931.0}},{"entityName":"nagaon","metric":{"type":"TOTAL","count":450,"amount":872663.0}},{"entityName":"dibrugarh","metric":{"type":"TOTAL","count":422,"amount":720457.0}},{"entityName":"sonitpur","metric":{"type":"TOTAL","count":415,"amount":668817.0}},{"entityName":"tinsukia","metric":{"type":"TOTAL","count":376,"amount":622789.0}},{"entityName":"kamrup","metric":{"type":"TOTAL","count":360,"amount":561224.0}},{"entityName":"cachar","metric":{"type":"TOTAL","count":322,"amount":545014.0}},{"entityName":"jorhat","metric":{"type":"TOTAL","count":257,"amount":543440.0}},{"entityName":"dhubri","metric":{"type":"TOTAL","count":255,"amount":370821.0}}],"pincodes":[{"entityName":"781032","metric":{"type":"TOTAL","count":166,"amount":209584.0}},{"entityName":"781022","metric":{"type":"TOTAL","count":162,"amount":206024.0}},{"entityName":"781001","metric":{"type":"TOTAL","count":131,"amount":145595.0}},{"entityName":"781038","metric":{"type":"TOTAL","count":131,"amount":151289.0}},{"entityName":"782462","metric":{"type":"TOTAL","count":125,"amount":269242.0}},{"entityName":"781028","metric":{"type":"TOTAL","count":97,"amount":117670.0}},{"entityName":"783380","metric":{"type":"TOTAL","count":95,"amount":161876.0}},{"entityName":"781011","metric":{"type":"TOTAL","count":90,"amount":111638.0}},{"entityName":"781025","metric":{"type":"TOTAL","count":87,"amount":109884.0}},{"entityName":"781317","metric":{"type":"TOTAL","count":83,"amount":119272.0}}]},"responseTimestamp":1692611128092}