{"success":true,"code":"SUCCESS","data":{"states":null,"districts":[{"entityName":"ranchi","metric":{"type":"TOTAL","count":4909,"amount":7487602.0}},{"entityName":"east singhbhum","metric":{"type":"TOTAL","count":4224,"amount":5638498.0}},{"entityName":"dhanbad","metric":{"type":"TOTAL","count":3509,"amount":4659985.0}},{"entityName":"bokaro","metric":{"type":"TOTAL","count":2292,"amount":3440855.0}},{"entityName":"saraikela kharsawan","metric":{"type":"TOTAL","count":1403,"amount":1691795.0}},{"entityName":"palamu","metric":{"type":"TOTAL","count":1042,"amount":1334866.0}},{"entityName":"ramgarh","metric":{"type":"TOTAL","count":821,"amount":1168156.0}},{"entityName":"hazaribagh","metric":{"type":"TOTAL","count":787,"amount":1333311.0}},{"entityName":"deoghar","metric":{"type":"TOTAL","count":751,"amount":987012.0}},{"entityName":"giridih","metric":{"type":"TOTAL","count":654,"amount":837074.0}}],"pincodes":[{"entityName":"834001","metric":{"type":"TOTAL","count":1210,"amount":1755448.0}},{"entityName":"831001","metric":{"type":"TOTAL","count":808,"amount":1013796.0}},{"entityName":"826001","metric":{"type":"TOTAL","count":711,"amount":863177.0}},{"entityName":"832108","metric":{"type":"TOTAL","count":618,"amount":716198.0}},{"entityName":"827013","metric":{"type":"TOTAL","count":496,"amount":819455.0}},{"entityName":"832107","metric":{"type":"TOTAL","count":445,"amount":585486.0}},{"entityName":"834002","metric":{"type":"TOTAL","count":385,"amount":680732.0}},{"entityName":"831004","metric":{"type":"TOTAL","count":350,"amount":484051.0}},{"entityName":"834008","metric":{"type":"TOTAL","count":334,"amount":610499.0}},{"entityName":"831012","metric":{"type":"TOTAL","count":319,"amount":373884.0}}]},"responseTimestamp":1714727742154}