{"success":true,"code":"SUCCESS","data":{"states":null,"districts":[{"entityName":"ranchi","metric":{"type":"TOTAL","count":4661,"amount":7298351.0}},{"entityName":"east singhbhum","metric":{"type":"TOTAL","count":4022,"amount":5532150.0}},{"entityName":"dhanbad","metric":{"type":"TOTAL","count":2818,"amount":3833061.0}},{"entityName":"bokaro","metric":{"type":"TOTAL","count":2162,"amount":3054577.0}},{"entityName":"saraikela kharsawan","metric":{"type":"TOTAL","count":1189,"amount":1559768.0}},{"entityName":"palamu","metric":{"type":"TOTAL","count":825,"amount":1134267.0}},{"entityName":"ramgarh","metric":{"type":"TOTAL","count":765,"amount":1104446.0}},{"entityName":"hazaribagh","metric":{"type":"TOTAL","count":760,"amount":1367112.0}},{"entityName":"deoghar","metric":{"type":"TOTAL","count":651,"amount":1072013.0}},{"entityName":"giridih","metric":{"type":"TOTAL","count":604,"amount":922936.0}}],"pincodes":[{"entityName":"834001","metric":{"type":"TOTAL","count":1154,"amount":1637077.0}},{"entityName":"831001","metric":{"type":"TOTAL","count":773,"amount":976453.0}},{"entityName":"826001","metric":{"type":"TOTAL","count":637,"amount":820376.0}},{"entityName":"832108","metric":{"type":"TOTAL","count":485,"amount":633106.0}},{"entityName":"827013","metric":{"type":"TOTAL","count":475,"amount":670371.0}},{"entityName":"832107","metric":{"type":"TOTAL","count":442,"amount":585230.0}},{"entityName":"834002","metric":{"type":"TOTAL","count":376,"amount":571634.0}},{"entityName":"834008","metric":{"type":"TOTAL","count":347,"amount":471835.0}},{"entityName":"834009","metric":{"type":"TOTAL","count":299,"amount":519470.0}},{"entityName":"831004","metric":{"type":"TOTAL","count":295,"amount":352145.0}}]},"responseTimestamp":1722517870471}