{"success":true,"code":"SUCCESS","data":{"states":null,"districts":[{"entityName":"ranchi","metric":{"type":"TOTAL","count":5026,"amount":7826939.0}},{"entityName":"east singhbhum","metric":{"type":"TOTAL","count":4855,"amount":6343645.0}},{"entityName":"dhanbad","metric":{"type":"TOTAL","count":3365,"amount":4837925.0}},{"entityName":"bokaro","metric":{"type":"TOTAL","count":2480,"amount":3592511.0}},{"entityName":"seraikela kharsawan","metric":{"type":"TOTAL","count":1251,"amount":1633675.0}},{"entityName":"hazaribag","metric":{"type":"TOTAL","count":852,"amount":1337065.0}},{"entityName":"ramgarh","metric":{"type":"TOTAL","count":800,"amount":1272047.0}},{"entityName":"palamu","metric":{"type":"TOTAL","count":694,"amount":1034769.0}},{"entityName":"deoghar","metric":{"type":"TOTAL","count":608,"amount":949812.0}},{"entityName":"west singhbhum","metric":{"type":"TOTAL","count":478,"amount":751095.0}}],"pincodes":[{"entityName":"834001","metric":{"type":"TOTAL","count":1553,"amount":2153189.0}},{"entityName":"831001","metric":{"type":"TOTAL","count":936,"amount":1153646.0}},{"entityName":"826001","metric":{"type":"TOTAL","count":858,"amount":1241236.0}},{"entityName":"831012","metric":{"type":"TOTAL","count":802,"amount":1052327.0}},{"entityName":"827013","metric":{"type":"TOTAL","count":561,"amount":806627.0}},{"entityName":"834002","metric":{"type":"TOTAL","count":513,"amount":788462.0}},{"entityName":"831002","metric":{"type":"TOTAL","count":455,"amount":597133.0}},{"entityName":"834009","metric":{"type":"TOTAL","count":397,"amount":800449.0}},{"entityName":"834008","metric":{"type":"TOTAL","count":386,"amount":599161.0}},{"entityName":"827001","metric":{"type":"TOTAL","count":367,"amount":505841.0}}]},"responseTimestamp":1739974396628}