{"success":true,"code":"SUCCESS","data":{"states":null,"districts":[{"entityName":"east singhbhum","metric":{"type":"TOTAL","count":5693,"amount":7616882.0}},{"entityName":"ranchi","metric":{"type":"TOTAL","count":5480,"amount":9068274.0}},{"entityName":"dhanbad","metric":{"type":"TOTAL","count":4077,"amount":5874868.0}},{"entityName":"bokaro","metric":{"type":"TOTAL","count":2894,"amount":4357676.0}},{"entityName":"seraikela kharsawan","metric":{"type":"TOTAL","count":1565,"amount":2028357.0}},{"entityName":"hazaribag","metric":{"type":"TOTAL","count":982,"amount":1445214.0}},{"entityName":"palamu","metric":{"type":"TOTAL","count":974,"amount":1129766.0}},{"entityName":"ramgarh","metric":{"type":"TOTAL","count":904,"amount":1475834.0}},{"entityName":"deoghar","metric":{"type":"TOTAL","count":850,"amount":1288200.0}},{"entityName":"giridih","metric":{"type":"TOTAL","count":747,"amount":1005641.0}}],"pincodes":[{"entityName":"834001","metric":{"type":"TOTAL","count":1671,"amount":2693199.0}},{"entityName":"831012","metric":{"type":"TOTAL","count":1042,"amount":1410497.0}},{"entityName":"831001","metric":{"type":"TOTAL","count":1030,"amount":1270492.0}},{"entityName":"826001","metric":{"type":"TOTAL","count":927,"amount":1272238.0}},{"entityName":"827013","metric":{"type":"TOTAL","count":632,"amount":952106.0}},{"entityName":"831002","metric":{"type":"TOTAL","count":526,"amount":690569.0}},{"entityName":"834002","metric":{"type":"TOTAL","count":504,"amount":867944.0}},{"entityName":"831004","metric":{"type":"TOTAL","count":443,"amount":628089.0}},{"entityName":"832108","metric":{"type":"TOTAL","count":418,"amount":542082.0}},{"entityName":"834008","metric":{"type":"TOTAL","count":414,"amount":742251.0}}]},"responseTimestamp":1739974618738}