{"success":true,"code":"SUCCESS","data":{"states":null,"districts":[{"entityName":"ernakulam","metric":{"type":"TOTAL","count":6248,"amount":1.0184076E7}},{"entityName":"thiruvananthapuram","metric":{"type":"TOTAL","count":4746,"amount":7815682.0}},{"entityName":"kozhikode","metric":{"type":"TOTAL","count":3868,"amount":6125227.0}},{"entityName":"malappuram","metric":{"type":"TOTAL","count":3827,"amount":6416876.0}},{"entityName":"thrissur","metric":{"type":"TOTAL","count":2870,"amount":5275331.0}},{"entityName":"kollam","metric":{"type":"TOTAL","count":2669,"amount":4851946.0}},{"entityName":"alappuzha","metric":{"type":"TOTAL","count":2604,"amount":4460572.0}},{"entityName":"kannur","metric":{"type":"TOTAL","count":2359,"amount":4239885.0}},{"entityName":"palakkad","metric":{"type":"TOTAL","count":1948,"amount":3521858.0}},{"entityName":"kottayam","metric":{"type":"TOTAL","count":1758,"amount":3443412.0}}],"pincodes":[{"entityName":"682042","metric":{"type":"TOTAL","count":233,"amount":334805.0}},{"entityName":"682024","metric":{"type":"TOTAL","count":231,"amount":367375.0}},{"entityName":"682020","metric":{"type":"TOTAL","count":223,"amount":281112.0}},{"entityName":"682032","metric":{"type":"TOTAL","count":219,"amount":285022.0}},{"entityName":"695008","metric":{"type":"TOTAL","count":210,"amount":271068.0}},{"entityName":"673638","metric":{"type":"TOTAL","count":208,"amount":253604.0}},{"entityName":"673032","metric":{"type":"TOTAL","count":207,"amount":272231.0}},{"entityName":"695001","metric":{"type":"TOTAL","count":202,"amount":256241.0}},{"entityName":"682025","metric":{"type":"TOTAL","count":193,"amount":254003.0}},{"entityName":"695014","metric":{"type":"TOTAL","count":177,"amount":254676.0}}]},"responseTimestamp":1692611186467}