{"success":true,"code":"SUCCESS","data":{"states":null,"districts":[{"entityName":"ernakulam","metric":{"type":"TOTAL","count":6138,"amount":9888302.0}},{"entityName":"thiruvananthapuram","metric":{"type":"TOTAL","count":4817,"amount":8023082.0}},{"entityName":"kozhikode","metric":{"type":"TOTAL","count":3897,"amount":5800476.0}},{"entityName":"malappuram","metric":{"type":"TOTAL","count":3544,"amount":5780272.0}},{"entityName":"thrissur","metric":{"type":"TOTAL","count":2754,"amount":4617095.0}},{"entityName":"kollam","metric":{"type":"TOTAL","count":2716,"amount":4729038.0}},{"entityName":"alappuzha","metric":{"type":"TOTAL","count":2379,"amount":4025340.0}},{"entityName":"kannur","metric":{"type":"TOTAL","count":1939,"amount":3244289.0}},{"entityName":"kottayam","metric":{"type":"TOTAL","count":1812,"amount":3448007.0}},{"entityName":"palakkad","metric":{"type":"TOTAL","count":1776,"amount":3088235.0}}],"pincodes":[{"entityName":"682042","metric":{"type":"TOTAL","count":233,"amount":282204.0}},{"entityName":"695001","metric":{"type":"TOTAL","count":222,"amount":285574.0}},{"entityName":"682032","metric":{"type":"TOTAL","count":221,"amount":251715.0}},{"entityName":"682024","metric":{"type":"TOTAL","count":209,"amount":294976.0}},{"entityName":"673032","metric":{"type":"TOTAL","count":193,"amount":195304.0}},{"entityName":"682025","metric":{"type":"TOTAL","count":188,"amount":211150.0}},{"entityName":"682020","metric":{"type":"TOTAL","count":183,"amount":295481.0}},{"entityName":"673638","metric":{"type":"TOTAL","count":157,"amount":252702.0}},{"entityName":"695014","metric":{"type":"TOTAL","count":157,"amount":242121.0}},{"entityName":"682507","metric":{"type":"TOTAL","count":154,"amount":217414.0}}]},"responseTimestamp":1692611237682}