{"success":true,"code":"SUCCESS","data":{"states":null,"districts":[{"entityName":"ernakulam","metric":{"type":"TOTAL","count":9029,"amount":1.3521423E7}},{"entityName":"thiruvananthapuram","metric":{"type":"TOTAL","count":6698,"amount":1.0159821E7}},{"entityName":"malappuram","metric":{"type":"TOTAL","count":6383,"amount":9700344.0}},{"entityName":"kozhikode","metric":{"type":"TOTAL","count":5994,"amount":8478215.0}},{"entityName":"kollam","metric":{"type":"TOTAL","count":4338,"amount":6942000.0}},{"entityName":"thrissur","metric":{"type":"TOTAL","count":4110,"amount":6792045.0}},{"entityName":"alappuzha","metric":{"type":"TOTAL","count":3587,"amount":5666299.0}},{"entityName":"kannur","metric":{"type":"TOTAL","count":3232,"amount":5087161.0}},{"entityName":"kottayam","metric":{"type":"TOTAL","count":2773,"amount":4730938.0}},{"entityName":"palakkad","metric":{"type":"TOTAL","count":2724,"amount":4339674.0}}],"pincodes":[{"entityName":"695001","metric":{"type":"TOTAL","count":410,"amount":492523.0}},{"entityName":"682042","metric":{"type":"TOTAL","count":346,"amount":473438.0}},{"entityName":"682025","metric":{"type":"TOTAL","count":314,"amount":424692.0}},{"entityName":"673032","metric":{"type":"TOTAL","count":301,"amount":356768.0}},{"entityName":"682020","metric":{"type":"TOTAL","count":287,"amount":356772.0}},{"entityName":"682024","metric":{"type":"TOTAL","count":266,"amount":403226.0}},{"entityName":"676123","metric":{"type":"TOTAL","count":265,"amount":351215.0}},{"entityName":"682032","metric":{"type":"TOTAL","count":262,"amount":353599.0}},{"entityName":"673592","metric":{"type":"TOTAL","count":230,"amount":372365.0}},{"entityName":"695014","metric":{"type":"TOTAL","count":229,"amount":306934.0}}]},"responseTimestamp":1692611289404}