{"success":true,"code":"SUCCESS","data":{"states":null,"districts":[{"entityName":"ernakulam","metric":{"type":"TOTAL","count":11176,"amount":1.685144E7}},{"entityName":"thiruvananthapuram","metric":{"type":"TOTAL","count":7869,"amount":1.2164492E7}},{"entityName":"malappuram","metric":{"type":"TOTAL","count":7505,"amount":1.1502962E7}},{"entityName":"kozhikode","metric":{"type":"TOTAL","count":7244,"amount":1.0442297E7}},{"entityName":"thrissur","metric":{"type":"TOTAL","count":4917,"amount":7803369.0}},{"entityName":"kollam","metric":{"type":"TOTAL","count":4693,"amount":7758609.0}},{"entityName":"alappuzha","metric":{"type":"TOTAL","count":4318,"amount":6745436.0}},{"entityName":"kannur","metric":{"type":"TOTAL","count":4187,"amount":6703769.0}},{"entityName":"palakkad","metric":{"type":"TOTAL","count":3392,"amount":5656594.0}},{"entityName":"kottayam","metric":{"type":"TOTAL","count":3274,"amount":5790023.0}}],"pincodes":[{"entityName":"682042","metric":{"type":"TOTAL","count":447,"amount":617334.0}},{"entityName":"695001","metric":{"type":"TOTAL","count":432,"amount":528333.0}},{"entityName":"682024","metric":{"type":"TOTAL","count":385,"amount":578259.0}},{"entityName":"682025","metric":{"type":"TOTAL","count":375,"amount":495748.0}},{"entityName":"682032","metric":{"type":"TOTAL","count":339,"amount":494462.0}},{"entityName":"673032","metric":{"type":"TOTAL","count":338,"amount":444592.0}},{"entityName":"682020","metric":{"type":"TOTAL","count":297,"amount":433136.0}},{"entityName":"682035","metric":{"type":"TOTAL","count":295,"amount":391825.0}},{"entityName":"673004","metric":{"type":"TOTAL","count":269,"amount":345791.0}},{"entityName":"673016","metric":{"type":"TOTAL","count":262,"amount":358888.0}}]},"responseTimestamp":1692611341274}