{"success":true,"code":"SUCCESS","data":{"states":null,"districts":[{"entityName":"leh ladakh","metric":{"type":"TOTAL","count":112,"amount":363267.0}},{"entityName":"kargil","metric":{"type":"TOTAL","count":49,"amount":132469.0}}],"pincodes":[{"entityName":"194104","metric":{"type":"TOTAL","count":38,"amount":100249.0}},{"entityName":"194103","metric":{"type":"TOTAL","count":25,"amount":71011.0}},{"entityName":"194201","metric":{"type":"TOTAL","count":25,"amount":84649.0}},{"entityName":"194101","metric":{"type":"TOTAL","count":22,"amount":80863.0}},{"entityName":"194401","metric":{"type":"TOTAL","count":11,"amount":43410.0}},{"entityName":"194404","metric":{"type":"TOTAL","count":8,"amount":37357.0}},{"entityName":"194703","metric":{"type":"TOTAL","count":7,"amount":10383.0}},{"entityName":"194102","metric":{"type":"TOTAL","count":6,"amount":10152.0}},{"entityName":"194105","metric":{"type":"TOTAL","count":5,"amount":18306.0}},{"entityName":"194109","metric":{"type":"TOTAL","count":5,"amount":16276.0}}]},"responseTimestamp":1692619178653}