{"success":true,"code":"SUCCESS","data":{"states":null,"districts":[{"entityName":"leh ladakh","metric":{"type":"TOTAL","count":169,"amount":511134.0}},{"entityName":"kargil","metric":{"type":"TOTAL","count":46,"amount":124697.0}}],"pincodes":[{"entityName":"194101","metric":{"type":"TOTAL","count":64,"amount":180037.0}},{"entityName":"194104","metric":{"type":"TOTAL","count":48,"amount":144145.0}},{"entityName":"194201","metric":{"type":"TOTAL","count":26,"amount":64999.0}},{"entityName":"194102","metric":{"type":"TOTAL","count":15,"amount":42816.0}},{"entityName":"194401","metric":{"type":"TOTAL","count":13,"amount":74174.0}},{"entityName":"194105","metric":{"type":"TOTAL","count":12,"amount":35944.0}},{"entityName":"194107","metric":{"type":"TOTAL","count":10,"amount":20559.0}},{"entityName":"194103","metric":{"type":"TOTAL","count":10,"amount":25494.0}},{"entityName":"194703","metric":{"type":"TOTAL","count":5,"amount":11997.0}},{"entityName":"194404","metric":{"type":"TOTAL","count":4,"amount":21229.0}}]},"responseTimestamp":1692619360274}