{"success":true,"code":"SUCCESS","data":{"states":null,"districts":[{"entityName":"leh ladakh","metric":{"type":"TOTAL","count":185,"amount":542018.0}},{"entityName":"kargil","metric":{"type":"TOTAL","count":47,"amount":107009.0}}],"pincodes":[{"entityName":"194101","metric":{"type":"TOTAL","count":56,"amount":155885.0}},{"entityName":"194104","metric":{"type":"TOTAL","count":47,"amount":169061.0}},{"entityName":"194201","metric":{"type":"TOTAL","count":28,"amount":76911.0}},{"entityName":"194404","metric":{"type":"TOTAL","count":19,"amount":44101.0}},{"entityName":"194401","metric":{"type":"TOTAL","count":18,"amount":46245.0}},{"entityName":"194103","metric":{"type":"TOTAL","count":17,"amount":38096.0}},{"entityName":"194107","metric":{"type":"TOTAL","count":15,"amount":47707.0}},{"entityName":"194105","metric":{"type":"TOTAL","count":11,"amount":24496.0}},{"entityName":"194102","metric":{"type":"TOTAL","count":9,"amount":21562.0}},{"entityName":"194703","metric":{"type":"TOTAL","count":4,"amount":10968.0}}]},"responseTimestamp":1697612200354}