{"success":true,"code":"SUCCESS","data":{"states":null,"districts":[{"entityName":"leh ladakh","metric":{"type":"TOTAL","count":204,"amount":604548.0}},{"entityName":"kargil","metric":{"type":"TOTAL","count":38,"amount":114419.0}}],"pincodes":[{"entityName":"194104","metric":{"type":"TOTAL","count":64,"amount":260872.0}},{"entityName":"194201","metric":{"type":"TOTAL","count":42,"amount":123961.0}},{"entityName":"194101","metric":{"type":"TOTAL","count":39,"amount":111111.0}},{"entityName":"194401","metric":{"type":"TOTAL","count":20,"amount":24434.0}},{"entityName":"194404","metric":{"type":"TOTAL","count":16,"amount":43310.0}},{"entityName":"194107","metric":{"type":"TOTAL","count":14,"amount":27955.0}},{"entityName":"194103","metric":{"type":"TOTAL","count":13,"amount":47085.0}},{"entityName":"194102","metric":{"type":"TOTAL","count":7,"amount":22198.0}},{"entityName":"194105","metric":{"type":"TOTAL","count":5,"amount":18413.0}},{"entityName":"194703","metric":{"type":"TOTAL","count":5,"amount":5182.0}}]},"responseTimestamp":1706092855519}