{"success":true,"code":"SUCCESS","data":{"states":null,"districts":[{"entityName":"chandigarh","metric":{"type":"TOTAL","count":1520,"amount":2415574.0}}],"pincodes":[{"entityName":"160101","metric":{"type":"TOTAL","count":225,"amount":285617.0}},{"entityName":"160002","metric":{"type":"TOTAL","count":203,"amount":272265.0}},{"entityName":"160047","metric":{"type":"TOTAL","count":139,"amount":229677.0}},{"entityName":"160036","metric":{"type":"TOTAL","count":132,"amount":213719.0}},{"entityName":"160014","metric":{"type":"TOTAL","count":98,"amount":129066.0}},{"entityName":"160022","metric":{"type":"TOTAL","count":89,"amount":177081.0}},{"entityName":"160030","metric":{"type":"TOTAL","count":85,"amount":189119.0}},{"entityName":"160015","metric":{"type":"TOTAL","count":69,"amount":124176.0}},{"entityName":"160019","metric":{"type":"TOTAL","count":68,"amount":74432.0}},{"entityName":"160003","metric":{"type":"TOTAL","count":65,"amount":108039.0}}]},"responseTimestamp":1692619187367}