{"success":true,"code":"SUCCESS","data":{"states":null,"districts":[{"entityName":"chandigarh","metric":{"type":"TOTAL","count":1704,"amount":2501107.0}}],"pincodes":[{"entityName":"160101","metric":{"type":"TOTAL","count":229,"amount":301119.0}},{"entityName":"160002","metric":{"type":"TOTAL","count":218,"amount":267703.0}},{"entityName":"160036","metric":{"type":"TOTAL","count":169,"amount":225455.0}},{"entityName":"160047","metric":{"type":"TOTAL","count":149,"amount":283895.0}},{"entityName":"160022","metric":{"type":"TOTAL","count":129,"amount":201947.0}},{"entityName":"160030","metric":{"type":"TOTAL","count":122,"amount":164403.0}},{"entityName":"160014","metric":{"type":"TOTAL","count":103,"amount":118597.0}},{"entityName":"160015","metric":{"type":"TOTAL","count":86,"amount":97387.0}},{"entityName":"160003","metric":{"type":"TOTAL","count":78,"amount":114849.0}},{"entityName":"160019","metric":{"type":"TOTAL","count":65,"amount":154114.0}}]},"responseTimestamp":1692619368793}