{"success":true,"code":"SUCCESS","data":{"states":null,"districts":[{"entityName":"chandigarh","metric":{"type":"TOTAL","count":1883,"amount":2660630.0}}],"pincodes":[{"entityName":"160002","metric":{"type":"TOTAL","count":270,"amount":370626.0}},{"entityName":"160101","metric":{"type":"TOTAL","count":232,"amount":312944.0}},{"entityName":"160036","metric":{"type":"TOTAL","count":194,"amount":271410.0}},{"entityName":"160047","metric":{"type":"TOTAL","count":182,"amount":288196.0}},{"entityName":"160022","metric":{"type":"TOTAL","count":140,"amount":185158.0}},{"entityName":"160014","metric":{"type":"TOTAL","count":121,"amount":174875.0}},{"entityName":"160030","metric":{"type":"TOTAL","count":108,"amount":142944.0}},{"entityName":"160019","metric":{"type":"TOTAL","count":90,"amount":85042.0}},{"entityName":"160020","metric":{"type":"TOTAL","count":81,"amount":147399.0}},{"entityName":"160015","metric":{"type":"TOTAL","count":76,"amount":104632.0}}]},"responseTimestamp":1697612212760}