{"success":true,"code":"SUCCESS","data":{"states":null,"districts":[{"entityName":"chandigarh","metric":{"type":"TOTAL","count":1767,"amount":3053934.0}}],"pincodes":[{"entityName":"160101","metric":{"type":"TOTAL","count":269,"amount":425028.0}},{"entityName":"160002","metric":{"type":"TOTAL","count":240,"amount":337244.0}},{"entityName":"160036","metric":{"type":"TOTAL","count":188,"amount":346084.0}},{"entityName":"160047","metric":{"type":"TOTAL","count":175,"amount":398113.0}},{"entityName":"160022","metric":{"type":"TOTAL","count":120,"amount":208612.0}},{"entityName":"160030","metric":{"type":"TOTAL","count":91,"amount":116986.0}},{"entityName":"160014","metric":{"type":"TOTAL","count":83,"amount":121236.0}},{"entityName":"160015","metric":{"type":"TOTAL","count":70,"amount":115832.0}},{"entityName":"160003","metric":{"type":"TOTAL","count":65,"amount":88079.0}},{"entityName":"160019","metric":{"type":"TOTAL","count":56,"amount":109831.0}}]},"responseTimestamp":1706092867109}