{"success":true,"code":"SUCCESS","data":{"states":null,"districts":[{"entityName":"jammu","metric":{"type":"TOTAL","count":974,"amount":1927670.0}},{"entityName":"srinagar","metric":{"type":"TOTAL","count":399,"amount":734819.0}},{"entityName":"anantnag","metric":{"type":"TOTAL","count":356,"amount":523325.0}},{"entityName":"pulwama","metric":{"type":"TOTAL","count":265,"amount":464390.0}},{"entityName":"budgam","metric":{"type":"TOTAL","count":252,"amount":394334.0}},{"entityName":"kathua","metric":{"type":"TOTAL","count":184,"amount":442387.0}},{"entityName":"baramulla","metric":{"type":"TOTAL","count":171,"amount":348488.0}},{"entityName":"udhampur","metric":{"type":"TOTAL","count":142,"amount":306421.0}},{"entityName":"samba","metric":{"type":"TOTAL","count":141,"amount":336914.0}},{"entityName":"shopian","metric":{"type":"TOTAL","count":119,"amount":223541.0}}],"pincodes":[{"entityName":"192301","metric":{"type":"TOTAL","count":136,"amount":178613.0}},{"entityName":"192401","metric":{"type":"TOTAL","count":136,"amount":106910.0}},{"entityName":"191111","metric":{"type":"TOTAL","count":104,"amount":90409.0}},{"entityName":"180001","metric":{"type":"TOTAL","count":92,"amount":139731.0}},{"entityName":"193201","metric":{"type":"TOTAL","count":91,"amount":133892.0}},{"entityName":"182101","metric":{"type":"TOTAL","count":84,"amount":148660.0}},{"entityName":"192303","metric":{"type":"TOTAL","count":75,"amount":83682.0}},{"entityName":"190012","metric":{"type":"TOTAL","count":74,"amount":73915.0}},{"entityName":"192101","metric":{"type":"TOTAL","count":73,"amount":89520.0}},{"entityName":"180012","metric":{"type":"TOTAL","count":68,"amount":139158.0}}]},"responseTimestamp":1692611200960}