{"success":true,"code":"SUCCESS","data":{"states":null,"districts":[{"entityName":"jammu","metric":{"type":"TOTAL","count":1181,"amount":1988901.0}},{"entityName":"srinagar","metric":{"type":"TOTAL","count":528,"amount":967474.0}},{"entityName":"anantnag","metric":{"type":"TOTAL","count":263,"amount":539003.0}},{"entityName":"budgam","metric":{"type":"TOTAL","count":259,"amount":512454.0}},{"entityName":"samba","metric":{"type":"TOTAL","count":208,"amount":380723.0}},{"entityName":"kathua","metric":{"type":"TOTAL","count":204,"amount":445358.0}},{"entityName":"pulwama","metric":{"type":"TOTAL","count":199,"amount":408613.0}},{"entityName":"udhampur","metric":{"type":"TOTAL","count":193,"amount":322630.0}},{"entityName":"baramulla","metric":{"type":"TOTAL","count":180,"amount":366809.0}},{"entityName":"kupwara","metric":{"type":"TOTAL","count":142,"amount":273241.0}}],"pincodes":[{"entityName":"180001","metric":{"type":"TOTAL","count":113,"amount":152646.0}},{"entityName":"182101","metric":{"type":"TOTAL","count":112,"amount":153014.0}},{"entityName":"192301","metric":{"type":"TOTAL","count":106,"amount":165963.0}},{"entityName":"180020","metric":{"type":"TOTAL","count":94,"amount":119195.0}},{"entityName":"191111","metric":{"type":"TOTAL","count":91,"amount":132142.0}},{"entityName":"180003","metric":{"type":"TOTAL","count":85,"amount":105527.0}},{"entityName":"193201","metric":{"type":"TOTAL","count":82,"amount":128729.0}},{"entityName":"193222","metric":{"type":"TOTAL","count":81,"amount":103432.0}},{"entityName":"180005","metric":{"type":"TOTAL","count":78,"amount":99582.0}},{"entityName":"181133","metric":{"type":"TOTAL","count":77,"amount":98439.0}}]},"responseTimestamp":1692611252320}