{"success":true,"code":"SUCCESS","data":{"states":null,"districts":[{"entityName":"jammu","metric":{"type":"TOTAL","count":1674,"amount":2443103.0}},{"entityName":"srinagar","metric":{"type":"TOTAL","count":504,"amount":908586.0}},{"entityName":"kathua","metric":{"type":"TOTAL","count":342,"amount":529015.0}},{"entityName":"samba","metric":{"type":"TOTAL","count":292,"amount":442303.0}},{"entityName":"udhampur","metric":{"type":"TOTAL","count":266,"amount":394002.0}},{"entityName":"budgam","metric":{"type":"TOTAL","count":251,"amount":519645.0}},{"entityName":"anantnag","metric":{"type":"TOTAL","count":219,"amount":442368.0}},{"entityName":"pulwama","metric":{"type":"TOTAL","count":162,"amount":308696.0}},{"entityName":"reasi","metric":{"type":"TOTAL","count":140,"amount":247331.0}},{"entityName":"rajouri","metric":{"type":"TOTAL","count":139,"amount":303672.0}}],"pincodes":[{"entityName":"182101","metric":{"type":"TOTAL","count":159,"amount":194704.0}},{"entityName":"180003","metric":{"type":"TOTAL","count":132,"amount":159457.0}},{"entityName":"180001","metric":{"type":"TOTAL","count":131,"amount":170257.0}},{"entityName":"180020","metric":{"type":"TOTAL","count":112,"amount":143313.0}},{"entityName":"181133","metric":{"type":"TOTAL","count":111,"amount":144728.0}},{"entityName":"180012","metric":{"type":"TOTAL","count":107,"amount":111661.0}},{"entityName":"180004","metric":{"type":"TOTAL","count":91,"amount":124130.0}},{"entityName":"180005","metric":{"type":"TOTAL","count":89,"amount":108359.0}},{"entityName":"190001","metric":{"type":"TOTAL","count":86,"amount":129404.0}},{"entityName":"180002","metric":{"type":"TOTAL","count":82,"amount":117401.0}}]},"responseTimestamp":1692611304112}