{"success":true,"code":"SUCCESS","data":{"states":null,"districts":[{"entityName":"jammu","metric":{"type":"TOTAL","count":1879,"amount":3260604.0}},{"entityName":"srinagar","metric":{"type":"TOTAL","count":471,"amount":926220.0}},{"entityName":"samba","metric":{"type":"TOTAL","count":356,"amount":656320.0}},{"entityName":"udhampur","metric":{"type":"TOTAL","count":286,"amount":561757.0}},{"entityName":"anantnag","metric":{"type":"TOTAL","count":273,"amount":607958.0}},{"entityName":"kathua","metric":{"type":"TOTAL","count":254,"amount":545133.0}},{"entityName":"budgam","metric":{"type":"TOTAL","count":186,"amount":484368.0}},{"entityName":"pulwama","metric":{"type":"TOTAL","count":183,"amount":400652.0}},{"entityName":"baramulla","metric":{"type":"TOTAL","count":171,"amount":452532.0}},{"entityName":"rajouri","metric":{"type":"TOTAL","count":167,"amount":352179.0}}],"pincodes":[{"entityName":"182101","metric":{"type":"TOTAL","count":190,"amount":380455.0}},{"entityName":"180001","metric":{"type":"TOTAL","count":132,"amount":205211.0}},{"entityName":"180003","metric":{"type":"TOTAL","count":116,"amount":191662.0}},{"entityName":"180020","metric":{"type":"TOTAL","count":114,"amount":167603.0}},{"entityName":"180005","metric":{"type":"TOTAL","count":112,"amount":148622.0}},{"entityName":"184121","metric":{"type":"TOTAL","count":109,"amount":204499.0}},{"entityName":"181133","metric":{"type":"TOTAL","count":106,"amount":170134.0}},{"entityName":"190001","metric":{"type":"TOTAL","count":105,"amount":159646.0}},{"entityName":"180004","metric":{"type":"TOTAL","count":100,"amount":147170.0}},{"entityName":"180012","metric":{"type":"TOTAL","count":97,"amount":160047.0}}]},"responseTimestamp":1692611356096}