{"success":true,"code":"SUCCESS","data":{"states":null,"districts":[{"entityName":"lakshadweep","metric":{"type":"TOTAL","count":15,"amount":12935.0}}],"pincodes":[{"entityName":"682555","metric":{"type":"TOTAL","count":9,"amount":11703.0}},{"entityName":"682559","metric":{"type":"TOTAL","count":3,"amount":122.0}},{"entityName":"682556","metric":{"type":"TOTAL","count":1,"amount":1048.0}},{"entityName":"682551","metric":{"type":"TOTAL","count":1,"amount":31.0}},{"entityName":"682554","metric":{"type":"TOTAL","count":1,"amount":31.0}}]},"responseTimestamp":1714727725376}