{"success":true,"code":"SUCCESS","data":{"states":null,"districts":[{"entityName":"lakshadweep","metric":{"type":"TOTAL","count":26,"amount":33630.0}}],"pincodes":[{"entityName":"682555","metric":{"type":"TOTAL","count":11,"amount":16966.0}},{"entityName":"682559","metric":{"type":"TOTAL","count":8,"amount":6648.0}},{"entityName":"682551","metric":{"type":"TOTAL","count":4,"amount":8434.0}},{"entityName":"682558","metric":{"type":"TOTAL","count":1,"amount":245.0}},{"entityName":"682557","metric":{"type":"TOTAL","count":1,"amount":31.0}},{"entityName":"682552","metric":{"type":"TOTAL","count":1,"amount":1306.0}}]},"responseTimestamp":1722517850142}