{"success":true,"code":"SUCCESS","data":{"states":null,"districts":[{"entityName":"lakshadweep","metric":{"type":"TOTAL","count":49,"amount":55312.0}}],"pincodes":[{"entityName":"682555","metric":{"type":"TOTAL","count":32,"amount":37584.0}},{"entityName":"682551","metric":{"type":"TOTAL","count":7,"amount":8299.0}},{"entityName":"682559","metric":{"type":"TOTAL","count":5,"amount":4803.0}},{"entityName":"682556","metric":{"type":"TOTAL","count":4,"amount":2276.0}},{"entityName":"682552","metric":{"type":"TOTAL","count":1,"amount":2350.0}}]},"responseTimestamp":1739974376935}