{"success":true,"code":"SUCCESS","data":{"states":null,"districts":[{"entityName":"lakshadweep","metric":{"type":"TOTAL","count":159,"amount":185542.0}}],"pincodes":[{"entityName":"682551","metric":{"type":"TOTAL","count":112,"amount":114014.0}},{"entityName":"682555","metric":{"type":"TOTAL","count":21,"amount":38873.0}},{"entityName":"682559","metric":{"type":"TOTAL","count":9,"amount":10417.0}},{"entityName":"682552","metric":{"type":"TOTAL","count":6,"amount":5247.0}},{"entityName":"682553","metric":{"type":"TOTAL","count":6,"amount":8261.0}},{"entityName":"682558","metric":{"type":"TOTAL","count":2,"amount":1699.0}},{"entityName":"682556","metric":{"type":"TOTAL","count":2,"amount":5039.0}},{"entityName":"682554","metric":{"type":"TOTAL","count":1,"amount":1992.0}}]},"responseTimestamp":1739974598975}