{"success":true,"code":"SUCCESS","data":{"states":null,"districts":[{"entityName":"khordha","metric":{"type":"TOTAL","count":1758,"amount":1051292.0}},{"entityName":"cuttack","metric":{"type":"TOTAL","count":774,"amount":374548.0}},{"entityName":"ganjam","metric":{"type":"TOTAL","count":565,"amount":282036.0}},{"entityName":"sundargarh","metric":{"type":"TOTAL","count":457,"amount":297104.0}},{"entityName":"baleshwar","metric":{"type":"TOTAL","count":368,"amount":163193.0}},{"entityName":"puri","metric":{"type":"TOTAL","count":316,"amount":137810.0}},{"entityName":"kendujhar","metric":{"type":"TOTAL","count":315,"amount":171881.0}},{"entityName":"sambalpur","metric":{"type":"TOTAL","count":269,"amount":143633.0}},{"entityName":"jajapur","metric":{"type":"TOTAL","count":269,"amount":132672.0}},{"entityName":"anugul","metric":{"type":"TOTAL","count":269,"amount":140111.0}}],"pincodes":[{"entityName":"751019","metric":{"type":"TOTAL","count":121,"amount":76011.0}},{"entityName":"751006","metric":{"type":"TOTAL","count":118,"amount":53671.0}},{"entityName":"751024","metric":{"type":"TOTAL","count":112,"amount":96098.0}},{"entityName":"751013","metric":{"type":"TOTAL","count":106,"amount":55200.0}},{"entityName":"751002","metric":{"type":"TOTAL","count":102,"amount":70762.0}},{"entityName":"751012","metric":{"type":"TOTAL","count":102,"amount":53415.0}},{"entityName":"751010","metric":{"type":"TOTAL","count":91,"amount":43535.0}},{"entityName":"752001","metric":{"type":"TOTAL","count":88,"amount":46042.0}},{"entityName":"760001","metric":{"type":"TOTAL","count":84,"amount":30717.0}},{"entityName":"751003","metric":{"type":"TOTAL","count":75,"amount":38477.0}}]},"responseTimestamp":1692610973505}