{"success":true,"code":"SUCCESS","data":{"states":null,"districts":[{"entityName":"khordha","metric":{"type":"TOTAL","count":1626,"amount":1331503.0}},{"entityName":"cuttack","metric":{"type":"TOTAL","count":671,"amount":422317.0}},{"entityName":"ganjam","metric":{"type":"TOTAL","count":587,"amount":334882.0}},{"entityName":"sundargarh","metric":{"type":"TOTAL","count":457,"amount":383308.0}},{"entityName":"baleshwar","metric":{"type":"TOTAL","count":347,"amount":222150.0}},{"entityName":"jajapur","metric":{"type":"TOTAL","count":298,"amount":251008.0}},{"entityName":"kendujhar","metric":{"type":"TOTAL","count":294,"amount":283026.0}},{"entityName":"mayurbhanj","metric":{"type":"TOTAL","count":290,"amount":298588.0}},{"entityName":"sambalpur","metric":{"type":"TOTAL","count":285,"amount":209756.0}},{"entityName":"anugul","metric":{"type":"TOTAL","count":282,"amount":195220.0}}],"pincodes":[{"entityName":"751006","metric":{"type":"TOTAL","count":125,"amount":154589.0}},{"entityName":"751019","metric":{"type":"TOTAL","count":122,"amount":84340.0}},{"entityName":"751002","metric":{"type":"TOTAL","count":120,"amount":101170.0}},{"entityName":"753001","metric":{"type":"TOTAL","count":106,"amount":64888.0}},{"entityName":"751024","metric":{"type":"TOTAL","count":93,"amount":90767.0}},{"entityName":"760001","metric":{"type":"TOTAL","count":89,"amount":34202.0}},{"entityName":"751012","metric":{"type":"TOTAL","count":84,"amount":46672.0}},{"entityName":"757001","metric":{"type":"TOTAL","count":80,"amount":90962.0}},{"entityName":"765001","metric":{"type":"TOTAL","count":77,"amount":40212.0}},{"entityName":"751001","metric":{"type":"TOTAL","count":73,"amount":92918.0}}]},"responseTimestamp":1692611025650}