{"success":true,"code":"SUCCESS","data":{"states":null,"districts":[{"entityName":"khordha","metric":{"type":"TOTAL","count":1726,"amount":1334699.0}},{"entityName":"cuttack","metric":{"type":"TOTAL","count":758,"amount":575078.0}},{"entityName":"ganjam","metric":{"type":"TOTAL","count":586,"amount":468221.0}},{"entityName":"sundargarh","metric":{"type":"TOTAL","count":465,"amount":388014.0}},{"entityName":"baleshwar","metric":{"type":"TOTAL","count":378,"amount":261707.0}},{"entityName":"anugul","metric":{"type":"TOTAL","count":353,"amount":308712.0}},{"entityName":"jajapur","metric":{"type":"TOTAL","count":297,"amount":178752.0}},{"entityName":"kendujhar","metric":{"type":"TOTAL","count":274,"amount":221453.0}},{"entityName":"sambalpur","metric":{"type":"TOTAL","count":266,"amount":203664.0}},{"entityName":"puri","metric":{"type":"TOTAL","count":251,"amount":138734.0}}],"pincodes":[{"entityName":"751024","metric":{"type":"TOTAL","count":119,"amount":111789.0}},{"entityName":"751012","metric":{"type":"TOTAL","count":114,"amount":68509.0}},{"entityName":"751002","metric":{"type":"TOTAL","count":112,"amount":51953.0}},{"entityName":"751006","metric":{"type":"TOTAL","count":107,"amount":49291.0}},{"entityName":"751003","metric":{"type":"TOTAL","count":101,"amount":97470.0}},{"entityName":"751010","metric":{"type":"TOTAL","count":96,"amount":58668.0}},{"entityName":"751019","metric":{"type":"TOTAL","count":86,"amount":74217.0}},{"entityName":"760001","metric":{"type":"TOTAL","count":79,"amount":45045.0}},{"entityName":"751001","metric":{"type":"TOTAL","count":74,"amount":45180.0}},{"entityName":"753001","metric":{"type":"TOTAL","count":73,"amount":33918.0}}]},"responseTimestamp":1692611077516}