{"success":true,"code":"SUCCESS","data":{"states":null,"districts":[{"entityName":"west","metric":{"type":"TOTAL","count":2017,"amount":1508820.0}},{"entityName":"south east delhi","metric":{"type":"TOTAL","count":1672,"amount":1129582.0}},{"entityName":"new delhi","metric":{"type":"TOTAL","count":1315,"amount":1007873.0}},{"entityName":"central delhi","metric":{"type":"TOTAL","count":1248,"amount":904623.0}},{"entityName":"north west","metric":{"type":"TOTAL","count":1209,"amount":1039214.0}},{"entityName":"south west","metric":{"type":"TOTAL","count":1122,"amount":955826.0}},{"entityName":"north","metric":{"type":"TOTAL","count":1071,"amount":836840.0}},{"entityName":"south","metric":{"type":"TOTAL","count":876,"amount":689212.0}},{"entityName":"east","metric":{"type":"TOTAL","count":869,"amount":557334.0}},{"entityName":"north east","metric":{"type":"TOTAL","count":724,"amount":557236.0}}],"pincodes":[{"entityName":"110059","metric":{"type":"TOTAL","count":632,"amount":446103.0}},{"entityName":"110092","metric":{"type":"TOTAL","count":402,"amount":261235.0}},{"entityName":"110044","metric":{"type":"TOTAL","count":395,"amount":241775.0}},{"entityName":"110086","metric":{"type":"TOTAL","count":359,"amount":337731.0}},{"entityName":"110042","metric":{"type":"TOTAL","count":340,"amount":278379.0}},{"entityName":"110094","metric":{"type":"TOTAL","count":334,"amount":245282.0}},{"entityName":"110041","metric":{"type":"TOTAL","count":309,"amount":232913.0}},{"entityName":"110043","metric":{"type":"TOTAL","count":295,"amount":235734.0}},{"entityName":"110006","metric":{"type":"TOTAL","count":287,"amount":176150.0}},{"entityName":"110096","metric":{"type":"TOTAL","count":287,"amount":189781.0}}]},"responseTimestamp":1692611000312}