{"success":true,"code":"SUCCESS","data":{"states":null,"districts":[{"entityName":"west","metric":{"type":"TOTAL","count":1965,"amount":1709029.0}},{"entityName":"north","metric":{"type":"TOTAL","count":1715,"amount":1204997.0}},{"entityName":"south east delhi","metric":{"type":"TOTAL","count":1372,"amount":1138461.0}},{"entityName":"south west","metric":{"type":"TOTAL","count":1350,"amount":1213927.0}},{"entityName":"north west","metric":{"type":"TOTAL","count":1241,"amount":1037196.0}},{"entityName":"new delhi","metric":{"type":"TOTAL","count":1214,"amount":1094080.0}},{"entityName":"central delhi","metric":{"type":"TOTAL","count":1169,"amount":912743.0}},{"entityName":"south","metric":{"type":"TOTAL","count":966,"amount":804844.0}},{"entityName":"east","metric":{"type":"TOTAL","count":905,"amount":673239.0}},{"entityName":"north east","metric":{"type":"TOTAL","count":757,"amount":545097.0}}],"pincodes":[{"entityName":"110042","metric":{"type":"TOTAL","count":1036,"amount":537398.0}},{"entityName":"110059","metric":{"type":"TOTAL","count":673,"amount":573763.0}},{"entityName":"110092","metric":{"type":"TOTAL","count":391,"amount":288510.0}},{"entityName":"110086","metric":{"type":"TOTAL","count":381,"amount":302195.0}},{"entityName":"110084","metric":{"type":"TOTAL","count":367,"amount":274710.0}},{"entityName":"110053","metric":{"type":"TOTAL","count":348,"amount":240811.0}},{"entityName":"110043","metric":{"type":"TOTAL","count":346,"amount":316063.0}},{"entityName":"110044","metric":{"type":"TOTAL","count":334,"amount":270505.0}},{"entityName":"110096","metric":{"type":"TOTAL","count":326,"amount":236191.0}},{"entityName":"110041","metric":{"type":"TOTAL","count":324,"amount":255416.0}}]},"responseTimestamp":1692611052690}