{"success":true,"code":"SUCCESS","data":{"states":null,"districts":[{"entityName":"west","metric":{"type":"TOTAL","count":2246,"amount":2081839.0}},{"entityName":"south east delhi","metric":{"type":"TOTAL","count":1983,"amount":1712098.0}},{"entityName":"central delhi","metric":{"type":"TOTAL","count":1922,"amount":1681351.0}},{"entityName":"new delhi","metric":{"type":"TOTAL","count":1614,"amount":1641612.0}},{"entityName":"south west","metric":{"type":"TOTAL","count":1605,"amount":1521438.0}},{"entityName":"north west","metric":{"type":"TOTAL","count":1564,"amount":1354014.0}},{"entityName":"north","metric":{"type":"TOTAL","count":1393,"amount":1225046.0}},{"entityName":"east","metric":{"type":"TOTAL","count":1163,"amount":1050569.0}},{"entityName":"north east","metric":{"type":"TOTAL","count":1095,"amount":880410.0}},{"entityName":"south","metric":{"type":"TOTAL","count":1091,"amount":1054717.0}}],"pincodes":[{"entityName":"110059","metric":{"type":"TOTAL","count":714,"amount":607891.0}},{"entityName":"110084","metric":{"type":"TOTAL","count":611,"amount":417715.0}},{"entityName":"110053","metric":{"type":"TOTAL","count":556,"amount":417908.0}},{"entityName":"110092","metric":{"type":"TOTAL","count":532,"amount":483473.0}},{"entityName":"110086","metric":{"type":"TOTAL","count":523,"amount":383219.0}},{"entityName":"110044","metric":{"type":"TOTAL","count":502,"amount":407754.0}},{"entityName":"110042","metric":{"type":"TOTAL","count":494,"amount":400671.0}},{"entityName":"110041","metric":{"type":"TOTAL","count":440,"amount":405874.0}},{"entityName":"110094","metric":{"type":"TOTAL","count":408,"amount":328622.0}},{"entityName":"110043","metric":{"type":"TOTAL","count":405,"amount":414698.0}}]},"responseTimestamp":1692611104078}