{"success":true,"code":"SUCCESS","data":{"states":null,"districts":[{"entityName":"west","metric":{"type":"TOTAL","count":5047,"amount":5302169.0}},{"entityName":"south east delhi","metric":{"type":"TOTAL","count":3928,"amount":4127616.0}},{"entityName":"north west","metric":{"type":"TOTAL","count":3819,"amount":4201220.0}},{"entityName":"central delhi","metric":{"type":"TOTAL","count":3812,"amount":3661609.0}},{"entityName":"new delhi","metric":{"type":"TOTAL","count":3386,"amount":3883912.0}},{"entityName":"south west","metric":{"type":"TOTAL","count":3041,"amount":3508911.0}},{"entityName":"north","metric":{"type":"TOTAL","count":2825,"amount":3116537.0}},{"entityName":"east","metric":{"type":"TOTAL","count":2256,"amount":2417363.0}},{"entityName":"shahdara","metric":{"type":"TOTAL","count":2078,"amount":2090727.0}},{"entityName":"south","metric":{"type":"TOTAL","count":2057,"amount":2315999.0}}],"pincodes":[{"entityName":"110059","metric":{"type":"TOTAL","count":1509,"amount":1603319.0}},{"entityName":"110086","metric":{"type":"TOTAL","count":1220,"amount":1265728.0}},{"entityName":"110042","metric":{"type":"TOTAL","count":1072,"amount":1032161.0}},{"entityName":"110084","metric":{"type":"TOTAL","count":1036,"amount":830248.0}},{"entityName":"110092","metric":{"type":"TOTAL","count":1022,"amount":1118417.0}},{"entityName":"110041","metric":{"type":"TOTAL","count":1002,"amount":1063461.0}},{"entityName":"110044","metric":{"type":"TOTAL","count":978,"amount":992235.0}},{"entityName":"110053","metric":{"type":"TOTAL","count":917,"amount":832010.0}},{"entityName":"110085","metric":{"type":"TOTAL","count":867,"amount":919771.0}},{"entityName":"110094","metric":{"type":"TOTAL","count":844,"amount":864445.0}}]},"responseTimestamp":1692611155577}