{"success":true,"code":"SUCCESS","data":{"states":null,"districts":[{"entityName":"aizawl","metric":{"type":"TOTAL","count":26,"amount":6121.0}},{"entityName":"lunglei","metric":{"type":"TOTAL","count":3,"amount":744.0}},{"entityName":"saiha","metric":{"type":"TOTAL","count":1,"amount":226.0}},{"entityName":"serchhip","metric":{"type":"TOTAL","count":1,"amount":231.0}}],"pincodes":[{"entityName":"796012","metric":{"type":"TOTAL","count":10,"amount":1951.0}},{"entityName":"796009","metric":{"type":"TOTAL","count":9,"amount":2300.0}},{"entityName":"796005","metric":{"type":"TOTAL","count":5,"amount":1401.0}},{"entityName":"796701","metric":{"type":"TOTAL","count":2,"amount":462.0}},{"entityName":"796571","metric":{"type":"TOTAL","count":1,"amount":282.0}},{"entityName":"796181","metric":{"type":"TOTAL","count":1,"amount":231.0}},{"entityName":"796901","metric":{"type":"TOTAL","count":1,"amount":226.0}},{"entityName":"796014","metric":{"type":"TOTAL","count":1,"amount":231.0}},{"entityName":"796008","metric":{"type":"TOTAL","count":1,"amount":238.0}}]},"responseTimestamp":1692610836382}