{"success":true,"code":"SUCCESS","data":{"states":null,"districts":[{"entityName":"aizawl","metric":{"type":"TOTAL","count":55,"amount":19936.0}},{"entityName":"lawngtlai","metric":{"type":"TOTAL","count":8,"amount":1508.0}},{"entityName":"lunglei","metric":{"type":"TOTAL","count":4,"amount":1261.0}},{"entityName":"serchhip","metric":{"type":"TOTAL","count":2,"amount":783.0}},{"entityName":"mamit","metric":{"type":"TOTAL","count":2,"amount":562.0}},{"entityName":"kolasib","metric":{"type":"TOTAL","count":2,"amount":461.0}},{"entityName":"champhai","metric":{"type":"TOTAL","count":1,"amount":180.0}}],"pincodes":[{"entityName":"796005","metric":{"type":"TOTAL","count":16,"amount":5068.0}},{"entityName":"796009","metric":{"type":"TOTAL","count":15,"amount":6493.0}},{"entityName":"796012","metric":{"type":"TOTAL","count":8,"amount":2881.0}},{"entityName":"796017","metric":{"type":"TOTAL","count":8,"amount":2264.0}},{"entityName":"796008","metric":{"type":"TOTAL","count":6,"amount":3017.0}},{"entityName":"796772","metric":{"type":"TOTAL","count":4,"amount":595.0}},{"entityName":"796701","metric":{"type":"TOTAL","count":4,"amount":1261.0}},{"entityName":"796770","metric":{"type":"TOTAL","count":2,"amount":314.0}},{"entityName":"796891","metric":{"type":"TOTAL","count":2,"amount":599.0}},{"entityName":"796181","metric":{"type":"TOTAL","count":2,"amount":783.0}}]},"responseTimestamp":1692610889258}