{"success":true,"code":"SUCCESS","data":{"states":null,"districts":[{"entityName":"aizawl","metric":{"type":"TOTAL","count":43,"amount":74456.0}},{"entityName":"lawngtlai","metric":{"type":"TOTAL","count":11,"amount":6209.0}},{"entityName":"lunglei","metric":{"type":"TOTAL","count":10,"amount":28125.0}},{"entityName":"kolasib","metric":{"type":"TOTAL","count":10,"amount":4885.0}},{"entityName":"mamit","metric":{"type":"TOTAL","count":5,"amount":3550.0}},{"entityName":"serchhip","metric":{"type":"TOTAL","count":1,"amount":1866.0}},{"entityName":"champhai","metric":{"type":"TOTAL","count":1,"amount":33.0}}],"pincodes":[{"entityName":"796005","metric":{"type":"TOTAL","count":15,"amount":12907.0}},{"entityName":"796009","metric":{"type":"TOTAL","count":11,"amount":39642.0}},{"entityName":"796701","metric":{"type":"TOTAL","count":9,"amount":14992.0}},{"entityName":"796008","metric":{"type":"TOTAL","count":8,"amount":9867.0}},{"entityName":"796012","metric":{"type":"TOTAL","count":7,"amount":10256.0}},{"entityName":"796081","metric":{"type":"TOTAL","count":6,"amount":2657.0}},{"entityName":"796772","metric":{"type":"TOTAL","count":5,"amount":1952.0}},{"entityName":"796101","metric":{"type":"TOTAL","count":4,"amount":2228.0}},{"entityName":"796891","metric":{"type":"TOTAL","count":3,"amount":2790.0}},{"entityName":"796810","metric":{"type":"TOTAL","count":3,"amount":1467.0}}]},"responseTimestamp":1692610940910}