{"success":true,"code":"SUCCESS","data":{"states":null,"districts":[{"entityName":"pune","metric":{"type":"TOTAL","count":17790,"amount":2.4312875E7}},{"entityName":"thane","metric":{"type":"TOTAL","count":14272,"amount":1.6536659E7}},{"entityName":"mumbai suburban","metric":{"type":"TOTAL","count":10457,"amount":1.1756037E7}},{"entityName":"nagpur","metric":{"type":"TOTAL","count":6568,"amount":8328077.0}},{"entityName":"solapur","metric":{"type":"TOTAL","count":4282,"amount":5201915.0}},{"entityName":"mumbai","metric":{"type":"TOTAL","count":4159,"amount":4477237.0}},{"entityName":"nashik","metric":{"type":"TOTAL","count":3412,"amount":5438097.0}},{"entityName":"raigad","metric":{"type":"TOTAL","count":3236,"amount":4805540.0}},{"entityName":"palghar","metric":{"type":"TOTAL","count":3179,"amount":4035103.0}},{"entityName":"aurangabad","metric":{"type":"TOTAL","count":1905,"amount":2477811.0}}],"pincodes":[{"entityName":"421302","metric":{"type":"TOTAL","count":1673,"amount":1688051.0}},{"entityName":"421301","metric":{"type":"TOTAL","count":1149,"amount":1308996.0}},{"entityName":"411033","metric":{"type":"TOTAL","count":1052,"amount":1435905.0}},{"entityName":"413002","metric":{"type":"TOTAL","count":1031,"amount":1149715.0}},{"entityName":"421201","metric":{"type":"TOTAL","count":1026,"amount":1069715.0}},{"entityName":"410206","metric":{"type":"TOTAL","count":959,"amount":1269943.0}},{"entityName":"411057","metric":{"type":"TOTAL","count":875,"amount":1122811.0}},{"entityName":"410501","metric":{"type":"TOTAL","count":838,"amount":966205.0}},{"entityName":"411014","metric":{"type":"TOTAL","count":766,"amount":975979.0}},{"entityName":"412105","metric":{"type":"TOTAL","count":731,"amount":889422.0}}]},"responseTimestamp":1692611166183}