{"success":true,"code":"SUCCESS","data":{"states":null,"districts":[{"entityName":"pune","metric":{"type":"TOTAL","count":18712,"amount":2.4072589E7}},{"entityName":"thane","metric":{"type":"TOTAL","count":12306,"amount":1.4514282E7}},{"entityName":"mumbai suburban","metric":{"type":"TOTAL","count":9944,"amount":1.0743651E7}},{"entityName":"nagpur","metric":{"type":"TOTAL","count":5933,"amount":7435720.0}},{"entityName":"mumbai","metric":{"type":"TOTAL","count":3914,"amount":4071523.0}},{"entityName":"nashik","metric":{"type":"TOTAL","count":3745,"amount":5525097.0}},{"entityName":"raigad","metric":{"type":"TOTAL","count":2914,"amount":4274798.0}},{"entityName":"palghar","metric":{"type":"TOTAL","count":2860,"amount":3354545.0}},{"entityName":"solapur","metric":{"type":"TOTAL","count":1996,"amount":2751216.0}},{"entityName":"kolhapur","metric":{"type":"TOTAL","count":1714,"amount":2813708.0}}],"pincodes":[{"entityName":"421302","metric":{"type":"TOTAL","count":1191,"amount":1281753.0}},{"entityName":"411057","metric":{"type":"TOTAL","count":1059,"amount":1326202.0}},{"entityName":"411014","metric":{"type":"TOTAL","count":986,"amount":1301528.0}},{"entityName":"411033","metric":{"type":"TOTAL","count":973,"amount":1129927.0}},{"entityName":"421201","metric":{"type":"TOTAL","count":899,"amount":1050391.0}},{"entityName":"421301","metric":{"type":"TOTAL","count":843,"amount":1082820.0}},{"entityName":"412105","metric":{"type":"TOTAL","count":800,"amount":970827.0}},{"entityName":"410206","metric":{"type":"TOTAL","count":779,"amount":1042926.0}},{"entityName":"410501","metric":{"type":"TOTAL","count":665,"amount":804304.0}},{"entityName":"401208","metric":{"type":"TOTAL","count":655,"amount":711523.0}}]},"responseTimestamp":1692611217596}