{"success":true,"code":"SUCCESS","data":{"states":null,"districts":[{"entityName":"pune","metric":{"type":"TOTAL","count":19899,"amount":2.482326E7}},{"entityName":"thane","metric":{"type":"TOTAL","count":13402,"amount":1.5693837E7}},{"entityName":"mumbai suburban","metric":{"type":"TOTAL","count":11136,"amount":1.1840245E7}},{"entityName":"nagpur","metric":{"type":"TOTAL","count":6993,"amount":8397314.0}},{"entityName":"mumbai","metric":{"type":"TOTAL","count":4339,"amount":4534700.0}},{"entityName":"nashik","metric":{"type":"TOTAL","count":4029,"amount":5861346.0}},{"entityName":"palghar","metric":{"type":"TOTAL","count":3351,"amount":3849266.0}},{"entityName":"raigad","metric":{"type":"TOTAL","count":3201,"amount":4376980.0}},{"entityName":"solapur","metric":{"type":"TOTAL","count":2464,"amount":3354047.0}},{"entityName":"aurangabad","metric":{"type":"TOTAL","count":2318,"amount":2587715.0}}],"pincodes":[{"entityName":"411057","metric":{"type":"TOTAL","count":1327,"amount":1617600.0}},{"entityName":"421302","metric":{"type":"TOTAL","count":1316,"amount":1390663.0}},{"entityName":"411014","metric":{"type":"TOTAL","count":1037,"amount":1406461.0}},{"entityName":"411033","metric":{"type":"TOTAL","count":1016,"amount":1187091.0}},{"entityName":"421301","metric":{"type":"TOTAL","count":955,"amount":1063117.0}},{"entityName":"410206","metric":{"type":"TOTAL","count":920,"amount":1117204.0}},{"entityName":"410501","metric":{"type":"TOTAL","count":849,"amount":857434.0}},{"entityName":"421201","metric":{"type":"TOTAL","count":840,"amount":957396.0}},{"entityName":"412105","metric":{"type":"TOTAL","count":802,"amount":973297.0}},{"entityName":"401208","metric":{"type":"TOTAL","count":754,"amount":826654.0}}]},"responseTimestamp":1692611269123}