{"success":true,"code":"SUCCESS","data":{"states":null,"districts":[{"entityName":"pune","metric":{"type":"TOTAL","count":27018,"amount":3.8292195E7}},{"entityName":"thane","metric":{"type":"TOTAL","count":20282,"amount":2.4614041E7}},{"entityName":"mumbai suburban","metric":{"type":"TOTAL","count":16192,"amount":1.8884324E7}},{"entityName":"nagpur","metric":{"type":"TOTAL","count":8811,"amount":1.19404E7}},{"entityName":"mumbai","metric":{"type":"TOTAL","count":5857,"amount":6447594.0}},{"entityName":"nashik","metric":{"type":"TOTAL","count":5371,"amount":8785824.0}},{"entityName":"raigad","metric":{"type":"TOTAL","count":5108,"amount":7544340.0}},{"entityName":"palghar","metric":{"type":"TOTAL","count":4574,"amount":5754546.0}},{"entityName":"solapur","metric":{"type":"TOTAL","count":3838,"amount":5560713.0}},{"entityName":"aurangabad","metric":{"type":"TOTAL","count":2830,"amount":4070884.0}}],"pincodes":[{"entityName":"421302","metric":{"type":"TOTAL","count":2085,"amount":2245940.0}},{"entityName":"411057","metric":{"type":"TOTAL","count":1899,"amount":2503539.0}},{"entityName":"411033","metric":{"type":"TOTAL","count":1465,"amount":1948300.0}},{"entityName":"410206","metric":{"type":"TOTAL","count":1396,"amount":1875505.0}},{"entityName":"421301","metric":{"type":"TOTAL","count":1362,"amount":1650860.0}},{"entityName":"421201","metric":{"type":"TOTAL","count":1328,"amount":1563962.0}},{"entityName":"410501","metric":{"type":"TOTAL","count":1306,"amount":1273296.0}},{"entityName":"411014","metric":{"type":"TOTAL","count":1245,"amount":1836630.0}},{"entityName":"401208","metric":{"type":"TOTAL","count":1109,"amount":1294526.0}},{"entityName":"412105","metric":{"type":"TOTAL","count":1002,"amount":1479528.0}}]},"responseTimestamp":1692611321029}