{"success":true,"code":"SUCCESS","data":{"states":null,"districts":[{"entityName":"west","metric":{"type":"TOTAL","count":7237,"amount":1.0552936E7}},{"entityName":"south east delhi","metric":{"type":"TOTAL","count":6809,"amount":9567339.0}},{"entityName":"new delhi","metric":{"type":"TOTAL","count":6087,"amount":9325880.0}},{"entityName":"central delhi","metric":{"type":"TOTAL","count":5322,"amount":7235636.0}},{"entityName":"north west","metric":{"type":"TOTAL","count":4927,"amount":6850074.0}},{"entityName":"south west","metric":{"type":"TOTAL","count":4580,"amount":7322844.0}},{"entityName":"north","metric":{"type":"TOTAL","count":4232,"amount":6202239.0}},{"entityName":"south","metric":{"type":"TOTAL","count":3912,"amount":5652343.0}},{"entityName":"east","metric":{"type":"TOTAL","count":3678,"amount":5392486.0}},{"entityName":"shahdara","metric":{"type":"TOTAL","count":3164,"amount":4217939.0}}],"pincodes":[{"entityName":"110059","metric":{"type":"TOTAL","count":2186,"amount":3264956.0}},{"entityName":"110092","metric":{"type":"TOTAL","count":1716,"amount":2379116.0}},{"entityName":"110044","metric":{"type":"TOTAL","count":1553,"amount":2116182.0}},{"entityName":"110086","metric":{"type":"TOTAL","count":1457,"amount":1834903.0}},{"entityName":"110041","metric":{"type":"TOTAL","count":1428,"amount":1979240.0}},{"entityName":"110094","metric":{"type":"TOTAL","count":1379,"amount":1698267.0}},{"entityName":"110053","metric":{"type":"TOTAL","count":1324,"amount":1630415.0}},{"entityName":"110043","metric":{"type":"TOTAL","count":1311,"amount":1978352.0}},{"entityName":"110042","metric":{"type":"TOTAL","count":1251,"amount":1711153.0}},{"entityName":"110085","metric":{"type":"TOTAL","count":1206,"amount":1936596.0}}]},"responseTimestamp":1714727773340}