{"success":true,"code":"SUCCESS","data":{"states":null,"districts":[{"entityName":"west","metric":{"type":"TOTAL","count":6150,"amount":9059574.0}},{"entityName":"south east delhi","metric":{"type":"TOTAL","count":5596,"amount":7983727.0}},{"entityName":"new delhi","metric":{"type":"TOTAL","count":5492,"amount":8550323.0}},{"entityName":"central delhi","metric":{"type":"TOTAL","count":4851,"amount":6879526.0}},{"entityName":"north west","metric":{"type":"TOTAL","count":4453,"amount":6426847.0}},{"entityName":"south west","metric":{"type":"TOTAL","count":4190,"amount":6424789.0}},{"entityName":"north","metric":{"type":"TOTAL","count":3690,"amount":5569856.0}},{"entityName":"south","metric":{"type":"TOTAL","count":3472,"amount":5238461.0}},{"entityName":"east","metric":{"type":"TOTAL","count":3209,"amount":4765406.0}},{"entityName":"shahdara","metric":{"type":"TOTAL","count":2603,"amount":3899405.0}}],"pincodes":[{"entityName":"110059","metric":{"type":"TOTAL","count":1894,"amount":2783459.0}},{"entityName":"110092","metric":{"type":"TOTAL","count":1415,"amount":2078942.0}},{"entityName":"110086","metric":{"type":"TOTAL","count":1350,"amount":1820578.0}},{"entityName":"110044","metric":{"type":"TOTAL","count":1293,"amount":1663990.0}},{"entityName":"110041","metric":{"type":"TOTAL","count":1175,"amount":1614578.0}},{"entityName":"110042","metric":{"type":"TOTAL","count":1126,"amount":1600511.0}},{"entityName":"110053","metric":{"type":"TOTAL","count":1118,"amount":1449669.0}},{"entityName":"110006","metric":{"type":"TOTAL","count":1115,"amount":1473676.0}},{"entityName":"110043","metric":{"type":"TOTAL","count":1111,"amount":1825163.0}},{"entityName":"110085","metric":{"type":"TOTAL","count":1090,"amount":1774130.0}}]},"responseTimestamp":1722517905956}