{"success":true,"code":"SUCCESS","data":{"states":null,"districts":[{"entityName":"west","metric":{"type":"TOTAL","count":6568,"amount":9409580.0}},{"entityName":"south east","metric":{"type":"TOTAL","count":6501,"amount":9122525.0}},{"entityName":"new delhi","metric":{"type":"TOTAL","count":6055,"amount":9251030.0}},{"entityName":"central delhi","metric":{"type":"TOTAL","count":4735,"amount":6449913.0}},{"entityName":"north west","metric":{"type":"TOTAL","count":4631,"amount":7025475.0}},{"entityName":"south west","metric":{"type":"TOTAL","count":4576,"amount":7288608.0}},{"entityName":"north","metric":{"type":"TOTAL","count":3784,"amount":5621466.0}},{"entityName":"south","metric":{"type":"TOTAL","count":3762,"amount":5506223.0}},{"entityName":"east","metric":{"type":"TOTAL","count":3177,"amount":4212716.0}},{"entityName":"shahdara","metric":{"type":"TOTAL","count":2721,"amount":3718115.0}}],"pincodes":[{"entityName":"110059","metric":{"type":"TOTAL","count":1997,"amount":2779253.0}},{"entityName":"110092","metric":{"type":"TOTAL","count":1661,"amount":2181955.0}},{"entityName":"110044","metric":{"type":"TOTAL","count":1545,"amount":1929193.0}},{"entityName":"110094","metric":{"type":"TOTAL","count":1498,"amount":1893888.0}},{"entityName":"110086","metric":{"type":"TOTAL","count":1356,"amount":1850665.0}},{"entityName":"110043","metric":{"type":"TOTAL","count":1232,"amount":1958211.0}},{"entityName":"110041","metric":{"type":"TOTAL","count":1212,"amount":1593328.0}},{"entityName":"110085","metric":{"type":"TOTAL","count":1199,"amount":2114775.0}},{"entityName":"110084","metric":{"type":"TOTAL","count":1130,"amount":1344641.0}},{"entityName":"110037","metric":{"type":"TOTAL","count":1103,"amount":1782688.0}}]},"responseTimestamp":1739974431373}