{"success":true,"code":"SUCCESS","data":{"states":null,"districts":[{"entityName":"west","metric":{"type":"TOTAL","count":9538,"amount":1.3105331E7}},{"entityName":"south east","metric":{"type":"TOTAL","count":8789,"amount":1.1891728E7}},{"entityName":"new delhi","metric":{"type":"TOTAL","count":7568,"amount":1.1475253E7}},{"entityName":"central delhi","metric":{"type":"TOTAL","count":7265,"amount":9684280.0}},{"entityName":"north west","metric":{"type":"TOTAL","count":6893,"amount":9461832.0}},{"entityName":"south west","metric":{"type":"TOTAL","count":5921,"amount":8998337.0}},{"entityName":"north","metric":{"type":"TOTAL","count":5386,"amount":7334682.0}},{"entityName":"south","metric":{"type":"TOTAL","count":4916,"amount":6929468.0}},{"entityName":"east","metric":{"type":"TOTAL","count":4096,"amount":5612454.0}},{"entityName":"north east","metric":{"type":"TOTAL","count":3839,"amount":4765826.0}}],"pincodes":[{"entityName":"110059","metric":{"type":"TOTAL","count":2785,"amount":3658733.0}},{"entityName":"110092","metric":{"type":"TOTAL","count":2110,"amount":2884526.0}},{"entityName":"110044","metric":{"type":"TOTAL","count":2103,"amount":2671177.0}},{"entityName":"110086","metric":{"type":"TOTAL","count":2071,"amount":2533106.0}},{"entityName":"110094","metric":{"type":"TOTAL","count":2049,"amount":2591430.0}},{"entityName":"110041","metric":{"type":"TOTAL","count":1766,"amount":2371739.0}},{"entityName":"110084","metric":{"type":"TOTAL","count":1665,"amount":2287006.0}},{"entityName":"110043","metric":{"type":"TOTAL","count":1635,"amount":2579635.0}},{"entityName":"110085","metric":{"type":"TOTAL","count":1600,"amount":2406049.0}},{"entityName":"110042","metric":{"type":"TOTAL","count":1551,"amount":1933279.0}}]},"responseTimestamp":1739974653602}