{"success":true,"code":"SUCCESS","data":{"states":null,"districts":[{"entityName":"lakshadweep","metric":{"type":"TOTAL","count":15,"amount":38384.0}}],"pincodes":[{"entityName":"682555","metric":{"type":"TOTAL","count":9,"amount":20879.0}},{"entityName":"682551","metric":{"type":"TOTAL","count":2,"amount":3888.0}},{"entityName":"682559","metric":{"type":"TOTAL","count":2,"amount":6203.0}},{"entityName":"682556","metric":{"type":"TOTAL","count":1,"amount":1628.0}},{"entityName":"682557","metric":{"type":"TOTAL","count":1,"amount":5786.0}}]},"responseTimestamp":1692619346918}