{"success":true,"code":"SUCCESS","data":{"states":null,"districts":[{"entityName":"lakshadweep","metric":{"type":"TOTAL","count":53,"amount":78346.0}}],"pincodes":[{"entityName":"682555","metric":{"type":"TOTAL","count":36,"amount":34964.0}},{"entityName":"682552","metric":{"type":"TOTAL","count":8,"amount":19542.0}},{"entityName":"682559","metric":{"type":"TOTAL","count":5,"amount":14379.0}},{"entityName":"682551","metric":{"type":"TOTAL","count":2,"amount":4743.0}},{"entityName":"682556","metric":{"type":"TOTAL","count":1,"amount":3518.0}},{"entityName":"682557","metric":{"type":"TOTAL","count":1,"amount":1200.0}}]},"responseTimestamp":1706092838829}