{"success":true,"code":"SUCCESS","data":{"states":null,"districts":[{"entityName":"south andaman","metric":{"type":"TOTAL","count":872,"amount":1172083.0}},{"entityName":"north and middle andaman","metric":{"type":"TOTAL","count":85,"amount":178969.0}},{"entityName":"nicobars","metric":{"type":"TOTAL","count":47,"amount":88146.0}}],"pincodes":[{"entityName":"744103","metric":{"type":"TOTAL","count":236,"amount":286594.0}},{"entityName":"744101","metric":{"type":"TOTAL","count":206,"amount":233281.0}},{"entityName":"744105","metric":{"type":"TOTAL","count":164,"amount":256300.0}},{"entityName":"744102","metric":{"type":"TOTAL","count":117,"amount":134841.0}},{"entityName":"744107","metric":{"type":"TOTAL","count":30,"amount":54849.0}},{"entityName":"744301","metric":{"type":"TOTAL","count":30,"amount":58745.0}},{"entityName":"744112","metric":{"type":"TOTAL","count":29,"amount":49945.0}},{"entityName":"744202","metric":{"type":"TOTAL","count":29,"amount":64193.0}},{"entityName":"744205","metric":{"type":"TOTAL","count":27,"amount":40580.0}},{"entityName":"744211","metric":{"type":"TOTAL","count":24,"amount":29149.0}}]},"responseTimestamp":1692619172242}