{"success":true,"code":"SUCCESS","data":{"states":null,"districts":[{"entityName":"south andaman","metric":{"type":"TOTAL","count":670,"amount":1060976.0}},{"entityName":"north and middle andaman","metric":{"type":"TOTAL","count":56,"amount":109742.0}},{"entityName":"nicobars","metric":{"type":"TOTAL","count":42,"amount":62677.0}}],"pincodes":[{"entityName":"744103","metric":{"type":"TOTAL","count":171,"amount":341853.0}},{"entityName":"744105","metric":{"type":"TOTAL","count":166,"amount":255069.0}},{"entityName":"744101","metric":{"type":"TOTAL","count":134,"amount":189989.0}},{"entityName":"744102","metric":{"type":"TOTAL","count":82,"amount":101875.0}},{"entityName":"744104","metric":{"type":"TOTAL","count":27,"amount":34345.0}},{"entityName":"744301","metric":{"type":"TOTAL","count":25,"amount":41299.0}},{"entityName":"744207","metric":{"type":"TOTAL","count":22,"amount":43459.0}},{"entityName":"744112","metric":{"type":"TOTAL","count":21,"amount":20427.0}},{"entityName":"744107","metric":{"type":"TOTAL","count":20,"amount":24693.0}},{"entityName":"744205","metric":{"type":"TOTAL","count":17,"amount":31404.0}}]},"responseTimestamp":1692619353956}