{"success":true,"code":"SUCCESS","data":{"states":null,"districts":[{"entityName":"south andaman","metric":{"type":"TOTAL","count":682,"amount":1052324.0}},{"entityName":"north and middle andaman","metric":{"type":"TOTAL","count":77,"amount":133536.0}},{"entityName":"nicobars","metric":{"type":"TOTAL","count":36,"amount":65285.0}}],"pincodes":[{"entityName":"744103","metric":{"type":"TOTAL","count":191,"amount":306744.0}},{"entityName":"744105","metric":{"type":"TOTAL","count":147,"amount":212575.0}},{"entityName":"744101","metric":{"type":"TOTAL","count":143,"amount":213581.0}},{"entityName":"744102","metric":{"type":"TOTAL","count":100,"amount":120875.0}},{"entityName":"744202","metric":{"type":"TOTAL","count":35,"amount":60750.0}},{"entityName":"744104","metric":{"type":"TOTAL","count":30,"amount":50544.0}},{"entityName":"744112","metric":{"type":"TOTAL","count":26,"amount":46075.0}},{"entityName":"744301","metric":{"type":"TOTAL","count":18,"amount":34636.0}},{"entityName":"744205","metric":{"type":"TOTAL","count":16,"amount":25131.0}},{"entityName":"744302","metric":{"type":"TOTAL","count":16,"amount":24369.0}}]},"responseTimestamp":1697612192424}