{"success":true,"code":"SUCCESS","data":{"states":null,"districts":[{"entityName":"south andaman","metric":{"type":"TOTAL","count":1006,"amount":1504528.0}},{"entityName":"north and middle andaman","metric":{"type":"TOTAL","count":95,"amount":156995.0}},{"entityName":"nicobars","metric":{"type":"TOTAL","count":44,"amount":96298.0}}],"pincodes":[{"entityName":"744103","metric":{"type":"TOTAL","count":268,"amount":415144.0}},{"entityName":"744105","metric":{"type":"TOTAL","count":214,"amount":372312.0}},{"entityName":"744101","metric":{"type":"TOTAL","count":181,"amount":241849.0}},{"entityName":"744102","metric":{"type":"TOTAL","count":121,"amount":161224.0}},{"entityName":"744104","metric":{"type":"TOTAL","count":64,"amount":80581.0}},{"entityName":"744112","metric":{"type":"TOTAL","count":50,"amount":50671.0}},{"entityName":"744107","metric":{"type":"TOTAL","count":42,"amount":71047.0}},{"entityName":"744202","metric":{"type":"TOTAL","count":36,"amount":60749.0}},{"entityName":"744301","metric":{"type":"TOTAL","count":24,"amount":52732.0}},{"entityName":"744205","metric":{"type":"TOTAL","count":23,"amount":38962.0}}]},"responseTimestamp":1706092848238}