{"success":true,"code":"SUCCESS","data":{"states":null,"districts":[{"entityName":"kangra","metric":{"type":"TOTAL","count":1303,"amount":2449390.0}},{"entityName":"solan","metric":{"type":"TOTAL","count":1127,"amount":1883899.0}},{"entityName":"sirmaur","metric":{"type":"TOTAL","count":519,"amount":923526.0}},{"entityName":"hamirpur","metric":{"type":"TOTAL","count":451,"amount":869363.0}},{"entityName":"shimla","metric":{"type":"TOTAL","count":405,"amount":923693.0}},{"entityName":"mandi","metric":{"type":"TOTAL","count":404,"amount":937473.0}},{"entityName":"una","metric":{"type":"TOTAL","count":371,"amount":817480.0}},{"entityName":"chamba","metric":{"type":"TOTAL","count":340,"amount":559835.0}},{"entityName":"kullu","metric":{"type":"TOTAL","count":270,"amount":545030.0}},{"entityName":"bilaspur","metric":{"type":"TOTAL","count":195,"amount":429266.0}}],"pincodes":[{"entityName":"173205","metric":{"type":"TOTAL","count":475,"amount":648229.0}},{"entityName":"174101","metric":{"type":"TOTAL","count":241,"amount":405555.0}},{"entityName":"173025","metric":{"type":"TOTAL","count":234,"amount":404598.0}},{"entityName":"176061","metric":{"type":"TOTAL","count":114,"amount":211009.0}},{"entityName":"176001","metric":{"type":"TOTAL","count":90,"amount":153019.0}},{"entityName":"176310","metric":{"type":"TOTAL","count":85,"amount":119192.0}},{"entityName":"173212","metric":{"type":"TOTAL","count":72,"amount":150527.0}},{"entityName":"173030","metric":{"type":"TOTAL","count":72,"amount":97387.0}},{"entityName":"175131","metric":{"type":"TOTAL","count":72,"amount":143700.0}},{"entityName":"174303","metric":{"type":"TOTAL","count":71,"amount":155628.0}}]},"responseTimestamp":1714727756680}