{"success":true,"code":"SUCCESS","data":{"states":null,"districts":[{"entityName":"kangra","metric":{"type":"TOTAL","count":1292,"amount":2408760.0}},{"entityName":"solan","metric":{"type":"TOTAL","count":1001,"amount":1677733.0}},{"entityName":"shimla","metric":{"type":"TOTAL","count":444,"amount":1032380.0}},{"entityName":"mandi","metric":{"type":"TOTAL","count":438,"amount":921989.0}},{"entityName":"hamirpur","metric":{"type":"TOTAL","count":416,"amount":777099.0}},{"entityName":"sirmaur","metric":{"type":"TOTAL","count":397,"amount":804090.0}},{"entityName":"chamba","metric":{"type":"TOTAL","count":330,"amount":535510.0}},{"entityName":"una","metric":{"type":"TOTAL","count":325,"amount":624562.0}},{"entityName":"kullu","metric":{"type":"TOTAL","count":272,"amount":548077.0}},{"entityName":"bilaspur","metric":{"type":"TOTAL","count":204,"amount":454795.0}}],"pincodes":[{"entityName":"173205","metric":{"type":"TOTAL","count":431,"amount":524663.0}},{"entityName":"174101","metric":{"type":"TOTAL","count":203,"amount":335937.0}},{"entityName":"173025","metric":{"type":"TOTAL","count":153,"amount":283427.0}},{"entityName":"176310","metric":{"type":"TOTAL","count":99,"amount":166669.0}},{"entityName":"176001","metric":{"type":"TOTAL","count":98,"amount":144896.0}},{"entityName":"176061","metric":{"type":"TOTAL","count":93,"amount":179434.0}},{"entityName":"175131","metric":{"type":"TOTAL","count":85,"amount":209709.0}},{"entityName":"173212","metric":{"type":"TOTAL","count":77,"amount":146601.0}},{"entityName":"173030","metric":{"type":"TOTAL","count":70,"amount":88250.0}},{"entityName":"173001","metric":{"type":"TOTAL","count":65,"amount":157122.0}}]},"responseTimestamp":1722517887220}