{"success":true,"code":"SUCCESS","data":{"states":null,"districts":[{"entityName":"kangra","metric":{"type":"TOTAL","count":1280,"amount":2577841.0}},{"entityName":"solan","metric":{"type":"TOTAL","count":1024,"amount":1885481.0}},{"entityName":"hamirpur","metric":{"type":"TOTAL","count":495,"amount":920841.0}},{"entityName":"mandi","metric":{"type":"TOTAL","count":469,"amount":988997.0}},{"entityName":"sirmaur","metric":{"type":"TOTAL","count":464,"amount":790427.0}},{"entityName":"shimla","metric":{"type":"TOTAL","count":402,"amount":999227.0}},{"entityName":"una","metric":{"type":"TOTAL","count":367,"amount":763355.0}},{"entityName":"chamba","metric":{"type":"TOTAL","count":294,"amount":538361.0}},{"entityName":"kullu","metric":{"type":"TOTAL","count":210,"amount":500823.0}},{"entityName":"bilaspur","metric":{"type":"TOTAL","count":186,"amount":409446.0}}],"pincodes":[{"entityName":"173205","metric":{"type":"TOTAL","count":389,"amount":587410.0}},{"entityName":"174101","metric":{"type":"TOTAL","count":244,"amount":432025.0}},{"entityName":"173025","metric":{"type":"TOTAL","count":203,"amount":341090.0}},{"entityName":"176061","metric":{"type":"TOTAL","count":108,"amount":209835.0}},{"entityName":"173030","metric":{"type":"TOTAL","count":94,"amount":150135.0}},{"entityName":"177001","metric":{"type":"TOTAL","count":90,"amount":155610.0}},{"entityName":"175001","metric":{"type":"TOTAL","count":78,"amount":129475.0}},{"entityName":"176001","metric":{"type":"TOTAL","count":72,"amount":134790.0}},{"entityName":"173001","metric":{"type":"TOTAL","count":71,"amount":100566.0}},{"entityName":"174303","metric":{"type":"TOTAL","count":70,"amount":139428.0}}]},"responseTimestamp":1739974412979}