{"success":true,"code":"SUCCESS","data":{"states":null,"districts":[{"entityName":"kangra","metric":{"type":"TOTAL","count":1686,"amount":3420558.0}},{"entityName":"solan","metric":{"type":"TOTAL","count":1311,"amount":2240286.0}},{"entityName":"hamirpur","metric":{"type":"TOTAL","count":620,"amount":1310194.0}},{"entityName":"shimla","metric":{"type":"TOTAL","count":569,"amount":1416469.0}},{"entityName":"mandi","metric":{"type":"TOTAL","count":521,"amount":1111164.0}},{"entityName":"una","metric":{"type":"TOTAL","count":505,"amount":1250921.0}},{"entityName":"sirmaur","metric":{"type":"TOTAL","count":488,"amount":1033480.0}},{"entityName":"chamba","metric":{"type":"TOTAL","count":377,"amount":761585.0}},{"entityName":"bilaspur","metric":{"type":"TOTAL","count":267,"amount":662116.0}},{"entityName":"kullu","metric":{"type":"TOTAL","count":257,"amount":558743.0}}],"pincodes":[{"entityName":"173205","metric":{"type":"TOTAL","count":529,"amount":755249.0}},{"entityName":"174101","metric":{"type":"TOTAL","count":288,"amount":459214.0}},{"entityName":"173025","metric":{"type":"TOTAL","count":211,"amount":428600.0}},{"entityName":"174303","metric":{"type":"TOTAL","count":118,"amount":217622.0}},{"entityName":"177001","metric":{"type":"TOTAL","count":110,"amount":280629.0}},{"entityName":"176001","metric":{"type":"TOTAL","count":102,"amount":184250.0}},{"entityName":"175131","metric":{"type":"TOTAL","count":92,"amount":165164.0}},{"entityName":"176061","metric":{"type":"TOTAL","count":90,"amount":184399.0}},{"entityName":"176310","metric":{"type":"TOTAL","count":88,"amount":166694.0}},{"entityName":"174103","metric":{"type":"TOTAL","count":85,"amount":151458.0}}]},"responseTimestamp":1739974634905}