{"success":true,"code":"SUCCESS","data":{"states":null,"districts":[{"entityName":"chandigarh","metric":{"type":"TOTAL","count":1730,"amount":3143984.0}}],"pincodes":[{"entityName":"160101","metric":{"type":"TOTAL","count":252,"amount":441749.0}},{"entityName":"160002","metric":{"type":"TOTAL","count":222,"amount":355398.0}},{"entityName":"160047","metric":{"type":"TOTAL","count":180,"amount":402149.0}},{"entityName":"160036","metric":{"type":"TOTAL","count":166,"amount":289727.0}},{"entityName":"160014","metric":{"type":"TOTAL","count":110,"amount":162345.0}},{"entityName":"160022","metric":{"type":"TOTAL","count":104,"amount":213708.0}},{"entityName":"160003","metric":{"type":"TOTAL","count":93,"amount":126741.0}},{"entityName":"160030","metric":{"type":"TOTAL","count":74,"amount":112673.0}},{"entityName":"160015","metric":{"type":"TOTAL","count":68,"amount":155186.0}},{"entityName":"160019","metric":{"type":"TOTAL","count":61,"amount":135086.0}}]},"responseTimestamp":1714727750397}