{"success":true,"code":"SUCCESS","data":{"states":null,"districts":[{"entityName":"chandigarh","metric":{"type":"TOTAL","count":1798,"amount":3177315.0}}],"pincodes":[{"entityName":"160101","metric":{"type":"TOTAL","count":251,"amount":383991.0}},{"entityName":"160002","metric":{"type":"TOTAL","count":205,"amount":365016.0}},{"entityName":"160036","metric":{"type":"TOTAL","count":177,"amount":281469.0}},{"entityName":"160047","metric":{"type":"TOTAL","count":168,"amount":296125.0}},{"entityName":"160022","metric":{"type":"TOTAL","count":132,"amount":310916.0}},{"entityName":"160030","metric":{"type":"TOTAL","count":98,"amount":230555.0}},{"entityName":"160014","metric":{"type":"TOTAL","count":94,"amount":135454.0}},{"entityName":"160003","metric":{"type":"TOTAL","count":93,"amount":177676.0}},{"entityName":"160020","metric":{"type":"TOTAL","count":77,"amount":134588.0}},{"entityName":"160019","metric":{"type":"TOTAL","count":67,"amount":115306.0}}]},"responseTimestamp":1722517880559}