{"success":true,"code":"SUCCESS","data":{"states":null,"districts":[{"entityName":"chandigarh","metric":{"type":"TOTAL","count":1991,"amount":3445738.0}}],"pincodes":[{"entityName":"160101","metric":{"type":"TOTAL","count":272,"amount":433778.0}},{"entityName":"160002","metric":{"type":"TOTAL","count":257,"amount":401173.0}},{"entityName":"160047","metric":{"type":"TOTAL","count":204,"amount":368947.0}},{"entityName":"160036","metric":{"type":"TOTAL","count":190,"amount":353800.0}},{"entityName":"160022","metric":{"type":"TOTAL","count":132,"amount":234384.0}},{"entityName":"160019","metric":{"type":"TOTAL","count":93,"amount":160912.0}},{"entityName":"160014","metric":{"type":"TOTAL","count":92,"amount":120308.0}},{"entityName":"160001","metric":{"type":"TOTAL","count":87,"amount":139247.0}},{"entityName":"160015","metric":{"type":"TOTAL","count":82,"amount":159940.0}},{"entityName":"160030","metric":{"type":"TOTAL","count":81,"amount":149501.0}}]},"responseTimestamp":1739974406142}