{"success":true,"code":"SUCCESS","data":{"states":null,"districts":[{"entityName":"chandigarh","metric":{"type":"TOTAL","count":2095,"amount":3729932.0}}],"pincodes":[{"entityName":"160101","metric":{"type":"TOTAL","count":335,"amount":600148.0}},{"entityName":"160002","metric":{"type":"TOTAL","count":281,"amount":413943.0}},{"entityName":"160036","metric":{"type":"TOTAL","count":224,"amount":368493.0}},{"entityName":"160047","metric":{"type":"TOTAL","count":185,"amount":371116.0}},{"entityName":"160014","metric":{"type":"TOTAL","count":136,"amount":212622.0}},{"entityName":"160022","metric":{"type":"TOTAL","count":125,"amount":212298.0}},{"entityName":"160001","metric":{"type":"TOTAL","count":91,"amount":227186.0}},{"entityName":"160019","metric":{"type":"TOTAL","count":83,"amount":130585.0}},{"entityName":"160003","metric":{"type":"TOTAL","count":77,"amount":152055.0}},{"entityName":"160020","metric":{"type":"TOTAL","count":76,"amount":130782.0}}]},"responseTimestamp":1739974628010}