{"success":true,"code":"SUCCESS","data":{"states":null,"districts":[{"entityName":"kamrup metropolitan","metric":{"type":"TOTAL","count":388,"amount":73071.0}},{"entityName":"nagaon","metric":{"type":"TOTAL","count":52,"amount":11413.0}},{"entityName":"sonitpur","metric":{"type":"TOTAL","count":46,"amount":10879.0}},{"entityName":"tinsukia","metric":{"type":"TOTAL","count":41,"amount":8863.0}},{"entityName":"dibrugarh","metric":{"type":"TOTAL","count":40,"amount":8918.0}},{"entityName":"lakhimpur","metric":{"type":"TOTAL","count":34,"amount":7772.0}},{"entityName":"cachar","metric":{"type":"TOTAL","count":31,"amount":6886.0}},{"entityName":"bongaigaon","metric":{"type":"TOTAL","count":30,"amount":6850.0}},{"entityName":"karimganj","metric":{"type":"TOTAL","count":27,"amount":6710.0}},{"entityName":"golaghat","metric":{"type":"TOTAL","count":25,"amount":5694.0}}],"pincodes":[{"entityName":"781022","metric":{"type":"TOTAL","count":36,"amount":6530.0}},{"entityName":"781038","metric":{"type":"TOTAL","count":36,"amount":6424.0}},{"entityName":"781032","metric":{"type":"TOTAL","count":30,"amount":5864.0}},{"entityName":"781006","metric":{"type":"TOTAL","count":23,"amount":3630.0}},{"entityName":"781018","metric":{"type":"TOTAL","count":20,"amount":3512.0}},{"entityName":"781001","metric":{"type":"TOTAL","count":20,"amount":3646.0}},{"entityName":"781005","metric":{"type":"TOTAL","count":19,"amount":3763.0}},{"entityName":"783380","metric":{"type":"TOTAL","count":17,"amount":3851.0}},{"entityName":"781019","metric":{"type":"TOTAL","count":17,"amount":2587.0}},{"entityName":"786171","metric":{"type":"TOTAL","count":16,"amount":2911.0}}]},"responseTimestamp":1692610815913}