{"success":true,"code":"SUCCESS","data":{"states":null,"districts":[{"entityName":"kamrup metropolitan","metric":{"type":"TOTAL","count":698,"amount":186125.0}},{"entityName":"nagaon","metric":{"type":"TOTAL","count":111,"amount":29094.0}},{"entityName":"kamrup","metric":{"type":"TOTAL","count":100,"amount":27927.0}},{"entityName":"cachar","metric":{"type":"TOTAL","count":98,"amount":28618.0}},{"entityName":"barpeta","metric":{"type":"TOTAL","count":98,"amount":22486.0}},{"entityName":"dibrugarh","metric":{"type":"TOTAL","count":95,"amount":28716.0}},{"entityName":"sonitpur","metric":{"type":"TOTAL","count":88,"amount":26070.0}},{"entityName":"tinsukia","metric":{"type":"TOTAL","count":82,"amount":25873.0}},{"entityName":"bongaigaon","metric":{"type":"TOTAL","count":72,"amount":20029.0}},{"entityName":"jorhat","metric":{"type":"TOTAL","count":62,"amount":19518.0}}],"pincodes":[{"entityName":"781032","metric":{"type":"TOTAL","count":84,"amount":19733.0}},{"entityName":"781022","metric":{"type":"TOTAL","count":44,"amount":13672.0}},{"entityName":"781001","metric":{"type":"TOTAL","count":42,"amount":11968.0}},{"entityName":"781005","metric":{"type":"TOTAL","count":41,"amount":10227.0}},{"entityName":"781038","metric":{"type":"TOTAL","count":41,"amount":11250.0}},{"entityName":"783380","metric":{"type":"TOTAL","count":40,"amount":11182.0}},{"entityName":"781007","metric":{"type":"TOTAL","count":38,"amount":13564.0}},{"entityName":"781028","metric":{"type":"TOTAL","count":34,"amount":7155.0}},{"entityName":"781020","metric":{"type":"TOTAL","count":33,"amount":8122.0}},{"entityName":"781018","metric":{"type":"TOTAL","count":29,"amount":8620.0}}]},"responseTimestamp":1692610867386}