{"success":true,"code":"SUCCESS","data":{"states":null,"districts":[{"entityName":"kamrup metropolitan","metric":{"type":"TOTAL","count":626,"amount":534531.0}},{"entityName":"nagaon","metric":{"type":"TOTAL","count":147,"amount":104375.0}},{"entityName":"barpeta","metric":{"type":"TOTAL","count":121,"amount":89658.0}},{"entityName":"tinsukia","metric":{"type":"TOTAL","count":121,"amount":110036.0}},{"entityName":"kamrup","metric":{"type":"TOTAL","count":110,"amount":73472.0}},{"entityName":"sonitpur","metric":{"type":"TOTAL","count":101,"amount":76365.0}},{"entityName":"dibrugarh","metric":{"type":"TOTAL","count":97,"amount":85549.0}},{"entityName":"cachar","metric":{"type":"TOTAL","count":91,"amount":63874.0}},{"entityName":"jorhat","metric":{"type":"TOTAL","count":82,"amount":61112.0}},{"entityName":"bongaigaon","metric":{"type":"TOTAL","count":69,"amount":45817.0}}],"pincodes":[{"entityName":"781032","metric":{"type":"TOTAL","count":57,"amount":43429.0}},{"entityName":"781022","metric":{"type":"TOTAL","count":55,"amount":38700.0}},{"entityName":"781011","metric":{"type":"TOTAL","count":32,"amount":14866.0}},{"entityName":"781007","metric":{"type":"TOTAL","count":30,"amount":37778.0}},{"entityName":"781028","metric":{"type":"TOTAL","count":27,"amount":33443.0}},{"entityName":"783380","metric":{"type":"TOTAL","count":27,"amount":16998.0}},{"entityName":"781019","metric":{"type":"TOTAL","count":27,"amount":33793.0}},{"entityName":"781038","metric":{"type":"TOTAL","count":26,"amount":17089.0}},{"entityName":"782002","metric":{"type":"TOTAL","count":26,"amount":9959.0}},{"entityName":"781012","metric":{"type":"TOTAL","count":25,"amount":16120.0}}]},"responseTimestamp":1692610920275}