{"success":true,"code":"SUCCESS","data":{"states":null,"districts":[{"entityName":"visakhapatnam","metric":{"type":"TOTAL","count":6752,"amount":9502319.0}},{"entityName":"krishna","metric":{"type":"TOTAL","count":4693,"amount":6275818.0}},{"entityName":"east godavari","metric":{"type":"TOTAL","count":4069,"amount":5915626.0}},{"entityName":"guntur","metric":{"type":"TOTAL","count":3542,"amount":4957590.0}},{"entityName":"chittoor","metric":{"type":"TOTAL","count":3284,"amount":5677174.0}},{"entityName":"spsr nellore","metric":{"type":"TOTAL","count":2461,"amount":3621734.0}},{"entityName":"west godavari","metric":{"type":"TOTAL","count":2196,"amount":3370241.0}},{"entityName":"anantapur","metric":{"type":"TOTAL","count":1565,"amount":2882540.0}},{"entityName":"ysr","metric":{"type":"TOTAL","count":1509,"amount":2235497.0}},{"entityName":"prakasam","metric":{"type":"TOTAL","count":1437,"amount":2188369.0}}],"pincodes":[{"entityName":"517507","metric":{"type":"TOTAL","count":468,"amount":848915.0}},{"entityName":"530016","metric":{"type":"TOTAL","count":463,"amount":635433.0}},{"entityName":"517501","metric":{"type":"TOTAL","count":456,"amount":788976.0}},{"entityName":"520011","metric":{"type":"TOTAL","count":407,"amount":518326.0}},{"entityName":"516001","metric":{"type":"TOTAL","count":396,"amount":538812.0}},{"entityName":"524002","metric":{"type":"TOTAL","count":383,"amount":483768.0}},{"entityName":"520010","metric":{"type":"TOTAL","count":377,"amount":446022.0}},{"entityName":"530026","metric":{"type":"TOTAL","count":367,"amount":455958.0}},{"entityName":"520012","metric":{"type":"TOTAL","count":353,"amount":481246.0}},{"entityName":"520007","metric":{"type":"TOTAL","count":345,"amount":417747.0}}]},"responseTimestamp":1692619164255}