{"success":true,"code":"SUCCESS","data":{"states":null,"districts":[{"entityName":"visakhapatnam","metric":{"type":"TOTAL","count":7000,"amount":8910217.0}},{"entityName":"krishna","metric":{"type":"TOTAL","count":5163,"amount":6666796.0}},{"entityName":"chittoor","metric":{"type":"TOTAL","count":3756,"amount":5988173.0}},{"entityName":"guntur","metric":{"type":"TOTAL","count":3725,"amount":5015442.0}},{"entityName":"east godavari","metric":{"type":"TOTAL","count":3690,"amount":5519480.0}},{"entityName":"spsr nellore","metric":{"type":"TOTAL","count":2468,"amount":3679371.0}},{"entityName":"west godavari","metric":{"type":"TOTAL","count":2140,"amount":3383512.0}},{"entityName":"anantapur","metric":{"type":"TOTAL","count":1688,"amount":3027497.0}},{"entityName":"ysr","metric":{"type":"TOTAL","count":1652,"amount":2426306.0}},{"entityName":"kurnool","metric":{"type":"TOTAL","count":1473,"amount":2483871.0}}],"pincodes":[{"entityName":"517507","metric":{"type":"TOTAL","count":616,"amount":969092.0}},{"entityName":"517501","metric":{"type":"TOTAL","count":537,"amount":696700.0}},{"entityName":"520010","metric":{"type":"TOTAL","count":472,"amount":547680.0}},{"entityName":"530016","metric":{"type":"TOTAL","count":452,"amount":526796.0}},{"entityName":"520007","metric":{"type":"TOTAL","count":433,"amount":549179.0}},{"entityName":"524002","metric":{"type":"TOTAL","count":412,"amount":546644.0}},{"entityName":"520011","metric":{"type":"TOTAL","count":405,"amount":443320.0}},{"entityName":"520001","metric":{"type":"TOTAL","count":394,"amount":377868.0}},{"entityName":"524004","metric":{"type":"TOTAL","count":371,"amount":636260.0}},{"entityName":"516001","metric":{"type":"TOTAL","count":370,"amount":505187.0}}]},"responseTimestamp":1692619346172}