{"success":true,"code":"SUCCESS","data":{"states":null,"districts":[{"entityName":"visakhapatnam","metric":{"type":"TOTAL","count":8972,"amount":1.1107138E7}},{"entityName":"krishna","metric":{"type":"TOTAL","count":6187,"amount":7831756.0}},{"entityName":"guntur","metric":{"type":"TOTAL","count":4604,"amount":5810698.0}},{"entityName":"east godavari","metric":{"type":"TOTAL","count":4157,"amount":5720660.0}},{"entityName":"chittoor","metric":{"type":"TOTAL","count":3993,"amount":6350318.0}},{"entityName":"spsr nellore","metric":{"type":"TOTAL","count":3082,"amount":3962298.0}},{"entityName":"west godavari","metric":{"type":"TOTAL","count":2308,"amount":3162591.0}},{"entityName":"anantapur","metric":{"type":"TOTAL","count":1947,"amount":3392196.0}},{"entityName":"ysr","metric":{"type":"TOTAL","count":1900,"amount":2732465.0}},{"entityName":"kurnool","metric":{"type":"TOTAL","count":1723,"amount":2310997.0}}],"pincodes":[{"entityName":"517507","metric":{"type":"TOTAL","count":681,"amount":926705.0}},{"entityName":"517501","metric":{"type":"TOTAL","count":589,"amount":770236.0}},{"entityName":"530016","metric":{"type":"TOTAL","count":577,"amount":720125.0}},{"entityName":"520010","metric":{"type":"TOTAL","count":533,"amount":663947.0}},{"entityName":"520007","metric":{"type":"TOTAL","count":527,"amount":675611.0}},{"entityName":"520011","metric":{"type":"TOTAL","count":524,"amount":479426.0}},{"entityName":"530026","metric":{"type":"TOTAL","count":520,"amount":483441.0}},{"entityName":"524002","metric":{"type":"TOTAL","count":482,"amount":536352.0}},{"entityName":"524004","metric":{"type":"TOTAL","count":431,"amount":581425.0}},{"entityName":"516001","metric":{"type":"TOTAL","count":412,"amount":534212.0}}]},"responseTimestamp":1697612181236}