{"success":true,"code":"SUCCESS","data":{"states":null,"districts":[{"entityName":"visakhapatnam","metric":{"type":"TOTAL","count":8787,"amount":1.2027284E7}},{"entityName":"krishna","metric":{"type":"TOTAL","count":5268,"amount":7328216.0}},{"entityName":"guntur","metric":{"type":"TOTAL","count":4354,"amount":6154821.0}},{"entityName":"east godavari","metric":{"type":"TOTAL","count":4294,"amount":6404501.0}},{"entityName":"chittoor","metric":{"type":"TOTAL","count":4025,"amount":7322967.0}},{"entityName":"spsr nellore","metric":{"type":"TOTAL","count":2739,"amount":3968074.0}},{"entityName":"west godavari","metric":{"type":"TOTAL","count":2198,"amount":3630998.0}},{"entityName":"anantapur","metric":{"type":"TOTAL","count":2143,"amount":3651525.0}},{"entityName":"ysr","metric":{"type":"TOTAL","count":1923,"amount":2738253.0}},{"entityName":"kurnool","metric":{"type":"TOTAL","count":1829,"amount":3161720.0}}],"pincodes":[{"entityName":"530016","metric":{"type":"TOTAL","count":563,"amount":837356.0}},{"entityName":"517507","metric":{"type":"TOTAL","count":557,"amount":1066470.0}},{"entityName":"530026","metric":{"type":"TOTAL","count":495,"amount":565504.0}},{"entityName":"517501","metric":{"type":"TOTAL","count":453,"amount":752992.0}},{"entityName":"524002","metric":{"type":"TOTAL","count":434,"amount":553778.0}},{"entityName":"520011","metric":{"type":"TOTAL","count":412,"amount":463576.0}},{"entityName":"520007","metric":{"type":"TOTAL","count":407,"amount":516110.0}},{"entityName":"520010","metric":{"type":"TOTAL","count":389,"amount":513516.0}},{"entityName":"530046","metric":{"type":"TOTAL","count":378,"amount":607798.0}},{"entityName":"520001","metric":{"type":"TOTAL","count":369,"amount":418525.0}}]},"responseTimestamp":1706092837703}