{"success":true,"code":"SUCCESS","data":{"states":null,"districts":[{"entityName":"kamrup metropolitan","metric":{"type":"TOTAL","count":3580,"amount":5037571.0}},{"entityName":"dibrugarh","metric":{"type":"TOTAL","count":873,"amount":1470129.0}},{"entityName":"jorhat","metric":{"type":"TOTAL","count":865,"amount":1449243.0}},{"entityName":"nagaon","metric":{"type":"TOTAL","count":841,"amount":1525020.0}},{"entityName":"barpeta","metric":{"type":"TOTAL","count":746,"amount":1153589.0}},{"entityName":"sonitpur","metric":{"type":"TOTAL","count":735,"amount":1366384.0}},{"entityName":"golaghat","metric":{"type":"TOTAL","count":651,"amount":1131690.0}},{"entityName":"tinsukia","metric":{"type":"TOTAL","count":643,"amount":1177509.0}},{"entityName":"cachar","metric":{"type":"TOTAL","count":594,"amount":1093901.0}},{"entityName":"kamrup","metric":{"type":"TOTAL","count":530,"amount":905037.0}}],"pincodes":[{"entityName":"781032","metric":{"type":"TOTAL","count":277,"amount":421464.0}},{"entityName":"781022","metric":{"type":"TOTAL","count":249,"amount":325730.0}},{"entityName":"781038","metric":{"type":"TOTAL","count":223,"amount":292856.0}},{"entityName":"785001","metric":{"type":"TOTAL","count":206,"amount":296160.0}},{"entityName":"781001","metric":{"type":"TOTAL","count":181,"amount":198810.0}},{"entityName":"781028","metric":{"type":"TOTAL","count":167,"amount":204680.0}},{"entityName":"781025","metric":{"type":"TOTAL","count":153,"amount":229632.0}},{"entityName":"781011","metric":{"type":"TOTAL","count":152,"amount":223616.0}},{"entityName":"786001","metric":{"type":"TOTAL","count":151,"amount":170998.0}},{"entityName":"781017","metric":{"type":"TOTAL","count":145,"amount":198245.0}}]},"responseTimestamp":1692611179686}