{"success":true,"code":"SUCCESS","data":{"states":null,"districts":[{"entityName":"kamrup metropolitan","metric":{"type":"TOTAL","count":2330,"amount":3272854.0}},{"entityName":"dibrugarh","metric":{"type":"TOTAL","count":587,"amount":1057176.0}},{"entityName":"sonitpur","metric":{"type":"TOTAL","count":552,"amount":928881.0}},{"entityName":"kamrup","metric":{"type":"TOTAL","count":406,"amount":635248.0}},{"entityName":"barpeta","metric":{"type":"TOTAL","count":406,"amount":598109.0}},{"entityName":"tinsukia","metric":{"type":"TOTAL","count":389,"amount":774583.0}},{"entityName":"nagaon","metric":{"type":"TOTAL","count":385,"amount":680355.0}},{"entityName":"cachar","metric":{"type":"TOTAL","count":349,"amount":610793.0}},{"entityName":"jorhat","metric":{"type":"TOTAL","count":347,"amount":575716.0}},{"entityName":"kokrajhar","metric":{"type":"TOTAL","count":242,"amount":254646.0}}],"pincodes":[{"entityName":"781022","metric":{"type":"TOTAL","count":181,"amount":236099.0}},{"entityName":"781032","metric":{"type":"TOTAL","count":167,"amount":208988.0}},{"entityName":"781028","metric":{"type":"TOTAL","count":135,"amount":255489.0}},{"entityName":"781011","metric":{"type":"TOTAL","count":129,"amount":190583.0}},{"entityName":"781001","metric":{"type":"TOTAL","count":129,"amount":178912.0}},{"entityName":"783370","metric":{"type":"TOTAL","count":127,"amount":107047.0}},{"entityName":"781038","metric":{"type":"TOTAL","count":115,"amount":152833.0}},{"entityName":"786001","metric":{"type":"TOTAL","count":105,"amount":109806.0}},{"entityName":"781017","metric":{"type":"TOTAL","count":92,"amount":135360.0}},{"entityName":"781019","metric":{"type":"TOTAL","count":89,"amount":85390.0}}]},"responseTimestamp":1692611230901}