{"success":true,"code":"SUCCESS","data":{"states":null,"districts":[{"entityName":"kamrup metropolitan","metric":{"type":"TOTAL","count":3502,"amount":4613053.0}},{"entityName":"sonitpur","metric":{"type":"TOTAL","count":865,"amount":1425722.0}},{"entityName":"dibrugarh","metric":{"type":"TOTAL","count":848,"amount":1381966.0}},{"entityName":"barpeta","metric":{"type":"TOTAL","count":708,"amount":1128686.0}},{"entityName":"nagaon","metric":{"type":"TOTAL","count":673,"amount":1113514.0}},{"entityName":"kamrup","metric":{"type":"TOTAL","count":612,"amount":983523.0}},{"entityName":"tinsukia","metric":{"type":"TOTAL","count":566,"amount":936833.0}},{"entityName":"cachar","metric":{"type":"TOTAL","count":527,"amount":803800.0}},{"entityName":"jorhat","metric":{"type":"TOTAL","count":472,"amount":803029.0}},{"entityName":"karimganj","metric":{"type":"TOTAL","count":444,"amount":689445.0}}],"pincodes":[{"entityName":"781032","metric":{"type":"TOTAL","count":288,"amount":333196.0}},{"entityName":"781022","metric":{"type":"TOTAL","count":215,"amount":254861.0}},{"entityName":"781001","metric":{"type":"TOTAL","count":198,"amount":216933.0}},{"entityName":"781038","metric":{"type":"TOTAL","count":195,"amount":280021.0}},{"entityName":"781011","metric":{"type":"TOTAL","count":189,"amount":227691.0}},{"entityName":"781028","metric":{"type":"TOTAL","count":155,"amount":197269.0}},{"entityName":"786001","metric":{"type":"TOTAL","count":153,"amount":203013.0}},{"entityName":"781012","metric":{"type":"TOTAL","count":147,"amount":213250.0}},{"entityName":"786003","metric":{"type":"TOTAL","count":139,"amount":189690.0}},{"entityName":"783380","metric":{"type":"TOTAL","count":137,"amount":250499.0}}]},"responseTimestamp":1692611282551}