{"success":true,"code":"SUCCESS","data":{"states":null,"districts":[{"entityName":"kamrup metropolitan","metric":{"type":"TOTAL","count":5835,"amount":7067068.0}},{"entityName":"sonitpur","metric":{"type":"TOTAL","count":1095,"amount":1672604.0}},{"entityName":"dibrugarh","metric":{"type":"TOTAL","count":1094,"amount":1961516.0}},{"entityName":"kamrup","metric":{"type":"TOTAL","count":864,"amount":1321583.0}},{"entityName":"barpeta","metric":{"type":"TOTAL","count":845,"amount":1263373.0}},{"entityName":"nagaon","metric":{"type":"TOTAL","count":731,"amount":1242807.0}},{"entityName":"cachar","metric":{"type":"TOTAL","count":705,"amount":1215813.0}},{"entityName":"tinsukia","metric":{"type":"TOTAL","count":650,"amount":1190417.0}},{"entityName":"jorhat","metric":{"type":"TOTAL","count":606,"amount":1014221.0}},{"entityName":"lakhimpur","metric":{"type":"TOTAL","count":481,"amount":987421.0}}],"pincodes":[{"entityName":"781032","metric":{"type":"TOTAL","count":386,"amount":453000.0}},{"entityName":"781022","metric":{"type":"TOTAL","count":373,"amount":505459.0}},{"entityName":"781038","metric":{"type":"TOTAL","count":347,"amount":406810.0}},{"entityName":"781001","metric":{"type":"TOTAL","count":296,"amount":317894.0}},{"entityName":"781028","metric":{"type":"TOTAL","count":291,"amount":353306.0}},{"entityName":"781011","metric":{"type":"TOTAL","count":279,"amount":326354.0}},{"entityName":"781025","metric":{"type":"TOTAL","count":273,"amount":293127.0}},{"entityName":"786001","metric":{"type":"TOTAL","count":220,"amount":308313.0}},{"entityName":"781019","metric":{"type":"TOTAL","count":219,"amount":249614.0}},{"entityName":"786003","metric":{"type":"TOTAL","count":213,"amount":302699.0}}]},"responseTimestamp":1692611334482}