{"success":true,"code":"SUCCESS","data":{"states":null,"districts":[{"entityName":"raipur","metric":{"type":"TOTAL","count":1650,"amount":2255466.0}},{"entityName":"durg","metric":{"type":"TOTAL","count":879,"amount":1239930.0}},{"entityName":"bilaspur","metric":{"type":"TOTAL","count":610,"amount":961852.0}},{"entityName":"korba","metric":{"type":"TOTAL","count":402,"amount":675060.0}},{"entityName":"raigarh","metric":{"type":"TOTAL","count":311,"amount":477426.0}},{"entityName":"janjgir champa","metric":{"type":"TOTAL","count":302,"amount":488142.0}},{"entityName":"surguja","metric":{"type":"TOTAL","count":225,"amount":347658.0}},{"entityName":"rajnandgaon","metric":{"type":"TOTAL","count":207,"amount":330899.0}},{"entityName":"kanker","metric":{"type":"TOTAL","count":201,"amount":301862.0}},{"entityName":"baloda bazar","metric":{"type":"TOTAL","count":185,"amount":345262.0}}],"pincodes":[{"entityName":"492001","metric":{"type":"TOTAL","count":457,"amount":616010.0}},{"entityName":"495001","metric":{"type":"TOTAL","count":262,"amount":412528.0}},{"entityName":"497001","metric":{"type":"TOTAL","count":191,"amount":301893.0}},{"entityName":"492009","metric":{"type":"TOTAL","count":155,"amount":158793.0}},{"entityName":"490006","metric":{"type":"TOTAL","count":146,"amount":263660.0}},{"entityName":"492013","metric":{"type":"TOTAL","count":134,"amount":181324.0}},{"entityName":"491001","metric":{"type":"TOTAL","count":129,"amount":210067.0}},{"entityName":"490023","metric":{"type":"TOTAL","count":121,"amount":152919.0}},{"entityName":"493221","metric":{"type":"TOTAL","count":116,"amount":194690.0}},{"entityName":"495450","metric":{"type":"TOTAL","count":115,"amount":202046.0}}]},"responseTimestamp":1692611200576}