{"success":true,"code":"SUCCESS","data":{"states":null,"districts":[{"entityName":"raipur","metric":{"type":"TOTAL","count":1773,"amount":2243228.0}},{"entityName":"durg","metric":{"type":"TOTAL","count":1061,"amount":1499260.0}},{"entityName":"bilaspur","metric":{"type":"TOTAL","count":869,"amount":1181756.0}},{"entityName":"raigarh","metric":{"type":"TOTAL","count":386,"amount":555753.0}},{"entityName":"korba","metric":{"type":"TOTAL","count":353,"amount":543196.0}},{"entityName":"janjgir champa","metric":{"type":"TOTAL","count":300,"amount":433751.0}},{"entityName":"rajnandgaon","metric":{"type":"TOTAL","count":267,"amount":384283.0}},{"entityName":"baloda bazar","metric":{"type":"TOTAL","count":175,"amount":342236.0}},{"entityName":"mahasamund","metric":{"type":"TOTAL","count":175,"amount":272123.0}},{"entityName":"surguja","metric":{"type":"TOTAL","count":172,"amount":328700.0}}],"pincodes":[{"entityName":"492001","metric":{"type":"TOTAL","count":465,"amount":490898.0}},{"entityName":"495001","metric":{"type":"TOTAL","count":407,"amount":482559.0}},{"entityName":"490006","metric":{"type":"TOTAL","count":183,"amount":278877.0}},{"entityName":"491001","metric":{"type":"TOTAL","count":162,"amount":276952.0}},{"entityName":"492009","metric":{"type":"TOTAL","count":150,"amount":157933.0}},{"entityName":"497001","metric":{"type":"TOTAL","count":140,"amount":256668.0}},{"entityName":"492013","metric":{"type":"TOTAL","count":130,"amount":188075.0}},{"entityName":"490023","metric":{"type":"TOTAL","count":123,"amount":141675.0}},{"entityName":"491441","metric":{"type":"TOTAL","count":123,"amount":172090.0}},{"entityName":"492099","metric":{"type":"TOTAL","count":115,"amount":150428.0}}]},"responseTimestamp":1692611251911}