{"success":true,"code":"SUCCESS","data":{"states":null,"districts":[{"entityName":"raipur","metric":{"type":"TOTAL","count":2103,"amount":2618098.0}},{"entityName":"durg","metric":{"type":"TOTAL","count":1197,"amount":1644805.0}},{"entityName":"bilaspur","metric":{"type":"TOTAL","count":1015,"amount":1231179.0}},{"entityName":"raigarh","metric":{"type":"TOTAL","count":636,"amount":782616.0}},{"entityName":"korba","metric":{"type":"TOTAL","count":544,"amount":785140.0}},{"entityName":"janjgir champa","metric":{"type":"TOTAL","count":397,"amount":531798.0}},{"entityName":"rajnandgaon","metric":{"type":"TOTAL","count":332,"amount":528822.0}},{"entityName":"bastar","metric":{"type":"TOTAL","count":238,"amount":366792.0}},{"entityName":"surguja","metric":{"type":"TOTAL","count":223,"amount":344772.0}},{"entityName":"baloda bazar","metric":{"type":"TOTAL","count":214,"amount":288345.0}}],"pincodes":[{"entityName":"492001","metric":{"type":"TOTAL","count":571,"amount":554974.0}},{"entityName":"495001","metric":{"type":"TOTAL","count":464,"amount":551929.0}},{"entityName":"491001","metric":{"type":"TOTAL","count":199,"amount":276692.0}},{"entityName":"497001","metric":{"type":"TOTAL","count":193,"amount":288010.0}},{"entityName":"496005","metric":{"type":"TOTAL","count":182,"amount":237388.0}},{"entityName":"494001","metric":{"type":"TOTAL","count":176,"amount":234227.0}},{"entityName":"493221","metric":{"type":"TOTAL","count":165,"amount":156533.0}},{"entityName":"490006","metric":{"type":"TOTAL","count":163,"amount":251351.0}},{"entityName":"496440","metric":{"type":"TOTAL","count":161,"amount":159525.0}},{"entityName":"491441","metric":{"type":"TOTAL","count":155,"amount":219532.0}}]},"responseTimestamp":1692611303703}