{"success":true,"code":"SUCCESS","data":{"states":null,"districts":[{"entityName":"raipur","metric":{"type":"TOTAL","count":2894,"amount":3964532.0}},{"entityName":"durg","metric":{"type":"TOTAL","count":1757,"amount":2516798.0}},{"entityName":"bilaspur","metric":{"type":"TOTAL","count":1264,"amount":1762665.0}},{"entityName":"korba","metric":{"type":"TOTAL","count":1020,"amount":1466794.0}},{"entityName":"raigarh","metric":{"type":"TOTAL","count":642,"amount":920443.0}},{"entityName":"janjgir champa","metric":{"type":"TOTAL","count":489,"amount":702708.0}},{"entityName":"rajnandgaon","metric":{"type":"TOTAL","count":388,"amount":677411.0}},{"entityName":"surguja","metric":{"type":"TOTAL","count":345,"amount":629537.0}},{"entityName":"bastar","metric":{"type":"TOTAL","count":313,"amount":555336.0}},{"entityName":"baloda bazar","metric":{"type":"TOTAL","count":303,"amount":425204.0}}],"pincodes":[{"entityName":"492001","metric":{"type":"TOTAL","count":704,"amount":869991.0}},{"entityName":"495001","metric":{"type":"TOTAL","count":618,"amount":885102.0}},{"entityName":"495450","metric":{"type":"TOTAL","count":294,"amount":408689.0}},{"entityName":"491001","metric":{"type":"TOTAL","count":284,"amount":429780.0}},{"entityName":"490006","metric":{"type":"TOTAL","count":282,"amount":434467.0}},{"entityName":"497001","metric":{"type":"TOTAL","count":277,"amount":449982.0}},{"entityName":"492013","metric":{"type":"TOTAL","count":253,"amount":321103.0}},{"entityName":"492009","metric":{"type":"TOTAL","count":247,"amount":371098.0}},{"entityName":"494001","metric":{"type":"TOTAL","count":219,"amount":381730.0}},{"entityName":"493221","metric":{"type":"TOTAL","count":200,"amount":229822.0}}]},"responseTimestamp":1692611355712}