{"success":true,"code":"SUCCESS","data":{"states":null,"districts":[{"entityName":"kamrup metropolitan","metric":{"type":"TOTAL","count":6122,"amount":8448944.0}},{"entityName":"nagaon","metric":{"type":"TOTAL","count":1887,"amount":2830019.0}},{"entityName":"sonitpur","metric":{"type":"TOTAL","count":1877,"amount":2836196.0}},{"entityName":"barpeta","metric":{"type":"TOTAL","count":1876,"amount":2380473.0}},{"entityName":"dibrugarh","metric":{"type":"TOTAL","count":1730,"amount":2796591.0}},{"entityName":"jorhat","metric":{"type":"TOTAL","count":1414,"amount":2122424.0}},{"entityName":"kamrup","metric":{"type":"TOTAL","count":1371,"amount":1848729.0}},{"entityName":"tinsukia","metric":{"type":"TOTAL","count":1255,"amount":2174121.0}},{"entityName":"cachar","metric":{"type":"TOTAL","count":1122,"amount":1680658.0}},{"entityName":"dhubri","metric":{"type":"TOTAL","count":1040,"amount":1208964.0}}],"pincodes":[{"entityName":"781032","metric":{"type":"TOTAL","count":425,"amount":583554.0}},{"entityName":"781022","metric":{"type":"TOTAL","count":358,"amount":536755.0}},{"entityName":"785001","metric":{"type":"TOTAL","count":348,"amount":554884.0}},{"entityName":"781038","metric":{"type":"TOTAL","count":347,"amount":575653.0}},{"entityName":"783380","metric":{"type":"TOTAL","count":342,"amount":581070.0}},{"entityName":"781001","metric":{"type":"TOTAL","count":338,"amount":441751.0}},{"entityName":"781028","metric":{"type":"TOTAL","count":276,"amount":402776.0}},{"entityName":"782002","metric":{"type":"TOTAL","count":273,"amount":440229.0}},{"entityName":"782003","metric":{"type":"TOTAL","count":268,"amount":434925.0}},{"entityName":"781316","metric":{"type":"TOTAL","count":264,"amount":323085.0}}]},"responseTimestamp":1714727741559}