{"success":true,"code":"SUCCESS","data":{"states":null,"districts":[{"entityName":"kamrup metropolitan","metric":{"type":"TOTAL","count":4266,"amount":6790945.0}},{"entityName":"dibrugarh","metric":{"type":"TOTAL","count":1333,"amount":2130896.0}},{"entityName":"barpeta","metric":{"type":"TOTAL","count":1262,"amount":1638356.0}},{"entityName":"sonitpur","metric":{"type":"TOTAL","count":1237,"amount":2099284.0}},{"entityName":"nagaon","metric":{"type":"TOTAL","count":1156,"amount":1884574.0}},{"entityName":"kamrup","metric":{"type":"TOTAL","count":916,"amount":1290289.0}},{"entityName":"tinsukia","metric":{"type":"TOTAL","count":863,"amount":1448536.0}},{"entityName":"goalpara","metric":{"type":"TOTAL","count":800,"amount":1191636.0}},{"entityName":"cachar","metric":{"type":"TOTAL","count":779,"amount":1165403.0}},{"entityName":"jorhat","metric":{"type":"TOTAL","count":777,"amount":1456554.0}}],"pincodes":[{"entityName":"781032","metric":{"type":"TOTAL","count":298,"amount":404482.0}},{"entityName":"781022","metric":{"type":"TOTAL","count":281,"amount":524520.0}},{"entityName":"783380","metric":{"type":"TOTAL","count":261,"amount":453530.0}},{"entityName":"781038","metric":{"type":"TOTAL","count":231,"amount":389677.0}},{"entityName":"781028","metric":{"type":"TOTAL","count":205,"amount":306617.0}},{"entityName":"781011","metric":{"type":"TOTAL","count":189,"amount":282887.0}},{"entityName":"781001","metric":{"type":"TOTAL","count":186,"amount":256239.0}},{"entityName":"781017","metric":{"type":"TOTAL","count":184,"amount":315659.0}},{"entityName":"785001","metric":{"type":"TOTAL","count":182,"amount":324937.0}},{"entityName":"783370","metric":{"type":"TOTAL","count":182,"amount":277519.0}}]},"responseTimestamp":1722517869536}