{"success":true,"code":"SUCCESS","data":{"states":null,"districts":[{"entityName":"kamrup metropolitan","metric":{"type":"TOTAL","count":3855,"amount":6666759.0}},{"entityName":"dibrugarh","metric":{"type":"TOTAL","count":1019,"amount":1975290.0}},{"entityName":"kamrup","metric":{"type":"TOTAL","count":925,"amount":1446934.0}},{"entityName":"sonitpur","metric":{"type":"TOTAL","count":888,"amount":1612215.0}},{"entityName":"barpeta","metric":{"type":"TOTAL","count":791,"amount":1253952.0}},{"entityName":"tinsukia","metric":{"type":"TOTAL","count":782,"amount":1472817.0}},{"entityName":"nagaon","metric":{"type":"TOTAL","count":754,"amount":1345197.0}},{"entityName":"cachar","metric":{"type":"TOTAL","count":668,"amount":1083025.0}},{"entityName":"jorhat","metric":{"type":"TOTAL","count":527,"amount":1074219.0}},{"entityName":"dhubri","metric":{"type":"TOTAL","count":522,"amount":824255.0}}],"pincodes":[{"entityName":"781003","metric":{"type":"TOTAL","count":274,"amount":449785.0}},{"entityName":"781034","metric":{"type":"TOTAL","count":216,"amount":383219.0}},{"entityName":"783370","metric":{"type":"TOTAL","count":212,"amount":349532.0}},{"entityName":"783380","metric":{"type":"TOTAL","count":212,"amount":360878.0}},{"entityName":"785001","metric":{"type":"TOTAL","count":205,"amount":438720.0}},{"entityName":"781040","metric":{"type":"TOTAL","count":198,"amount":333310.0}},{"entityName":"781025","metric":{"type":"TOTAL","count":189,"amount":314319.0}},{"entityName":"781028","metric":{"type":"TOTAL","count":177,"amount":267435.0}},{"entityName":"781011","metric":{"type":"TOTAL","count":177,"amount":261128.0}},{"entityName":"781019","metric":{"type":"TOTAL","count":173,"amount":332660.0}}]},"responseTimestamp":1739974395746}