{"success":true,"code":"SUCCESS","data":{"states":null,"districts":[{"entityName":"kamrup metropolitan","metric":{"type":"TOTAL","count":4694,"amount":7306786.0}},{"entityName":"dibrugarh","metric":{"type":"TOTAL","count":1204,"amount":2506223.0}},{"entityName":"sonitpur","metric":{"type":"TOTAL","count":1136,"amount":1890760.0}},{"entityName":"kamrup","metric":{"type":"TOTAL","count":1090,"amount":1561314.0}},{"entityName":"nagaon","metric":{"type":"TOTAL","count":1012,"amount":1552864.0}},{"entityName":"barpeta","metric":{"type":"TOTAL","count":972,"amount":1389291.0}},{"entityName":"cachar","metric":{"type":"TOTAL","count":833,"amount":1281628.0}},{"entityName":"tinsukia","metric":{"type":"TOTAL","count":816,"amount":1517962.0}},{"entityName":"dhubri","metric":{"type":"TOTAL","count":722,"amount":925125.0}},{"entityName":"jorhat","metric":{"type":"TOTAL","count":663,"amount":1209024.0}}],"pincodes":[{"entityName":"781003","metric":{"type":"TOTAL","count":330,"amount":543498.0}},{"entityName":"783380","metric":{"type":"TOTAL","count":293,"amount":414257.0}},{"entityName":"781040","metric":{"type":"TOTAL","count":272,"amount":476346.0}},{"entityName":"781011","metric":{"type":"TOTAL","count":261,"amount":301308.0}},{"entityName":"781025","metric":{"type":"TOTAL","count":254,"amount":328825.0}},{"entityName":"785001","metric":{"type":"TOTAL","count":243,"amount":460119.0}},{"entityName":"781034","metric":{"type":"TOTAL","count":242,"amount":336709.0}},{"entityName":"781019","metric":{"type":"TOTAL","count":228,"amount":430692.0}},{"entityName":"783101","metric":{"type":"TOTAL","count":226,"amount":351828.0}},{"entityName":"783370","metric":{"type":"TOTAL","count":221,"amount":393094.0}}]},"responseTimestamp":1739974617880}