{"success":true,"code":"SUCCESS","data":{"states":null,"districts":[{"entityName":"papum pare","metric":{"type":"TOTAL","count":415,"amount":902815.0}},{"entityName":"west kameng","metric":{"type":"TOTAL","count":109,"amount":264851.0}},{"entityName":"east siang","metric":{"type":"TOTAL","count":88,"amount":195598.0}},{"entityName":"changlang","metric":{"type":"TOTAL","count":60,"amount":119720.0}},{"entityName":"lohit","metric":{"type":"TOTAL","count":58,"amount":125916.0}},{"entityName":"tawang","metric":{"type":"TOTAL","count":57,"amount":123314.0}},{"entityName":"west siang","metric":{"type":"TOTAL","count":49,"amount":128839.0}},{"entityName":"lower dibang valley","metric":{"type":"TOTAL","count":48,"amount":123833.0}},{"entityName":"namsai","metric":{"type":"TOTAL","count":37,"amount":74800.0}},{"entityName":"lower subansiri","metric":{"type":"TOTAL","count":31,"amount":47226.0}}],"pincodes":[{"entityName":"791110","metric":{"type":"TOTAL","count":126,"amount":258768.0}},{"entityName":"791111","metric":{"type":"TOTAL","count":105,"amount":296463.0}},{"entityName":"791113","metric":{"type":"TOTAL","count":83,"amount":149366.0}},{"entityName":"791102","metric":{"type":"TOTAL","count":76,"amount":171426.0}},{"entityName":"791001","metric":{"type":"TOTAL","count":52,"amount":128932.0}},{"entityName":"792110","metric":{"type":"TOTAL","count":48,"amount":123833.0}},{"entityName":"792001","metric":{"type":"TOTAL","count":43,"amount":92713.0}},{"entityName":"791109","metric":{"type":"TOTAL","count":42,"amount":66049.0}},{"entityName":"792103","metric":{"type":"TOTAL","count":40,"amount":80498.0}},{"entityName":"790104","metric":{"type":"TOTAL","count":40,"amount":81575.0}}]},"responseTimestamp":1714727767759}