{"success":true,"code":"SUCCESS","data":{"states":null,"districts":[{"entityName":"papum pare","metric":{"type":"TOTAL","count":361,"amount":844112.0}},{"entityName":"tawang","metric":{"type":"TOTAL","count":192,"amount":165583.0}},{"entityName":"west kameng","metric":{"type":"TOTAL","count":100,"amount":234304.0}},{"entityName":"lohit","metric":{"type":"TOTAL","count":55,"amount":80040.0}},{"entityName":"changlang","metric":{"type":"TOTAL","count":55,"amount":127100.0}},{"entityName":"east siang","metric":{"type":"TOTAL","count":54,"amount":143926.0}},{"entityName":"west siang","metric":{"type":"TOTAL","count":48,"amount":122922.0}},{"entityName":"lower subansiri","metric":{"type":"TOTAL","count":40,"amount":58095.0}},{"entityName":"lower dibang valley","metric":{"type":"TOTAL","count":38,"amount":102160.0}},{"entityName":"namsai","metric":{"type":"TOTAL","count":32,"amount":80520.0}}],"pincodes":[{"entityName":"790104","metric":{"type":"TOTAL","count":176,"amount":109202.0}},{"entityName":"791110","metric":{"type":"TOTAL","count":124,"amount":303724.0}},{"entityName":"791111","metric":{"type":"TOTAL","count":93,"amount":287734.0}},{"entityName":"791113","metric":{"type":"TOTAL","count":64,"amount":131979.0}},{"entityName":"791001","metric":{"type":"TOTAL","count":51,"amount":129656.0}},{"entityName":"791102","metric":{"type":"TOTAL","count":39,"amount":95471.0}},{"entityName":"792110","metric":{"type":"TOTAL","count":38,"amount":102160.0}},{"entityName":"792001","metric":{"type":"TOTAL","count":37,"amount":51507.0}},{"entityName":"790116","metric":{"type":"TOTAL","count":34,"amount":70161.0}},{"entityName":"792103","metric":{"type":"TOTAL","count":34,"amount":77380.0}}]},"responseTimestamp":1722517900130}