{"success":true,"code":"SUCCESS","data":{"states":null,"districts":[{"entityName":"itanagar capital complex","metric":{"type":"TOTAL","count":218,"amount":512620.0}},{"entityName":"west kameng","metric":{"type":"TOTAL","count":115,"amount":280805.0}},{"entityName":"tawang","metric":{"type":"TOTAL","count":69,"amount":166341.0}},{"entityName":"papum pare","metric":{"type":"TOTAL","count":66,"amount":79642.0}},{"entityName":"changlang","metric":{"type":"TOTAL","count":57,"amount":132735.0}},{"entityName":"east siang","metric":{"type":"TOTAL","count":47,"amount":127890.0}},{"entityName":"tirap","metric":{"type":"TOTAL","count":35,"amount":80188.0}},{"entityName":"lohit","metric":{"type":"TOTAL","count":32,"amount":96133.0}},{"entityName":"west siang","metric":{"type":"TOTAL","count":28,"amount":89620.0}},{"entityName":"namsai","metric":{"type":"TOTAL","count":28,"amount":93343.0}}],"pincodes":[{"entityName":"791111","metric":{"type":"TOTAL","count":95,"amount":275822.0}},{"entityName":"791110","metric":{"type":"TOTAL","count":84,"amount":171154.0}},{"entityName":"790104","metric":{"type":"TOTAL","count":49,"amount":90929.0}},{"entityName":"791102","metric":{"type":"TOTAL","count":40,"amount":102083.0}},{"entityName":"791113","metric":{"type":"TOTAL","count":39,"amount":55663.0}},{"entityName":"790116","metric":{"type":"TOTAL","count":37,"amount":111034.0}},{"entityName":"791001","metric":{"type":"TOTAL","count":32,"amount":98436.0}},{"entityName":"792001","metric":{"type":"TOTAL","count":31,"amount":65334.0}},{"entityName":"792110","metric":{"type":"TOTAL","count":29,"amount":52515.0}},{"entityName":"792130","metric":{"type":"TOTAL","count":28,"amount":61484.0}}]},"responseTimestamp":1739974425543}