{"success":true,"code":"SUCCESS","data":{"states":null,"districts":[{"entityName":"itanagar capital complex","metric":{"type":"TOTAL","count":240,"amount":638964.0}},{"entityName":"west kameng","metric":{"type":"TOTAL","count":117,"amount":277233.0}},{"entityName":"east siang","metric":{"type":"TOTAL","count":89,"amount":235678.0}},{"entityName":"tawang","metric":{"type":"TOTAL","count":68,"amount":223139.0}},{"entityName":"papum pare","metric":{"type":"TOTAL","count":61,"amount":126855.0}},{"entityName":"changlang","metric":{"type":"TOTAL","count":55,"amount":85559.0}},{"entityName":"west siang","metric":{"type":"TOTAL","count":55,"amount":118386.0}},{"entityName":"namsai","metric":{"type":"TOTAL","count":41,"amount":93403.0}},{"entityName":"lower subansiri","metric":{"type":"TOTAL","count":35,"amount":61313.0}},{"entityName":"tirap","metric":{"type":"TOTAL","count":35,"amount":86267.0}}],"pincodes":[{"entityName":"791110","metric":{"type":"TOTAL","count":110,"amount":265075.0}},{"entityName":"791111","metric":{"type":"TOTAL","count":88,"amount":268300.0}},{"entityName":"791102","metric":{"type":"TOTAL","count":80,"amount":218443.0}},{"entityName":"791001","metric":{"type":"TOTAL","count":62,"amount":141282.0}},{"entityName":"790104","metric":{"type":"TOTAL","count":49,"amount":177085.0}},{"entityName":"791113","metric":{"type":"TOTAL","count":40,"amount":79922.0}},{"entityName":"792110","metric":{"type":"TOTAL","count":34,"amount":63459.0}},{"entityName":"792103","metric":{"type":"TOTAL","count":32,"amount":73356.0}},{"entityName":"792001","metric":{"type":"TOTAL","count":30,"amount":73556.0}},{"entityName":"790001","metric":{"type":"TOTAL","count":30,"amount":98145.0}}]},"responseTimestamp":1739974647803}