{"success":true,"code":"SUCCESS","data":{"states":null,"districts":[{"entityName":"ahmadabad","metric":{"type":"TOTAL","count":2902,"amount":1664753.0}},{"entityName":"surat","metric":{"type":"TOTAL","count":2549,"amount":1538786.0}},{"entityName":"vadodara","metric":{"type":"TOTAL","count":859,"amount":544564.0}},{"entityName":"bharuch","metric":{"type":"TOTAL","count":709,"amount":381284.0}},{"entityName":"kachchh","metric":{"type":"TOTAL","count":674,"amount":340650.0}},{"entityName":"valsad","metric":{"type":"TOTAL","count":548,"amount":307917.0}},{"entityName":"gandhinagar","metric":{"type":"TOTAL","count":531,"amount":341921.0}},{"entityName":"banas kantha","metric":{"type":"TOTAL","count":446,"amount":246377.0}},{"entityName":"rajkot","metric":{"type":"TOTAL","count":374,"amount":191505.0}},{"entityName":"mahesana","metric":{"type":"TOTAL","count":342,"amount":194492.0}}],"pincodes":[{"entityName":"395010","metric":{"type":"TOTAL","count":242,"amount":133115.0}},{"entityName":"395006","metric":{"type":"TOTAL","count":240,"amount":114498.0}},{"entityName":"394210","metric":{"type":"TOTAL","count":191,"amount":117945.0}},{"entityName":"396191","metric":{"type":"TOTAL","count":170,"amount":78361.0}},{"entityName":"393001","metric":{"type":"TOTAL","count":166,"amount":88942.0}},{"entityName":"395003","metric":{"type":"TOTAL","count":149,"amount":85087.0}},{"entityName":"382345","metric":{"type":"TOTAL","count":143,"amount":116229.0}},{"entityName":"395002","metric":{"type":"TOTAL","count":139,"amount":81620.0}},{"entityName":"394230","metric":{"type":"TOTAL","count":137,"amount":90744.0}},{"entityName":"382350","metric":{"type":"TOTAL","count":136,"amount":56925.0}}]},"responseTimestamp":1692610987094}