{"success":true,"code":"SUCCESS","data":{"states":null,"districts":[{"entityName":"ahmadabad","metric":{"type":"TOTAL","count":3074,"amount":2177028.0}},{"entityName":"surat","metric":{"type":"TOTAL","count":2863,"amount":1847117.0}},{"entityName":"vadodara","metric":{"type":"TOTAL","count":1171,"amount":874836.0}},{"entityName":"bharuch","metric":{"type":"TOTAL","count":823,"amount":593029.0}},{"entityName":"kachchh","metric":{"type":"TOTAL","count":730,"amount":529809.0}},{"entityName":"valsad","metric":{"type":"TOTAL","count":640,"amount":471194.0}},{"entityName":"gandhinagar","metric":{"type":"TOTAL","count":590,"amount":519006.0}},{"entityName":"banas kantha","metric":{"type":"TOTAL","count":475,"amount":272134.0}},{"entityName":"rajkot","metric":{"type":"TOTAL","count":462,"amount":360621.0}},{"entityName":"mahesana","metric":{"type":"TOTAL","count":453,"amount":306266.0}}],"pincodes":[{"entityName":"395006","metric":{"type":"TOTAL","count":294,"amount":114635.0}},{"entityName":"394210","metric":{"type":"TOTAL","count":283,"amount":154102.0}},{"entityName":"395010","metric":{"type":"TOTAL","count":266,"amount":171425.0}},{"entityName":"396191","metric":{"type":"TOTAL","count":208,"amount":123514.0}},{"entityName":"382350","metric":{"type":"TOTAL","count":169,"amount":79080.0}},{"entityName":"392130","metric":{"type":"TOTAL","count":155,"amount":82823.0}},{"entityName":"395012","metric":{"type":"TOTAL","count":149,"amount":69297.0}},{"entityName":"382415","metric":{"type":"TOTAL","count":145,"amount":70366.0}},{"entityName":"393001","metric":{"type":"TOTAL","count":142,"amount":95953.0}},{"entityName":"385001","metric":{"type":"TOTAL","count":134,"amount":62872.0}}]},"responseTimestamp":1692611039283}