{"success":true,"code":"SUCCESS","data":{"states":null,"districts":[{"entityName":"surat","metric":{"type":"TOTAL","count":3409,"amount":2501335.0}},{"entityName":"ahmadabad","metric":{"type":"TOTAL","count":3405,"amount":2607478.0}},{"entityName":"vadodara","metric":{"type":"TOTAL","count":1071,"amount":1010170.0}},{"entityName":"bharuch","metric":{"type":"TOTAL","count":751,"amount":676899.0}},{"entityName":"kachchh","metric":{"type":"TOTAL","count":719,"amount":583735.0}},{"entityName":"valsad","metric":{"type":"TOTAL","count":648,"amount":601347.0}},{"entityName":"gandhinagar","metric":{"type":"TOTAL","count":586,"amount":553002.0}},{"entityName":"banas kantha","metric":{"type":"TOTAL","count":567,"amount":390139.0}},{"entityName":"rajkot","metric":{"type":"TOTAL","count":515,"amount":389381.0}},{"entityName":"mahesana","metric":{"type":"TOTAL","count":419,"amount":348892.0}}],"pincodes":[{"entityName":"395010","metric":{"type":"TOTAL","count":383,"amount":263796.0}},{"entityName":"394210","metric":{"type":"TOTAL","count":316,"amount":214199.0}},{"entityName":"395006","metric":{"type":"TOTAL","count":302,"amount":131234.0}},{"entityName":"395003","metric":{"type":"TOTAL","count":234,"amount":127836.0}},{"entityName":"382350","metric":{"type":"TOTAL","count":186,"amount":121111.0}},{"entityName":"394221","metric":{"type":"TOTAL","count":179,"amount":128167.0}},{"entityName":"382415","metric":{"type":"TOTAL","count":176,"amount":132989.0}},{"entityName":"395002","metric":{"type":"TOTAL","count":173,"amount":146101.0}},{"entityName":"396191","metric":{"type":"TOTAL","count":171,"amount":170283.0}},{"entityName":"395009","metric":{"type":"TOTAL","count":156,"amount":147974.0}}]},"responseTimestamp":1692611090944}