{"success":true,"code":"SUCCESS","data":{"states":null,"districts":[{"entityName":"ahmadabad","metric":{"type":"TOTAL","count":4857,"amount":5269395.0}},{"entityName":"surat","metric":{"type":"TOTAL","count":3232,"amount":4111750.0}},{"entityName":"vadodara","metric":{"type":"TOTAL","count":1531,"amount":1938084.0}},{"entityName":"valsad","metric":{"type":"TOTAL","count":1030,"amount":1250430.0}},{"entityName":"bharuch","metric":{"type":"TOTAL","count":982,"amount":1253200.0}},{"entityName":"kachchh","metric":{"type":"TOTAL","count":937,"amount":1187041.0}},{"entityName":"gandhinagar","metric":{"type":"TOTAL","count":801,"amount":1076996.0}},{"entityName":"rajkot","metric":{"type":"TOTAL","count":698,"amount":782642.0}},{"entityName":"banas kantha","metric":{"type":"TOTAL","count":555,"amount":642556.0}},{"entityName":"mahesana","metric":{"type":"TOTAL","count":483,"amount":611027.0}}],"pincodes":[{"entityName":"394210","metric":{"type":"TOTAL","count":374,"amount":399641.0}},{"entityName":"396191","metric":{"type":"TOTAL","count":368,"amount":403351.0}},{"entityName":"395010","metric":{"type":"TOTAL","count":326,"amount":374092.0}},{"entityName":"395006","metric":{"type":"TOTAL","count":260,"amount":308398.0}},{"entityName":"380008","metric":{"type":"TOTAL","count":203,"amount":181475.0}},{"entityName":"382345","metric":{"type":"TOTAL","count":200,"amount":220890.0}},{"entityName":"382350","metric":{"type":"TOTAL","count":196,"amount":258982.0}},{"entityName":"382330","metric":{"type":"TOTAL","count":189,"amount":254861.0}},{"entityName":"382415","metric":{"type":"TOTAL","count":187,"amount":181874.0}},{"entityName":"382481","metric":{"type":"TOTAL","count":179,"amount":208446.0}}]},"responseTimestamp":1692611142464}