{"success":true,"code":"SUCCESS","data":{"states":null,"districts":[{"entityName":"bengaluru urban","metric":{"type":"TOTAL","count":75238,"amount":1.0382903E8}},{"entityName":"mysuru","metric":{"type":"TOTAL","count":7972,"amount":1.1090514E7}},{"entityName":"bengaluru rural","metric":{"type":"TOTAL","count":3512,"amount":5009006.0}},{"entityName":"belagavi","metric":{"type":"TOTAL","count":3437,"amount":5714004.0}},{"entityName":"dharwad","metric":{"type":"TOTAL","count":3351,"amount":5035486.0}},{"entityName":"dakshina kannada","metric":{"type":"TOTAL","count":3285,"amount":5085033.0}},{"entityName":"ballari","metric":{"type":"TOTAL","count":2498,"amount":3608322.0}},{"entityName":"tumakuru","metric":{"type":"TOTAL","count":2301,"amount":4146404.0}},{"entityName":"davanagere","metric":{"type":"TOTAL","count":2165,"amount":3004555.0}},{"entityName":"shivamogga","metric":{"type":"TOTAL","count":2156,"amount":3586725.0}}],"pincodes":[{"entityName":"560068","metric":{"type":"TOTAL","count":3214,"amount":4091377.0}},{"entityName":"560043","metric":{"type":"TOTAL","count":2365,"amount":3356228.0}},{"entityName":"560076","metric":{"type":"TOTAL","count":2282,"amount":3399622.0}},{"entityName":"560037","metric":{"type":"TOTAL","count":2272,"amount":3261324.0}},{"entityName":"560078","metric":{"type":"TOTAL","count":2018,"amount":2904918.0}},{"entityName":"560058","metric":{"type":"TOTAL","count":1931,"amount":2145047.0}},{"entityName":"560100","metric":{"type":"TOTAL","count":1860,"amount":2368777.0}},{"entityName":"560091","metric":{"type":"TOTAL","count":1849,"amount":2563988.0}},{"entityName":"560066","metric":{"type":"TOTAL","count":1688,"amount":2198417.0}},{"entityName":"560064","metric":{"type":"TOTAL","count":1679,"amount":2473845.0}}]},"responseTimestamp":1692619186958}