{"success":true,"code":"SUCCESS","data":{"states":null,"districts":[{"entityName":"bengaluru urban","metric":{"type":"TOTAL","count":69812,"amount":9.9096628E7}},{"entityName":"mysuru","metric":{"type":"TOTAL","count":5899,"amount":8738144.0}},{"entityName":"dharwad","metric":{"type":"TOTAL","count":3596,"amount":5072848.0}},{"entityName":"belagavi","metric":{"type":"TOTAL","count":3080,"amount":4999161.0}},{"entityName":"dakshina kannada","metric":{"type":"TOTAL","count":2932,"amount":4750506.0}},{"entityName":"bengaluru rural","metric":{"type":"TOTAL","count":2582,"amount":4350869.0}},{"entityName":"tumakuru","metric":{"type":"TOTAL","count":2423,"amount":4174882.0}},{"entityName":"ballari","metric":{"type":"TOTAL","count":2351,"amount":3297860.0}},{"entityName":"shivamogga","metric":{"type":"TOTAL","count":2281,"amount":3864881.0}},{"entityName":"davanagere","metric":{"type":"TOTAL","count":1971,"amount":2946266.0}}],"pincodes":[{"entityName":"560068","metric":{"type":"TOTAL","count":3141,"amount":3959944.0}},{"entityName":"560037","metric":{"type":"TOTAL","count":2575,"amount":3376141.0}},{"entityName":"560076","metric":{"type":"TOTAL","count":2184,"amount":3330509.0}},{"entityName":"560043","metric":{"type":"TOTAL","count":2126,"amount":3158190.0}},{"entityName":"560078","metric":{"type":"TOTAL","count":2051,"amount":2883618.0}},{"entityName":"560100","metric":{"type":"TOTAL","count":1843,"amount":2510992.0}},{"entityName":"560103","metric":{"type":"TOTAL","count":1790,"amount":2635489.0}},{"entityName":"560066","metric":{"type":"TOTAL","count":1761,"amount":2827168.0}},{"entityName":"560058","metric":{"type":"TOTAL","count":1581,"amount":1897452.0}},{"entityName":"560064","metric":{"type":"TOTAL","count":1563,"amount":2404087.0}}]},"responseTimestamp":1692619368429}