{"success":true,"code":"SUCCESS","data":{"states":null,"districts":[{"entityName":"bengaluru urban","metric":{"type":"TOTAL","count":81520,"amount":1.09497225E8}},{"entityName":"mysuru","metric":{"type":"TOTAL","count":6852,"amount":1.0443799E7}},{"entityName":"dharwad","metric":{"type":"TOTAL","count":3978,"amount":5597459.0}},{"entityName":"belagavi","metric":{"type":"TOTAL","count":3705,"amount":5775496.0}},{"entityName":"dakshina kannada","metric":{"type":"TOTAL","count":3261,"amount":4883149.0}},{"entityName":"bengaluru rural","metric":{"type":"TOTAL","count":3176,"amount":5128006.0}},{"entityName":"tumakuru","metric":{"type":"TOTAL","count":3017,"amount":4884961.0}},{"entityName":"ballari","metric":{"type":"TOTAL","count":2877,"amount":3914152.0}},{"entityName":"shivamogga","metric":{"type":"TOTAL","count":2807,"amount":4384973.0}},{"entityName":"davanagere","metric":{"type":"TOTAL","count":2589,"amount":3630520.0}}],"pincodes":[{"entityName":"560068","metric":{"type":"TOTAL","count":3688,"amount":4646310.0}},{"entityName":"560037","metric":{"type":"TOTAL","count":2892,"amount":3957250.0}},{"entityName":"560076","metric":{"type":"TOTAL","count":2534,"amount":3590807.0}},{"entityName":"560043","metric":{"type":"TOTAL","count":2443,"amount":3288213.0}},{"entityName":"560078","metric":{"type":"TOTAL","count":2402,"amount":3244684.0}},{"entityName":"560100","metric":{"type":"TOTAL","count":2147,"amount":2864673.0}},{"entityName":"560066","metric":{"type":"TOTAL","count":2012,"amount":3072523.0}},{"entityName":"560103","metric":{"type":"TOTAL","count":1956,"amount":2606778.0}},{"entityName":"560058","metric":{"type":"TOTAL","count":1930,"amount":2252913.0}},{"entityName":"560064","metric":{"type":"TOTAL","count":1793,"amount":2600219.0}}]},"responseTimestamp":1697612212127}