{"success":true,"code":"SUCCESS","data":{"states":null,"districts":[{"entityName":"bengaluru urban","metric":{"type":"TOTAL","count":88349,"amount":1.33137089E8}},{"entityName":"mysuru","metric":{"type":"TOTAL","count":7831,"amount":1.2589463E7}},{"entityName":"dharwad","metric":{"type":"TOTAL","count":4912,"amount":7400470.0}},{"entityName":"belagavi","metric":{"type":"TOTAL","count":4826,"amount":8422700.0}},{"entityName":"dakshina kannada","metric":{"type":"TOTAL","count":4101,"amount":6597191.0}},{"entityName":"bengaluru rural","metric":{"type":"TOTAL","count":3674,"amount":6347685.0}},{"entityName":"shivamogga","metric":{"type":"TOTAL","count":3316,"amount":5617178.0}},{"entityName":"tumakuru","metric":{"type":"TOTAL","count":3234,"amount":6132461.0}},{"entityName":"ballari","metric":{"type":"TOTAL","count":2966,"amount":4527242.0}},{"entityName":"davanagere","metric":{"type":"TOTAL","count":2944,"amount":4852939.0}}],"pincodes":[{"entityName":"560068","metric":{"type":"TOTAL","count":3947,"amount":5606578.0}},{"entityName":"560037","metric":{"type":"TOTAL","count":2973,"amount":4120542.0}},{"entityName":"560043","metric":{"type":"TOTAL","count":2809,"amount":4454698.0}},{"entityName":"560076","metric":{"type":"TOTAL","count":2591,"amount":4025991.0}},{"entityName":"560078","metric":{"type":"TOTAL","count":2515,"amount":3710977.0}},{"entityName":"560100","metric":{"type":"TOTAL","count":2234,"amount":3459846.0}},{"entityName":"560066","metric":{"type":"TOTAL","count":2041,"amount":3001699.0}},{"entityName":"560064","metric":{"type":"TOTAL","count":1987,"amount":3509532.0}},{"entityName":"560091","metric":{"type":"TOTAL","count":1978,"amount":3194653.0}},{"entityName":"560058","metric":{"type":"TOTAL","count":1860,"amount":2418724.0}}]},"responseTimestamp":1706092866552}