{"success":true,"code":"SUCCESS","data":{"states":null,"districts":[{"entityName":"patna","metric":{"type":"TOTAL","count":8766,"amount":1.2210439E7}},{"entityName":"muzaffarpur","metric":{"type":"TOTAL","count":2904,"amount":3379803.0}},{"entityName":"samastipur","metric":{"type":"TOTAL","count":2166,"amount":2404317.0}},{"entityName":"vaishali","metric":{"type":"TOTAL","count":2155,"amount":2395023.0}},{"entityName":"begusarai","metric":{"type":"TOTAL","count":2098,"amount":2480882.0}},{"entityName":"bhagalpur","metric":{"type":"TOTAL","count":1961,"amount":2423152.0}},{"entityName":"darbhanga","metric":{"type":"TOTAL","count":1834,"amount":2081177.0}},{"entityName":"purbi champaran","metric":{"type":"TOTAL","count":1825,"amount":1988941.0}},{"entityName":"gaya","metric":{"type":"TOTAL","count":1794,"amount":2115644.0}},{"entityName":"saran","metric":{"type":"TOTAL","count":1758,"amount":2453695.0}}],"pincodes":[{"entityName":"800001","metric":{"type":"TOTAL","count":1347,"amount":1827045.0}},{"entityName":"800020","metric":{"type":"TOTAL","count":837,"amount":1078403.0}},{"entityName":"800006","metric":{"type":"TOTAL","count":608,"amount":715492.0}},{"entityName":"801503","metric":{"type":"TOTAL","count":492,"amount":832502.0}},{"entityName":"845401","metric":{"type":"TOTAL","count":440,"amount":550428.0}},{"entityName":"844101","metric":{"type":"TOTAL","count":432,"amount":496698.0}},{"entityName":"812001","metric":{"type":"TOTAL","count":428,"amount":565601.0}},{"entityName":"848101","metric":{"type":"TOTAL","count":419,"amount":495114.0}},{"entityName":"851101","metric":{"type":"TOTAL","count":403,"amount":479140.0}},{"entityName":"842002","metric":{"type":"TOTAL","count":398,"amount":434633.0}}]},"responseTimestamp":1714727748461}