{"success":true,"code":"SUCCESS","data":{"states":null,"districts":[{"entityName":"patna","metric":{"type":"TOTAL","count":8676,"amount":1.2515913E7}},{"entityName":"muzaffarpur","metric":{"type":"TOTAL","count":3030,"amount":3566917.0}},{"entityName":"vaishali","metric":{"type":"TOTAL","count":2208,"amount":2694296.0}},{"entityName":"samastipur","metric":{"type":"TOTAL","count":2019,"amount":2589400.0}},{"entityName":"saran","metric":{"type":"TOTAL","count":1947,"amount":2473772.0}},{"entityName":"bhagalpur","metric":{"type":"TOTAL","count":1936,"amount":2519217.0}},{"entityName":"purbi champaran","metric":{"type":"TOTAL","count":1912,"amount":2388778.0}},{"entityName":"begusarai","metric":{"type":"TOTAL","count":1909,"amount":2345108.0}},{"entityName":"darbhanga","metric":{"type":"TOTAL","count":1835,"amount":2503350.0}},{"entityName":"gaya","metric":{"type":"TOTAL","count":1680,"amount":2474293.0}}],"pincodes":[{"entityName":"800001","metric":{"type":"TOTAL","count":1449,"amount":2116116.0}},{"entityName":"800020","metric":{"type":"TOTAL","count":903,"amount":1323457.0}},{"entityName":"800006","metric":{"type":"TOTAL","count":592,"amount":665340.0}},{"entityName":"845401","metric":{"type":"TOTAL","count":546,"amount":727997.0}},{"entityName":"801503","metric":{"type":"TOTAL","count":512,"amount":840650.0}},{"entityName":"812001","metric":{"type":"TOTAL","count":475,"amount":683399.0}},{"entityName":"848101","metric":{"type":"TOTAL","count":441,"amount":590155.0}},{"entityName":"842002","metric":{"type":"TOTAL","count":440,"amount":566498.0}},{"entityName":"844101","metric":{"type":"TOTAL","count":428,"amount":576915.0}},{"entityName":"842001","metric":{"type":"TOTAL","count":397,"amount":531057.0}}]},"responseTimestamp":1722517877287}