{"success":true,"code":"SUCCESS","data":{"states":null,"districts":[{"entityName":"patna","metric":{"type":"TOTAL","count":10836,"amount":1.4766457E7}},{"entityName":"muzaffarpur","metric":{"type":"TOTAL","count":2707,"amount":3612823.0}},{"entityName":"vaishali","metric":{"type":"TOTAL","count":1988,"amount":2661199.0}},{"entityName":"begusarai","metric":{"type":"TOTAL","count":1885,"amount":2296315.0}},{"entityName":"purbi champaran","metric":{"type":"TOTAL","count":1794,"amount":2325571.0}},{"entityName":"gaya","metric":{"type":"TOTAL","count":1750,"amount":2519779.0}},{"entityName":"bhagalpur","metric":{"type":"TOTAL","count":1672,"amount":2351538.0}},{"entityName":"samastipur","metric":{"type":"TOTAL","count":1598,"amount":2004913.0}},{"entityName":"saran","metric":{"type":"TOTAL","count":1597,"amount":2272074.0}},{"entityName":"darbhanga","metric":{"type":"TOTAL","count":1284,"amount":1775628.0}}],"pincodes":[{"entityName":"800001","metric":{"type":"TOTAL","count":1838,"amount":2276161.0}},{"entityName":"800020","metric":{"type":"TOTAL","count":948,"amount":1333497.0}},{"entityName":"823001","metric":{"type":"TOTAL","count":742,"amount":1061240.0}},{"entityName":"801503","metric":{"type":"TOTAL","count":682,"amount":1076611.0}},{"entityName":"845401","metric":{"type":"TOTAL","count":632,"amount":850620.0}},{"entityName":"800007","metric":{"type":"TOTAL","count":623,"amount":783955.0}},{"entityName":"800002","metric":{"type":"TOTAL","count":555,"amount":721038.0}},{"entityName":"800006","metric":{"type":"TOTAL","count":549,"amount":676131.0}},{"entityName":"800014","metric":{"type":"TOTAL","count":509,"amount":743931.0}},{"entityName":"812001","metric":{"type":"TOTAL","count":502,"amount":645444.0}}]},"responseTimestamp":1739974403388}