{"success":true,"code":"SUCCESS","data":{"states":null,"districts":[{"entityName":"patna","metric":{"type":"TOTAL","count":12285,"amount":1.7467167E7}},{"entityName":"muzaffarpur","metric":{"type":"TOTAL","count":3574,"amount":4618556.0}},{"entityName":"bhagalpur","metric":{"type":"TOTAL","count":2880,"amount":3502440.0}},{"entityName":"vaishali","metric":{"type":"TOTAL","count":2751,"amount":3366259.0}},{"entityName":"purbi champaran","metric":{"type":"TOTAL","count":2743,"amount":3484729.0}},{"entityName":"begusarai","metric":{"type":"TOTAL","count":2448,"amount":2967847.0}},{"entityName":"samastipur","metric":{"type":"TOTAL","count":2399,"amount":3064251.0}},{"entityName":"gaya","metric":{"type":"TOTAL","count":2142,"amount":2996672.0}},{"entityName":"saran","metric":{"type":"TOTAL","count":2101,"amount":2867354.0}},{"entityName":"madhubani","metric":{"type":"TOTAL","count":1964,"amount":2474980.0}}],"pincodes":[{"entityName":"800001","metric":{"type":"TOTAL","count":1839,"amount":2605774.0}},{"entityName":"800020","metric":{"type":"TOTAL","count":986,"amount":1291804.0}},{"entityName":"845401","metric":{"type":"TOTAL","count":888,"amount":1273061.0}},{"entityName":"823001","metric":{"type":"TOTAL","count":824,"amount":1223690.0}},{"entityName":"801503","metric":{"type":"TOTAL","count":783,"amount":1369198.0}},{"entityName":"812001","metric":{"type":"TOTAL","count":704,"amount":859855.0}},{"entityName":"800007","metric":{"type":"TOTAL","count":692,"amount":925914.0}},{"entityName":"800006","metric":{"type":"TOTAL","count":662,"amount":849642.0}},{"entityName":"854301","metric":{"type":"TOTAL","count":642,"amount":981777.0}},{"entityName":"800014","metric":{"type":"TOTAL","count":594,"amount":944825.0}}]},"responseTimestamp":1739974625607}