{"success":true,"code":"SUCCESS","data":{"states":null,"districts":[{"entityName":"gurugram","metric":{"type":"TOTAL","count":2571,"amount":438481.0}},{"entityName":"faridabad","metric":{"type":"TOTAL","count":1051,"amount":189308.0}},{"entityName":"rewari","metric":{"type":"TOTAL","count":343,"amount":69983.0}},{"entityName":"karnal","metric":{"type":"TOTAL","count":303,"amount":52030.0}},{"entityName":"panipat","metric":{"type":"TOTAL","count":297,"amount":53337.0}},{"entityName":"sonipat","metric":{"type":"TOTAL","count":210,"amount":43359.0}},{"entityName":"jhajjar","metric":{"type":"TOTAL","count":204,"amount":40299.0}},{"entityName":"ambala","metric":{"type":"TOTAL","count":191,"amount":43269.0}},{"entityName":"hisar","metric":{"type":"TOTAL","count":191,"amount":36813.0}},{"entityName":"palwal","metric":{"type":"TOTAL","count":130,"amount":28921.0}}],"pincodes":[{"entityName":"122001","metric":{"type":"TOTAL","count":575,"amount":93975.0}},{"entityName":"122006","metric":{"type":"TOTAL","count":314,"amount":51995.0}},{"entityName":"132001","metric":{"type":"TOTAL","count":253,"amount":42325.0}},{"entityName":"121004","metric":{"type":"TOTAL","count":241,"amount":43674.0}},{"entityName":"122002","metric":{"type":"TOTAL","count":224,"amount":35989.0}},{"entityName":"122003","metric":{"type":"TOTAL","count":207,"amount":32786.0}},{"entityName":"121003","metric":{"type":"TOTAL","count":205,"amount":36173.0}},{"entityName":"121001","metric":{"type":"TOTAL","count":196,"amount":35036.0}},{"entityName":"123401","metric":{"type":"TOTAL","count":155,"amount":30644.0}},{"entityName":"122017","metric":{"type":"TOTAL","count":142,"amount":24199.0}}]},"responseTimestamp":1692610809261}