{"success":true,"code":"SUCCESS","data":{"states":null,"districts":[{"entityName":"gurugram","metric":{"type":"TOTAL","count":1999,"amount":454846.0}},{"entityName":"faridabad","metric":{"type":"TOTAL","count":1144,"amount":297042.0}},{"entityName":"rewari","metric":{"type":"TOTAL","count":483,"amount":135250.0}},{"entityName":"hisar","metric":{"type":"TOTAL","count":361,"amount":114981.0}},{"entityName":"panipat","metric":{"type":"TOTAL","count":296,"amount":79561.0}},{"entityName":"sonipat","metric":{"type":"TOTAL","count":278,"amount":77076.0}},{"entityName":"palwal","metric":{"type":"TOTAL","count":258,"amount":65067.0}},{"entityName":"jhajjar","metric":{"type":"TOTAL","count":242,"amount":70683.0}},{"entityName":"mahendragarh","metric":{"type":"TOTAL","count":237,"amount":61501.0}},{"entityName":"karnal","metric":{"type":"TOTAL","count":232,"amount":63907.0}}],"pincodes":[{"entityName":"122001","metric":{"type":"TOTAL","count":361,"amount":74622.0}},{"entityName":"121003","metric":{"type":"TOTAL","count":259,"amount":66186.0}},{"entityName":"121004","metric":{"type":"TOTAL","count":219,"amount":56317.0}},{"entityName":"121001","metric":{"type":"TOTAL","count":210,"amount":57050.0}},{"entityName":"122006","metric":{"type":"TOTAL","count":199,"amount":47470.0}},{"entityName":"123401","metric":{"type":"TOTAL","count":182,"amount":54342.0}},{"entityName":"122002","metric":{"type":"TOTAL","count":176,"amount":33926.0}},{"entityName":"121102","metric":{"type":"TOTAL","count":158,"amount":39499.0}},{"entityName":"122051","metric":{"type":"TOTAL","count":148,"amount":31924.0}},{"entityName":"121002","metric":{"type":"TOTAL","count":147,"amount":48557.0}}]},"responseTimestamp":1692610860637}