{"success":true,"code":"SUCCESS","data":{"states":null,"districts":[{"entityName":"gurugram","metric":{"type":"TOTAL","count":2380,"amount":1626450.0}},{"entityName":"faridabad","metric":{"type":"TOTAL","count":1370,"amount":1022011.0}},{"entityName":"rewari","metric":{"type":"TOTAL","count":639,"amount":442173.0}},{"entityName":"jhajjar","metric":{"type":"TOTAL","count":393,"amount":324264.0}},{"entityName":"hisar","metric":{"type":"TOTAL","count":374,"amount":243421.0}},{"entityName":"sonipat","metric":{"type":"TOTAL","count":357,"amount":304138.0}},{"entityName":"palwal","metric":{"type":"TOTAL","count":295,"amount":205874.0}},{"entityName":"mahendragarh","metric":{"type":"TOTAL","count":271,"amount":184572.0}},{"entityName":"panipat","metric":{"type":"TOTAL","count":265,"amount":148352.0}},{"entityName":"bhiwani","metric":{"type":"TOTAL","count":257,"amount":204503.0}}],"pincodes":[{"entityName":"122001","metric":{"type":"TOTAL","count":460,"amount":270525.0}},{"entityName":"121003","metric":{"type":"TOTAL","count":314,"amount":242149.0}},{"entityName":"121001","metric":{"type":"TOTAL","count":275,"amount":203631.0}},{"entityName":"121004","metric":{"type":"TOTAL","count":272,"amount":190752.0}},{"entityName":"123401","metric":{"type":"TOTAL","count":252,"amount":193284.0}},{"entityName":"122006","metric":{"type":"TOTAL","count":243,"amount":164637.0}},{"entityName":"121005","metric":{"type":"TOTAL","count":206,"amount":143936.0}},{"entityName":"121102","metric":{"type":"TOTAL","count":181,"amount":127019.0}},{"entityName":"122002","metric":{"type":"TOTAL","count":169,"amount":119662.0}},{"entityName":"124507","metric":{"type":"TOTAL","count":167,"amount":114610.0}}]},"responseTimestamp":1692610913580}