{"success":true,"code":"SUCCESS","data":{"states":null,"districts":[{"entityName":"nicobars","metric":{"type":"TOTAL","count":3,"amount":565.0}},{"entityName":"south andaman","metric":{"type":"TOTAL","count":3,"amount":795.0}}],"pincodes":[{"entityName":"744301","metric":{"type":"TOTAL","count":3,"amount":565.0}},{"entityName":"744104","metric":{"type":"TOTAL","count":2,"amount":513.0}},{"entityName":"744101","metric":{"type":"TOTAL","count":1,"amount":282.0}}]},"responseTimestamp":1692610808830}