{"success":true,"code":"SUCCESS","data":{"states":null,"districts":[{"entityName":"south andaman","metric":{"type":"TOTAL","count":35,"amount":13651.0}},{"entityName":"nicobars","metric":{"type":"TOTAL","count":5,"amount":1448.0}},{"entityName":"north and middle andaman","metric":{"type":"TOTAL","count":1,"amount":281.0}}],"pincodes":[{"entityName":"744112","metric":{"type":"TOTAL","count":9,"amount":3432.0}},{"entityName":"744105","metric":{"type":"TOTAL","count":7,"amount":3948.0}},{"entityName":"744101","metric":{"type":"TOTAL","count":5,"amount":2194.0}},{"entityName":"744206","metric":{"type":"TOTAL","count":4,"amount":1620.0}},{"entityName":"744107","metric":{"type":"TOTAL","count":3,"amount":1095.0}},{"entityName":"744103","metric":{"type":"TOTAL","count":3,"amount":947.0}},{"entityName":"744302","metric":{"type":"TOTAL","count":3,"amount":562.0}},{"entityName":"744211","metric":{"type":"TOTAL","count":2,"amount":101.0}},{"entityName":"744301","metric":{"type":"TOTAL","count":2,"amount":886.0}},{"entityName":"744102","metric":{"type":"TOTAL","count":2,"amount":314.0}}]},"responseTimestamp":1692610860204}