{"success":true,"code":"SUCCESS","data":{"states":null,"districts":[{"entityName":"south andaman","metric":{"type":"TOTAL","count":109,"amount":137494.0}},{"entityName":"north and middle andaman","metric":{"type":"TOTAL","count":13,"amount":17734.0}},{"entityName":"nicobars","metric":{"type":"TOTAL","count":2,"amount":2747.0}}],"pincodes":[{"entityName":"744105","metric":{"type":"TOTAL","count":25,"amount":25659.0}},{"entityName":"744101","metric":{"type":"TOTAL","count":23,"amount":29686.0}},{"entityName":"744103","metric":{"type":"TOTAL","count":18,"amount":24904.0}},{"entityName":"744102","metric":{"type":"TOTAL","count":17,"amount":25073.0}},{"entityName":"744112","metric":{"type":"TOTAL","count":8,"amount":10459.0}},{"entityName":"744106","metric":{"type":"TOTAL","count":6,"amount":4840.0}},{"entityName":"744204","metric":{"type":"TOTAL","count":6,"amount":11659.0}},{"entityName":"744104","metric":{"type":"TOTAL","count":4,"amount":10271.0}},{"entityName":"744206","metric":{"type":"TOTAL","count":3,"amount":100.0}},{"entityName":"744205","metric":{"type":"TOTAL","count":3,"amount":5235.0}}]},"responseTimestamp":1692610913189}