{"success":true,"code":"SUCCESS","data":{"states":null,"districts":[{"entityName":"dimapur","metric":{"type":"TOTAL","count":204,"amount":445500.0}},{"entityName":"mokokchung","metric":{"type":"TOTAL","count":35,"amount":109339.0}},{"entityName":"kohima","metric":{"type":"TOTAL","count":30,"amount":46798.0}},{"entityName":"mon","metric":{"type":"TOTAL","count":15,"amount":23976.0}},{"entityName":"tuensang","metric":{"type":"TOTAL","count":13,"amount":34077.0}},{"entityName":"wokha","metric":{"type":"TOTAL","count":9,"amount":24638.0}},{"entityName":"phek","metric":{"type":"TOTAL","count":5,"amount":4309.0}},{"entityName":"peren","metric":{"type":"TOTAL","count":4,"amount":12378.0}},{"entityName":"longleng","metric":{"type":"TOTAL","count":2,"amount":1464.0}},{"entityName":"zunheboto","metric":{"type":"TOTAL","count":2,"amount":2293.0}}],"pincodes":[{"entityName":"797112","metric":{"type":"TOTAL","count":101,"amount":200782.0}},{"entityName":"797103","metric":{"type":"TOTAL","count":25,"amount":69683.0}},{"entityName":"797115","metric":{"type":"TOTAL","count":24,"amount":51971.0}},{"entityName":"798604","metric":{"type":"TOTAL","count":15,"amount":57446.0}},{"entityName":"797117","metric":{"type":"TOTAL","count":15,"amount":19503.0}},{"entityName":"797113","metric":{"type":"TOTAL","count":13,"amount":36393.0}},{"entityName":"797120","metric":{"type":"TOTAL","count":12,"amount":22039.0}},{"entityName":"797116","metric":{"type":"TOTAL","count":11,"amount":36834.0}},{"entityName":"797118","metric":{"type":"TOTAL","count":10,"amount":23112.0}},{"entityName":"797001","metric":{"type":"TOTAL","count":10,"amount":11836.0}}]},"responseTimestamp":1692619194946}