{"success":true,"code":"SUCCESS","data":{"states":null,"districts":[{"entityName":"dimapur","metric":{"type":"TOTAL","count":189,"amount":368751.0}},{"entityName":"kohima","metric":{"type":"TOTAL","count":22,"amount":69517.0}},{"entityName":"mokokchung","metric":{"type":"TOTAL","count":20,"amount":66019.0}},{"entityName":"mon","metric":{"type":"TOTAL","count":13,"amount":48562.0}},{"entityName":"peren","metric":{"type":"TOTAL","count":6,"amount":23417.0}},{"entityName":"zunheboto","metric":{"type":"TOTAL","count":5,"amount":15035.0}},{"entityName":"tuensang","metric":{"type":"TOTAL","count":5,"amount":22239.0}},{"entityName":"wokha","metric":{"type":"TOTAL","count":5,"amount":8157.0}},{"entityName":"phek","metric":{"type":"TOTAL","count":3,"amount":5930.0}},{"entityName":"longleng","metric":{"type":"TOTAL","count":1,"amount":1263.0}}],"pincodes":[{"entityName":"797112","metric":{"type":"TOTAL","count":94,"amount":169731.0}},{"entityName":"797115","metric":{"type":"TOTAL","count":23,"amount":61910.0}},{"entityName":"797116","metric":{"type":"TOTAL","count":22,"amount":36235.0}},{"entityName":"797117","metric":{"type":"TOTAL","count":21,"amount":29695.0}},{"entityName":"797103","metric":{"type":"TOTAL","count":13,"amount":39575.0}},{"entityName":"797113","metric":{"type":"TOTAL","count":12,"amount":24314.0}},{"entityName":"798601","metric":{"type":"TOTAL","count":8,"amount":24108.0}},{"entityName":"797120","metric":{"type":"TOTAL","count":7,"amount":31245.0}},{"entityName":"797004","metric":{"type":"TOTAL","count":6,"amount":5849.0}},{"entityName":"798618","metric":{"type":"TOTAL","count":6,"amount":15480.0}}]},"responseTimestamp":1692619376339}