{"success":true,"code":"SUCCESS","data":{"states":null,"districts":[{"entityName":"dimapur","metric":{"type":"TOTAL","count":179,"amount":396241.0}},{"entityName":"kohima","metric":{"type":"TOTAL","count":39,"amount":84219.0}},{"entityName":"mokokchung","metric":{"type":"TOTAL","count":15,"amount":60937.0}},{"entityName":"wokha","metric":{"type":"TOTAL","count":13,"amount":31834.0}},{"entityName":"tuensang","metric":{"type":"TOTAL","count":6,"amount":8088.0}},{"entityName":"mon","metric":{"type":"TOTAL","count":6,"amount":20067.0}},{"entityName":"phek","metric":{"type":"TOTAL","count":4,"amount":9530.0}},{"entityName":"peren","metric":{"type":"TOTAL","count":2,"amount":4275.0}},{"entityName":"zunheboto","metric":{"type":"TOTAL","count":2,"amount":3523.0}},{"entityName":"longleng","metric":{"type":"TOTAL","count":1,"amount":71.0}}],"pincodes":[{"entityName":"797112","metric":{"type":"TOTAL","count":101,"amount":187390.0}},{"entityName":"797115","metric":{"type":"TOTAL","count":23,"amount":56127.0}},{"entityName":"797117","metric":{"type":"TOTAL","count":15,"amount":19670.0}},{"entityName":"797103","metric":{"type":"TOTAL","count":14,"amount":28219.0}},{"entityName":"797120","metric":{"type":"TOTAL","count":13,"amount":21404.0}},{"entityName":"797116","metric":{"type":"TOTAL","count":11,"amount":30178.0}},{"entityName":"797001","metric":{"type":"TOTAL","count":11,"amount":43317.0}},{"entityName":"797111","metric":{"type":"TOTAL","count":8,"amount":20538.0}},{"entityName":"797113","metric":{"type":"TOTAL","count":7,"amount":46864.0}},{"entityName":"798612","metric":{"type":"TOTAL","count":6,"amount":8088.0}}]},"responseTimestamp":1697612222870}