{"success":true,"code":"SUCCESS","data":{"states":null,"districts":[{"entityName":"dimapur","metric":{"type":"TOTAL","count":221,"amount":486852.0}},{"entityName":"kohima","metric":{"type":"TOTAL","count":37,"amount":137578.0}},{"entityName":"mokokchung","metric":{"type":"TOTAL","count":20,"amount":73657.0}},{"entityName":"mon","metric":{"type":"TOTAL","count":18,"amount":57150.0}},{"entityName":"wokha","metric":{"type":"TOTAL","count":15,"amount":25038.0}},{"entityName":"tuensang","metric":{"type":"TOTAL","count":7,"amount":18554.0}},{"entityName":"peren","metric":{"type":"TOTAL","count":4,"amount":8375.0}},{"entityName":"zunheboto","metric":{"type":"TOTAL","count":4,"amount":12198.0}},{"entityName":"phek","metric":{"type":"TOTAL","count":3,"amount":1322.0}},{"entityName":"longleng","metric":{"type":"TOTAL","count":2,"amount":2249.0}}],"pincodes":[{"entityName":"797112","metric":{"type":"TOTAL","count":108,"amount":239324.0}},{"entityName":"797115","metric":{"type":"TOTAL","count":29,"amount":78744.0}},{"entityName":"797117","metric":{"type":"TOTAL","count":19,"amount":35209.0}},{"entityName":"797103","metric":{"type":"TOTAL","count":19,"amount":33289.0}},{"entityName":"797113","metric":{"type":"TOTAL","count":18,"amount":21372.0}},{"entityName":"797001","metric":{"type":"TOTAL","count":15,"amount":46701.0}},{"entityName":"797116","metric":{"type":"TOTAL","count":14,"amount":41354.0}},{"entityName":"798621","metric":{"type":"TOTAL","count":13,"amount":47783.0}},{"entityName":"797118","metric":{"type":"TOTAL","count":12,"amount":37438.0}},{"entityName":"797111","metric":{"type":"TOTAL","count":10,"amount":19237.0}}]},"responseTimestamp":1706092877053}