{"success":true,"code":"SUCCESS","data":{"states":[{"entityName":"maharashtra","metric":{"type":"TOTAL","count":39836,"amount":6879717.0}},{"entityName":"karnataka","metric":{"type":"TOTAL","count":27358,"amount":4794150.0}},{"entityName":"andhra pradesh","metric":{"type":"TOTAL","count":22104,"amount":3982391.0}},{"entityName":"telangana","metric":{"type":"TOTAL","count":19003,"amount":3419453.0}},{"entityName":"delhi","metric":{"type":"TOTAL","count":11716,"amount":1897480.0}},{"entityName":"uttar pradesh","metric":{"type":"TOTAL","count":9884,"amount":1912266.0}},{"entityName":"gujarat","metric":{"type":"TOTAL","count":7697,"amount":1430591.0}},{"entityName":"west bengal","metric":{"type":"TOTAL","count":7619,"amount":1432764.0}},{"entityName":"haryana","metric":{"type":"TOTAL","count":6321,"amount":1179814.0}},{"entityName":"madhya pradesh","metric":{"type":"TOTAL","count":6283,"amount":1198701.0}}],"districts":[{"entityName":"bengaluru urban","metric":{"type":"TOTAL","count":20040,"amount":3301769.0}},{"entityName":"pune","metric":{"type":"TOTAL","count":8699,"amount":1482628.0}},{"entityName":"thane","metric":{"type":"TOTAL","count":7559,"amount":1221018.0}},{"entityName":"mumbai suburban","metric":{"type":"TOTAL","count":5780,"amount":884439.0}},{"entityName":"hyderabad","metric":{"type":"TOTAL","count":4783,"amount":805518.0}},{"entityName":"rangareddy","metric":{"type":"TOTAL","count":4495,"amount":778492.0}},{"entityName":"medchal malkajgiri","metric":{"type":"TOTAL","count":4150,"amount":711890.0}},{"entityName":"visakhapatnam","metric":{"type":"TOTAL","count":3504,"amount":614212.0}},{"entityName":"aurangabad","metric":{"type":"TOTAL","count":2898,"amount":509460.0}},{"entityName":"anantapur","metric":{"type":"TOTAL","count":2739,"amount":485777.0}}],"pincodes":[{"entityName":"560068","metric":{"type":"TOTAL","count":1076,"amount":168415.0}},{"entityName":"560037","metric":{"type":"TOTAL","count":1034,"amount":155914.0}},{"entityName":"110059","metric":{"type":"TOTAL","count":895,"amount":132104.0}},{"entityName":"560076","metric":{"type":"TOTAL","count":802,"amount":124790.0}},{"entityName":"500072","metric":{"type":"TOTAL","count":760,"amount":122394.0}},{"entityName":"560078","metric":{"type":"TOTAL","count":742,"amount":119673.0}},{"entityName":"421201","metric":{"type":"TOTAL","count":668,"amount":104388.0}},{"entityName":"560100","metric":{"type":"TOTAL","count":651,"amount":103528.0}},{"entityName":"431003","metric":{"type":"TOTAL","count":651,"amount":107122.0}},{"entityName":"110092","metric":{"type":"TOTAL","count":638,"amount":94570.0}}]},"responseTimestamp":1692610793302}