{"success":true,"code":"SUCCESS","data":{"states":[{"entityName":"maharashtra","metric":{"type":"TOTAL","count":71662,"amount":1.9230156E7}},{"entityName":"karnataka","metric":{"type":"TOTAL","count":53701,"amount":1.2407394E7}},{"entityName":"andhra pradesh","metric":{"type":"TOTAL","count":49812,"amount":1.2426481E7}},{"entityName":"telangana","metric":{"type":"TOTAL","count":34395,"amount":8406543.0}},{"entityName":"uttar pradesh","metric":{"type":"TOTAL","count":18131,"amount":4436969.0}},{"entityName":"rajasthan","metric":{"type":"TOTAL","count":15235,"amount":3758527.0}},{"entityName":"madhya pradesh","metric":{"type":"TOTAL","count":14476,"amount":3496126.0}},{"entityName":"west bengal","metric":{"type":"TOTAL","count":12596,"amount":2878482.0}},{"entityName":"gujarat","metric":{"type":"TOTAL","count":12525,"amount":3335812.0}},{"entityName":"odisha","metric":{"type":"TOTAL","count":10955,"amount":2640191.0}}],"districts":[{"entityName":"bengaluru urban","metric":{"type":"TOTAL","count":32192,"amount":6940765.0}},{"entityName":"pune","metric":{"type":"TOTAL","count":18176,"amount":4567561.0}},{"entityName":"visakhapatnam","metric":{"type":"TOTAL","count":7906,"amount":1892376.0}},{"entityName":"thane","metric":{"type":"TOTAL","count":6951,"amount":1718946.0}},{"entityName":"rangareddy","metric":{"type":"TOTAL","count":6340,"amount":1509162.0}},{"entityName":"hyderabad","metric":{"type":"TOTAL","count":6331,"amount":1397580.0}},{"entityName":"medchal malkajgiri","metric":{"type":"TOTAL","count":5929,"amount":1415970.0}},{"entityName":"nashik","metric":{"type":"TOTAL","count":5564,"amount":1418697.0}},{"entityName":"spsr nellore","metric":{"type":"TOTAL","count":5509,"amount":1259159.0}},{"entityName":"krishna","metric":{"type":"TOTAL","count":4519,"amount":1093882.0}}],"pincodes":[{"entityName":"560068","metric":{"type":"TOTAL","count":1603,"amount":340876.0}},{"entityName":"560076","metric":{"type":"TOTAL","count":1148,"amount":250474.0}},{"entityName":"560078","metric":{"type":"TOTAL","count":1124,"amount":243443.0}},{"entityName":"500072","metric":{"type":"TOTAL","count":1103,"amount":243812.0}},{"entityName":"410501","metric":{"type":"TOTAL","count":1067,"amount":278535.0}},{"entityName":"345021","metric":{"type":"TOTAL","count":1003,"amount":203794.0}},{"entityName":"535003","metric":{"type":"TOTAL","count":968,"amount":195870.0}},{"entityName":"431003","metric":{"type":"TOTAL","count":926,"amount":209817.0}},{"entityName":"560037","metric":{"type":"TOTAL","count":923,"amount":202431.0}},{"entityName":"560079","metric":{"type":"TOTAL","count":904,"amount":183362.0}}]},"responseTimestamp":1692610844976}