{"success":true,"code":"SUCCESS","data":{"states":[{"entityName":"maharashtra","metric":{"type":"TOTAL","count":44798,"amount":2.7113814E7}},{"entityName":"karnataka","metric":{"type":"TOTAL","count":31747,"amount":2.6814968E7}},{"entityName":"andhra pradesh","metric":{"type":"TOTAL","count":21464,"amount":1.2985632E7}},{"entityName":"telangana","metric":{"type":"TOTAL","count":20961,"amount":1.1339099E7}},{"entityName":"uttar pradesh","metric":{"type":"TOTAL","count":17470,"amount":1.4180417E7}},{"entityName":"rajasthan","metric":{"type":"TOTAL","count":12509,"amount":6471573.0}},{"entityName":"madhya pradesh","metric":{"type":"TOTAL","count":10653,"amount":4897124.0}},{"entityName":"tamil nadu","metric":{"type":"TOTAL","count":10290,"amount":8993575.0}},{"entityName":"west bengal","metric":{"type":"TOTAL","count":10233,"amount":7510455.0}},{"entityName":"gujarat","metric":{"type":"TOTAL","count":9990,"amount":6055037.0}}],"districts":[{"entityName":"bengaluru urban","metric":{"type":"TOTAL","count":18485,"amount":1.5922383E7}},{"entityName":"pune","metric":{"type":"TOTAL","count":8211,"amount":4862704.0}},{"entityName":"thane","metric":{"type":"TOTAL","count":5939,"amount":4405413.0}},{"entityName":"mumbai suburban","metric":{"type":"TOTAL","count":4631,"amount":3301120.0}},{"entityName":"hyderabad","metric":{"type":"TOTAL","count":3682,"amount":1892565.0}},{"entityName":"rangareddy","metric":{"type":"TOTAL","count":3486,"amount":2124943.0}},{"entityName":"visakhapatnam","metric":{"type":"TOTAL","count":3464,"amount":2203761.0}},{"entityName":"jaipur","metric":{"type":"TOTAL","count":3318,"amount":1641429.0}},{"entityName":"medchal malkajgiri","metric":{"type":"TOTAL","count":3298,"amount":2034226.0}},{"entityName":"nashik","metric":{"type":"TOTAL","count":2903,"amount":1492155.0}}],"pincodes":[{"entityName":"560068","metric":{"type":"TOTAL","count":849,"amount":653177.0}},{"entityName":"421302","metric":{"type":"TOTAL","count":609,"amount":459248.0}},{"entityName":"560079","metric":{"type":"TOTAL","count":565,"amount":461758.0}},{"entityName":"500072","metric":{"type":"TOTAL","count":554,"amount":307425.0}},{"entityName":"560078","metric":{"type":"TOTAL","count":536,"amount":398681.0}},{"entityName":"560076","metric":{"type":"TOTAL","count":525,"amount":495928.0}},{"entityName":"560037","metric":{"type":"TOTAL","count":511,"amount":384244.0}},{"entityName":"201301","metric":{"type":"TOTAL","count":496,"amount":320628.0}},{"entityName":"560043","metric":{"type":"TOTAL","count":495,"amount":437875.0}},{"entityName":"421201","metric":{"type":"TOTAL","count":465,"amount":347630.0}}]},"responseTimestamp":1692610898023}