{"success":true,"code":"SUCCESS","data":{"states":null,"districts":[{"entityName":"jammu","metric":{"type":"TOTAL","count":330,"amount":366886.0}},{"entityName":"ganderbal","metric":{"type":"TOTAL","count":168,"amount":244079.0}},{"entityName":"kathua","metric":{"type":"TOTAL","count":74,"amount":114276.0}},{"entityName":"srinagar","metric":{"type":"TOTAL","count":53,"amount":89002.0}},{"entityName":"samba","metric":{"type":"TOTAL","count":53,"amount":70708.0}},{"entityName":"udhampur","metric":{"type":"TOTAL","count":49,"amount":58092.0}},{"entityName":"anantnag","metric":{"type":"TOTAL","count":46,"amount":90513.0}},{"entityName":"bandipore","metric":{"type":"TOTAL","count":45,"amount":117749.0}},{"entityName":"pulwama","metric":{"type":"TOTAL","count":38,"amount":51363.0}},{"entityName":"budgam","metric":{"type":"TOTAL","count":38,"amount":48723.0}}],"pincodes":[{"entityName":"193504","metric":{"type":"TOTAL","count":115,"amount":165665.0}},{"entityName":"193502","metric":{"type":"TOTAL","count":37,"amount":83621.0}},{"entityName":"191131","metric":{"type":"TOTAL","count":34,"amount":58884.0}},{"entityName":"182101","metric":{"type":"TOTAL","count":33,"amount":42354.0}},{"entityName":"180001","metric":{"type":"TOTAL","count":29,"amount":23792.0}},{"entityName":"180012","metric":{"type":"TOTAL","count":28,"amount":29620.0}},{"entityName":"180003","metric":{"type":"TOTAL","count":25,"amount":30808.0}},{"entityName":"181133","metric":{"type":"TOTAL","count":23,"amount":25946.0}},{"entityName":"180004","metric":{"type":"TOTAL","count":23,"amount":12241.0}},{"entityName":"181221","metric":{"type":"TOTAL","count":21,"amount":21608.0}}]},"responseTimestamp":1692610994080}