{"success":true,"code":"SUCCESS","data":{"states":null,"districts":[{"entityName":"jammu","metric":{"type":"TOTAL","count":371,"amount":621718.0}},{"entityName":"ganderbal","metric":{"type":"TOTAL","count":134,"amount":78764.0}},{"entityName":"kathua","metric":{"type":"TOTAL","count":85,"amount":144589.0}},{"entityName":"udhampur","metric":{"type":"TOTAL","count":71,"amount":114207.0}},{"entityName":"srinagar","metric":{"type":"TOTAL","count":70,"amount":92975.0}},{"entityName":"samba","metric":{"type":"TOTAL","count":65,"amount":100030.0}},{"entityName":"pulwama","metric":{"type":"TOTAL","count":42,"amount":82595.0}},{"entityName":"kupwara","metric":{"type":"TOTAL","count":42,"amount":75622.0}},{"entityName":"budgam","metric":{"type":"TOTAL","count":41,"amount":73783.0}},{"entityName":"rajouri","metric":{"type":"TOTAL","count":40,"amount":61758.0}}],"pincodes":[{"entityName":"193504","metric":{"type":"TOTAL","count":71,"amount":43177.0}},{"entityName":"191131","metric":{"type":"TOTAL","count":58,"amount":31278.0}},{"entityName":"182101","metric":{"type":"TOTAL","count":48,"amount":70574.0}},{"entityName":"180005","metric":{"type":"TOTAL","count":36,"amount":56346.0}},{"entityName":"180003","metric":{"type":"TOTAL","count":35,"amount":60156.0}},{"entityName":"180001","metric":{"type":"TOTAL","count":32,"amount":34001.0}},{"entityName":"180020","metric":{"type":"TOTAL","count":24,"amount":25257.0}},{"entityName":"181133","metric":{"type":"TOTAL","count":24,"amount":32605.0}},{"entityName":"193502","metric":{"type":"TOTAL","count":24,"amount":43759.0}},{"entityName":"184121","metric":{"type":"TOTAL","count":20,"amount":37833.0}}]},"responseTimestamp":1692611046383}