{"success":true,"code":"SUCCESS","data":{"states":null,"districts":[{"entityName":"jammu","metric":{"type":"TOTAL","count":475,"amount":624158.0}},{"entityName":"pulwama","metric":{"type":"TOTAL","count":118,"amount":86114.0}},{"entityName":"samba","metric":{"type":"TOTAL","count":98,"amount":168234.0}},{"entityName":"udhampur","metric":{"type":"TOTAL","count":94,"amount":170249.0}},{"entityName":"kathua","metric":{"type":"TOTAL","count":92,"amount":134313.0}},{"entityName":"budgam","metric":{"type":"TOTAL","count":84,"amount":115627.0}},{"entityName":"anantnag","metric":{"type":"TOTAL","count":79,"amount":135519.0}},{"entityName":"srinagar","metric":{"type":"TOTAL","count":74,"amount":147231.0}},{"entityName":"shopian","metric":{"type":"TOTAL","count":50,"amount":47443.0}},{"entityName":"rajouri","metric":{"type":"TOTAL","count":39,"amount":61196.0}}],"pincodes":[{"entityName":"192123","metric":{"type":"TOTAL","count":76,"amount":34214.0}},{"entityName":"182101","metric":{"type":"TOTAL","count":53,"amount":97719.0}},{"entityName":"181133","metric":{"type":"TOTAL","count":52,"amount":79663.0}},{"entityName":"192303","metric":{"type":"TOTAL","count":46,"amount":34809.0}},{"entityName":"180001","metric":{"type":"TOTAL","count":44,"amount":48440.0}},{"entityName":"180005","metric":{"type":"TOTAL","count":40,"amount":26879.0}},{"entityName":"191111","metric":{"type":"TOTAL","count":33,"amount":40738.0}},{"entityName":"180020","metric":{"type":"TOTAL","count":32,"amount":39153.0}},{"entityName":"180004","metric":{"type":"TOTAL","count":32,"amount":30852.0}},{"entityName":"180011","metric":{"type":"TOTAL","count":30,"amount":54268.0}}]},"responseTimestamp":1692611097880}