{"success":true,"code":"SUCCESS","data":{"states":null,"districts":[{"entityName":"jammu","metric":{"type":"TOTAL","count":918,"amount":1563386.0}},{"entityName":"budgam","metric":{"type":"TOTAL","count":628,"amount":483043.0}},{"entityName":"srinagar","metric":{"type":"TOTAL","count":193,"amount":460213.0}},{"entityName":"anantnag","metric":{"type":"TOTAL","count":155,"amount":414820.0}},{"entityName":"shopian","metric":{"type":"TOTAL","count":154,"amount":170478.0}},{"entityName":"kathua","metric":{"type":"TOTAL","count":151,"amount":264155.0}},{"entityName":"samba","metric":{"type":"TOTAL","count":150,"amount":298729.0}},{"entityName":"pulwama","metric":{"type":"TOTAL","count":115,"amount":214708.0}},{"entityName":"udhampur","metric":{"type":"TOTAL","count":108,"amount":174710.0}},{"entityName":"rajouri","metric":{"type":"TOTAL","count":81,"amount":171652.0}}],"pincodes":[{"entityName":"191111","metric":{"type":"TOTAL","count":515,"amount":260569.0}},{"entityName":"192303","metric":{"type":"TOTAL","count":129,"amount":111958.0}},{"entityName":"180001","metric":{"type":"TOTAL","count":83,"amount":105956.0}},{"entityName":"180004","metric":{"type":"TOTAL","count":67,"amount":94175.0}},{"entityName":"192301","metric":{"type":"TOTAL","count":64,"amount":90056.0}},{"entityName":"182101","metric":{"type":"TOTAL","count":62,"amount":99166.0}},{"entityName":"180003","metric":{"type":"TOTAL","count":55,"amount":79083.0}},{"entityName":"181133","metric":{"type":"TOTAL","count":51,"amount":90794.0}},{"entityName":"180012","metric":{"type":"TOTAL","count":50,"amount":55803.0}},{"entityName":"180020","metric":{"type":"TOTAL","count":49,"amount":59940.0}}]},"responseTimestamp":1692611149372}