{"success":true,"code":"SUCCESS","data":{"states":null,"districts":[{"entityName":"north goa","metric":{"type":"TOTAL","count":181,"amount":37838.0}},{"entityName":"south goa","metric":{"type":"TOTAL","count":160,"amount":33262.0}}],"pincodes":[{"entityName":"403601","metric":{"type":"TOTAL","count":22,"amount":4660.0}},{"entityName":"403521","metric":{"type":"TOTAL","count":17,"amount":3388.0}},{"entityName":"403602","metric":{"type":"TOTAL","count":16,"amount":2778.0}},{"entityName":"403006","metric":{"type":"TOTAL","count":16,"amount":3465.0}},{"entityName":"403507","metric":{"type":"TOTAL","count":15,"amount":2926.0}},{"entityName":"403004","metric":{"type":"TOTAL","count":13,"amount":2084.0}},{"entityName":"403001","metric":{"type":"TOTAL","count":13,"amount":2274.0}},{"entityName":"403802","metric":{"type":"TOTAL","count":13,"amount":2471.0}},{"entityName":"403706","metric":{"type":"TOTAL","count":12,"amount":2490.0}},{"entityName":"403722","metric":{"type":"TOTAL","count":12,"amount":2505.0}}]},"responseTimestamp":1692610837544}