{"success":true,"code":"SUCCESS","data":{"states":null,"districts":[{"entityName":"north goa","metric":{"type":"TOTAL","count":401,"amount":115163.0}},{"entityName":"south goa","metric":{"type":"TOTAL","count":282,"amount":81701.0}}],"pincodes":[{"entityName":"403722","metric":{"type":"TOTAL","count":59,"amount":15935.0}},{"entityName":"403401","metric":{"type":"TOTAL","count":51,"amount":14463.0}},{"entityName":"403001","metric":{"type":"TOTAL","count":40,"amount":10974.0}},{"entityName":"403507","metric":{"type":"TOTAL","count":39,"amount":9306.0}},{"entityName":"403601","metric":{"type":"TOTAL","count":39,"amount":11499.0}},{"entityName":"403521","metric":{"type":"TOTAL","count":30,"amount":6878.0}},{"entityName":"403602","metric":{"type":"TOTAL","count":26,"amount":7804.0}},{"entityName":"403802","metric":{"type":"TOTAL","count":22,"amount":7126.0}},{"entityName":"403710","metric":{"type":"TOTAL","count":22,"amount":7049.0}},{"entityName":"403515","metric":{"type":"TOTAL","count":18,"amount":4236.0}}]},"responseTimestamp":1692610890455}