{"success":true,"code":"SUCCESS","data":{"states":null,"districts":[{"entityName":"north goa","metric":{"type":"TOTAL","count":351,"amount":398099.0}},{"entityName":"south goa","metric":{"type":"TOTAL","count":263,"amount":284265.0}}],"pincodes":[{"entityName":"403722","metric":{"type":"TOTAL","count":42,"amount":34732.0}},{"entityName":"403001","metric":{"type":"TOTAL","count":35,"amount":39539.0}},{"entityName":"403802","metric":{"type":"TOTAL","count":34,"amount":22652.0}},{"entityName":"403601","metric":{"type":"TOTAL","count":32,"amount":35110.0}},{"entityName":"403401","metric":{"type":"TOTAL","count":31,"amount":40559.0}},{"entityName":"403507","metric":{"type":"TOTAL","count":26,"amount":36224.0}},{"entityName":"403516","metric":{"type":"TOTAL","count":21,"amount":20796.0}},{"entityName":"403509","metric":{"type":"TOTAL","count":21,"amount":24208.0}},{"entityName":"403521","metric":{"type":"TOTAL","count":16,"amount":10051.0}},{"entityName":"403505","metric":{"type":"TOTAL","count":14,"amount":16737.0}}]},"responseTimestamp":1692610942116}